id_lagosta;ano;mes;mes_nome;data_amostragem;sitio;sexo;comprimento_cefalotorax_mm;armadilha;substrato;temperatura_c;salinidade;oxigenio_dissolvido_mg_l;oxigenio_saturacao_pct;ph;profundidade_m;coordenadas;maturidade_reprodutiva
LN0001;2024;9;setembro;2024-09-28;DIAZ;M;45;1;In Kelp;10,8;14,602;8,93;92,6;7,79;;S26.64713, E15.08430;
LN0002;2024;9;setembro;2024-09-28;DIAZ;F;49;1;In Kelp;10,8;14,602;8,93;92,6;7,79;;S26.64713, E15.08430;
LN0003;2024;9;setembro;2024-09-28;DIAZ;M;46;1;In Kelp;10,8;14,602;8,93;92,6;7,79;;S26.64713, E15.08430;
LN0004;2024;9;setembro;2024-09-28;DIAZ;M;41;1;In Kelp;10,8;14,602;8,93;92,6;7,79;;S26.64713, E15.08430;
LN0005;2024;9;setembro;2024-09-28;DIAZ;F;45;1;In Kelp;10,8;14,602;8,93;92,6;7,79;;S26.64713, E15.08430;
LN0006;2024;9;setembro;2024-09-28;DIAZ;M;49;2;In Kelp;10,8;14,602;8,93;92,6;7,79;;S26.64713, E15.08430;
LN0007;2024;9;setembro;2024-09-28;DIAZ;M;49;2;In Kelp;10,8;14,602;8,93;92,6;7,79;;S26.64713, E15.08430;
LN0008;2024;9;setembro;2024-09-28;DIAZ;F;52;2;In Kelp;10,8;14,602;8,93;92,6;7,79;;S26.64713, E15.08430;
LN0009;2024;9;setembro;2024-09-28;DIAZ;F;44;2;In Kelp;10,8;14,602;8,93;92,6;7,79;;S26.64713, E15.08430;
LN0010;2024;9;setembro;2024-09-28;DIAZ;M;45;2;In Kelp;10,8;14,602;8,93;92,6;7,79;;S26.64713, E15.08430;
LN0011;2024;9;setembro;2024-09-28;DIAZ;F;40;2;In Kelp;10,8;14,602;8,93;92,6;7,79;;S26.64713, E15.08430;
LN0012;2024;9;setembro;2024-09-28;DIAZ;M;52;2;In Kelp;10,8;14,602;8,93;92,6;7,79;;S26.64713, E15.08430;
LN0013;2024;9;setembro;2024-09-28;DIAZ;M;44;2;In Kelp;10,8;14,602;8,93;92,6;7,79;;S26.64713, E15.08430;
LN0014;2024;9;setembro;2024-09-28;DIAZ;F;48;2;In Kelp;10,8;14,602;8,93;92,6;7,79;;S26.64713, E15.08430;
LN0015;2024;9;setembro;2024-09-28;DIAZ;M;52;2;In Kelp;10,8;14,602;8,93;92,6;7,79;;S26.64713, E15.08430;
LN0016;2024;9;setembro;2024-09-28;DIAZ;M;52;2;In Kelp;10,8;14,602;8,93;92,6;7,79;;S26.64713, E15.08430;
LN0017;2024;9;setembro;2024-09-28;DIAZ;M;51;2;In Kelp;10,8;14,602;8,93;92,6;7,79;;S26.64713, E15.08430;
LN0018;2024;9;setembro;2024-09-28;DIAZ;M;48;2;In Kelp;10,8;14,602;8,93;92,6;7,79;;S26.64713, E15.08430;
LN0019;2024;9;setembro;2024-09-28;DIAZ;F;52;2;In Kelp;10,8;14,602;8,93;92,6;7,79;;S26.64713, E15.08430;
LN0020;2024;9;setembro;2024-09-28;DIAZ;F;40;2;In Kelp;10,8;14,602;8,93;92,6;7,79;;S26.64713, E15.08430;
LN0021;2024;9;setembro;2024-09-28;DIAZ;M;49;2;In Kelp;10,8;14,602;8,93;92,6;7,79;;S26.64713, E15.08430;
LN0022;2024;9;setembro;2024-09-28;DIAZ;F;70;2;In Kelp;10,8;14,602;8,93;92,6;7,79;;S26.64713, E15.08430;Berrying
LN0023;2024;9;setembro;2024-09-28;DIAZ;M;47;2;In Kelp;10,8;14,602;8,93;92,6;7,79;;S26.64713, E15.08430;
LN0024;2024;9;setembro;2024-09-28;DIAZ;M;47;2;In Kelp;10,8;14,602;8,93;92,6;7,79;;S26.64713, E15.08430;
LN0025;2024;9;setembro;2024-09-28;DIAZ;M;45;2;In Kelp;10,8;14,602;8,93;92,6;7,79;;S26.64713, E15.08430;
LN0026;2024;9;setembro;2024-09-28;DIAZ;F;45;2;In Kelp;10,8;14,602;8,93;92,6;7,79;;S26.64713, E15.08430;
LN0027;2024;9;setembro;2024-09-28;DIAZ;M;57;2;In Kelp;10,8;14,602;8,93;92,6;7,79;;S26.64713, E15.08430;
LN0028;2024;9;setembro;2024-09-28;DIAZ;M;42;2;In Kelp;10,8;14,602;8,93;92,6;7,79;;S26.64713, E15.08430;
LN0029;2024;9;setembro;2024-09-28;DIAZ;M;43;2;In Kelp;10,8;14,602;8,93;92,6;7,79;;S26.64713, E15.08430;
LN0030;2024;9;setembro;2024-09-28;DIAZ;F;47;2;In Kelp;10,8;14,602;8,93;92,6;7,79;;S26.64713, E15.08430;
LN0031;2024;9;setembro;2024-09-28;DIAZ;M;50;2;In Kelp;10,8;14,602;8,93;92,6;7,79;;S26.64713, E15.08430;
LN0032;2024;9;setembro;2024-09-28;DIAZ;F;42;2;In Kelp;10,8;14,602;8,93;92,6;7,79;;S26.64713, E15.08430;
LN0033;2024;9;setembro;2024-09-28;DIAZ;F;48;2;In Kelp;10,8;14,602;8,93;92,6;7,79;;S26.64713, E15.08430;
LN0034;2024;9;setembro;2024-09-28;DIAZ;F;48;2;In Kelp;10,8;14,602;8,93;92,6;7,79;;S26.64713, E15.08430;
LN0035;2024;9;setembro;2024-09-28;DIAZ;M;53;2;In Kelp;10,8;14,602;8,93;92,6;7,79;;S26.64713, E15.08430;
LN0036;2024;9;setembro;2024-09-28;DIAZ;M;44;2;In Kelp;10,8;14,602;8,93;92,6;7,79;;S26.64713, E15.08430;
LN0037;2024;9;setembro;2024-09-28;DIAZ;F;42;2;In Kelp;10,8;14,602;8,93;92,6;7,79;;S26.64713, E15.08430;
LN0038;2024;9;setembro;2024-09-28;DIAZ;F;49;2;In Kelp;10,8;14,602;8,93;92,6;7,79;;S26.64713, E15.08430;
LN0039;2024;9;setembro;2024-09-28;DIAZ;M;46;2;In Kelp;10,8;14,602;8,93;92,6;7,79;;S26.64713, E15.08430;
LN0040;2024;9;setembro;2024-09-28;DIAZ;M;44;2;In Kelp;10,8;14,602;8,93;92,6;7,79;;S26.64713, E15.08430;
LN0041;2024;9;setembro;2024-09-28;DIAZ;M;51;2;In Kelp;10,8;14,602;8,93;92,6;7,79;;S26.64713, E15.08430;
LN0042;2024;9;setembro;2024-09-28;DIAZ;M;47;2;In Kelp;10,8;14,602;8,93;92,6;7,79;;S26.64713, E15.08430;
LN0043;2024;9;setembro;2024-09-28;DIAZ;F;39;2;In Kelp;10,8;14,602;8,93;92,6;7,79;;S26.64713, E15.08430;
LN0044;2024;9;setembro;2024-09-28;DIAZ;F;49;2;In Kelp;10,8;14,602;8,93;92,6;7,79;;S26.64713, E15.08430;
LN0045;2024;9;setembro;2024-09-28;DIAZ;F;45;2;In Kelp;10,8;14,602;8,93;92,6;7,79;;S26.64713, E15.08430;
LN0046;2024;9;setembro;2024-09-28;DIAZ;M;43;2;In Kelp;10,8;14,602;8,93;92,6;7,79;;S26.64713, E15.08430;
LN0047;2024;9;setembro;2024-09-28;DIAZ;M;43;2;In Kelp;10,8;14,602;8,93;92,6;7,79;;S26.64713, E15.08430;
LN0048;2024;9;setembro;2024-09-28;DIAZ;M;48;2;In Kelp;10,8;14,602;8,93;92,6;7,79;;S26.64713, E15.08430;
LN0049;2024;9;setembro;2024-09-28;DIAZ;F;48;2;In Kelp;10,8;14,602;8,93;92,6;7,79;;S26.64713, E15.08430;
LN0050;2024;9;setembro;2024-09-28;DIAZ;F;48;2;In Kelp;10,8;14,602;8,93;92,6;7,79;;S26.64713, E15.08430;
LN0051;2024;9;setembro;2024-09-28;DIAZ;M;44;2;In Kelp;10,8;14,602;8,93;92,6;7,79;;S26.64713, E15.08430;
LN0052;2024;9;setembro;2024-09-28;DIAZ;F;42;2;In Kelp;10,8;14,602;8,93;92,6;7,79;;S26.64713, E15.08430;
LN0053;2024;9;setembro;2024-09-28;DIAZ;M;43;2;In Kelp;10,8;14,602;8,93;92,6;7,79;;S26.64713, E15.08430;
LN0054;2024;9;setembro;2024-09-28;DIAZ;M;45;2;In Kelp;10,8;14,602;8,93;92,6;7,79;;S26.64713, E15.08430;
LN0055;2024;9;setembro;2024-09-28;DIAZ;M;46;5;In Kelp;10,8;14,602;8,93;92,6;7,79;;S26.64713, E15.08430;
LN0056;2024;9;setembro;2024-09-28;DIAZ;M;41;5;In Kelp;10,8;14,602;8,93;92,6;7,79;;S26.64713, E15.08430;
LN0057;2024;9;setembro;2024-09-28;DIAZ;M;42;5;In Kelp;10,8;14,602;8,93;92,6;7,79;;S26.64713, E15.08430;
LN0058;2024;9;setembro;2024-09-28;DIAZ;F;50;5;In Kelp;10,8;14,602;8,93;92,6;7,79;;S26.64713, E15.08430;
LN0059;2024;9;setembro;2024-09-28;DIAZ;M;46;5;In Kelp;10,8;14,602;8,93;92,6;7,79;;S26.64713, E15.08430;
LN0060;2024;9;setembro;2024-09-28;DIAZ;M;49;5;In Kelp;10,8;14,602;8,93;92,6;7,79;;S26.64713, E15.08430;
LN0061;2024;9;setembro;2024-09-28;DIAZ;F;39;5;In Kelp;10,8;14,602;8,93;92,6;7,79;;S26.64713, E15.08430;
LN0062;2024;9;setembro;2024-09-28;DIAZ;F;42;5;In Kelp;10,8;14,602;8,93;92,6;7,79;;S26.64713, E15.08430;
LN0063;2024;9;setembro;2024-09-28;DIAZ;M;46;5;In Kelp;10,8;14,602;8,93;92,6;7,79;;S26.64713, E15.08430;
LN0064;2024;9;setembro;2024-09-28;DIAZ;M;49;5;In Kelp;10,8;14,602;8,93;92,6;7,79;;S26.64713, E15.08430;
LN0065;2024;9;setembro;2024-09-28;DIAZ;M;43;5;In Kelp;10,8;14,602;8,93;92,6;7,79;;S26.64713, E15.08430;
LN0066;2024;9;setembro;2024-09-28;DIAZ;M;48;5;In Kelp;10,8;14,602;8,93;92,6;7,79;;S26.64713, E15.08430;
LN0067;2024;9;setembro;2024-09-28;DIAZ;M;45;5;In Kelp;10,8;14,602;8,93;92,6;7,79;;S26.64713, E15.08430;
LN0068;2024;9;setembro;2024-09-28;DIAZ;M;42;5;In Kelp;10,8;14,602;8,93;92,6;7,79;;S26.64713, E15.08430;
LN0069;2024;9;setembro;2024-09-28;DIAZ;M;37;5;In Kelp;10,8;14,602;8,93;92,6;7,79;;S26.64713, E15.08430;
LN0070;2024;9;setembro;2024-09-28;DIAZ;M;40;5;In Kelp;10,8;14,602;8,93;92,6;7,79;;S26.64713, E15.08430;
LN0071;2024;9;setembro;2024-09-28;DIAZ;M;37;5;In Kelp;10,8;14,602;8,93;92,6;7,79;;S26.64713, E15.08430;
LN0072;2024;9;setembro;2024-09-28;DIAZ;F;36;5;In Kelp;10,8;14,602;8,93;92,6;7,79;;S26.64713, E15.08430;
LN0073;2024;9;setembro;2024-09-28;DIAZ;M;43;5;In Kelp;10,8;14,602;8,93;92,6;7,79;;S26.64713, E15.08430;
LN0074;2024;9;setembro;2024-09-28;SWB;M;48;4;BB;11,29;14,595;9,28;96,4;7,86;;S 26.63380, E 15.09826;
LN0075;2024;9;setembro;2024-09-28;SWB;M;46;4;BB;11,29;14,595;9,28;96,4;7,86;;S 26.63380, E 15.09826;
LN0076;2024;9;setembro;2024-09-28;SWB;F;51;4;BB;11,29;14,595;9,28;96,4;7,86;;S 26.63380, E 15.09826;
LN0077;2024;9;setembro;2024-09-28;SWB;M;47;4;BB;11,29;14,595;9,28;96,4;7,86;;S 26.63380, E 15.09826;
LN0078;2024;9;setembro;2024-09-28;SWB;M;48;4;BB;11,29;14,595;9,28;96,4;7,86;;S 26.63380, E 15.09826;
LN0079;2024;9;setembro;2024-09-28;SWB;M;48;4;BB;11,29;14,595;9,28;96,4;7,86;;S 26.63380, E 15.09826;
LN0080;2024;9;setembro;2024-09-28;SWB;M;47;4;BB;11,29;14,595;9,28;96,4;7,86;;S 26.63380, E 15.09826;
LN0081;2024;9;setembro;2024-09-28;SWB;M;40;4;BB;11,29;14,595;9,28;96,4;7,86;;S 26.63380, E 15.09826;
LN0082;2024;9;setembro;2024-09-28;SWB;F;46;4;BB;11,29;14,595;9,28;96,4;7,86;;S 26.63380, E 15.09826;
LN0083;2024;9;setembro;2024-09-28;SWB;M;49;4;BB;11,29;14,595;9,28;96,4;7,86;;S 26.63380, E 15.09826;
LN0084;2024;9;setembro;2024-09-28;SWB;M;46;4;BB;11,29;14,595;9,28;96,4;7,86;;S 26.63380, E 15.09826;
LN0085;2024;9;setembro;2024-09-28;SWB;M;49;4;BB;11,29;14,595;9,28;96,4;7,86;;S 26.63380, E 15.09826;
LN0086;2024;9;setembro;2024-09-28;SWB;M;51;4;BB;11,29;14,595;9,28;96,4;7,86;;S 26.63380, E 15.09826;
LN0087;2024;9;setembro;2024-09-28;SWB;F;35;4;BB;11,29;14,595;9,28;96,4;7,86;;S 26.63380, E 15.09826;
LN0088;2024;9;setembro;2024-09-28;SWB;F;46;4;BB;11,29;14,595;9,28;96,4;7,86;;S 26.63380, E 15.09826;
LN0089;2024;9;setembro;2024-09-28;SWB;M;47;4;BB;11,29;14,595;9,28;96,4;7,86;;S 26.63380, E 15.09826;
LN0090;2024;9;setembro;2024-09-28;SWB;M;50;4;BB;11,29;14,595;9,28;96,4;7,86;;S 26.63380, E 15.09826;
LN0091;2024;9;setembro;2024-09-28;SWB;M;47;4;BB;11,29;14,595;9,28;96,4;7,86;;S 26.63380, E 15.09826;
LN0092;2024;9;setembro;2024-09-28;SWB;M;33;4;BB;11,29;14,595;9,28;96,4;7,86;;S 26.63380, E 15.09826;
LN0093;2024;9;setembro;2024-09-28;SWB;M;45;4;BB;11,29;14,595;9,28;96,4;7,86;;S 26.63380, E 15.09826;
LN0094;2024;9;setembro;2024-09-28;SWB;F;39;4;BB;11,29;14,595;9,28;96,4;7,86;;S 26.63380, E 15.09826;
LN0095;2024;9;setembro;2024-09-28;SWB;F;44;4;BB;11,29;14,595;9,28;96,4;7,86;;S 26.63380, E 15.09826;
LN0096;2024;9;setembro;2024-09-28;SWB;F;39;4;BB;11,29;14,595;9,28;96,4;7,86;;S 26.63380, E 15.09826;
LN0097;2024;9;setembro;2024-09-28;SWB;M;47;4;BB;11,29;14,595;9,28;96,4;7,86;;S 26.63380, E 15.09826;
LN0098;2024;9;setembro;2024-09-28;SWB;F;44;4;BB;11,29;14,595;9,28;96,4;7,86;;S 26.63380, E 15.09826;
LN0099;2024;9;setembro;2024-09-28;SWB;M;39;4;BB;11,29;14,595;9,28;96,4;7,86;;S 26.63380, E 15.09826;
LN0100;2024;9;setembro;2024-09-28;SWB;M;49;4;BB;11,29;14,595;9,28;96,4;7,86;;S 26.63380, E 15.09826;
LN0101;2024;9;setembro;2024-09-28;SWB;M;49;4;BB;11,29;14,595;9,28;96,4;7,86;;S 26.63380, E 15.09826;
LN0102;2024;9;setembro;2024-09-28;SWB;F;43;4;BB;11,29;14,595;9,28;96,4;7,86;;S 26.63380, E 15.09826;
LN0103;2024;9;setembro;2024-09-28;SWB;M;49;4;BB;11,29;14,595;9,28;96,4;7,86;;S 26.63380, E 15.09826;
LN0104;2024;9;setembro;2024-09-28;SWB;M;47;4;BB;11,29;14,595;9,28;96,4;7,86;;S 26.63380, E 15.09826;
LN0105;2024;9;setembro;2024-09-28;SWB;F;45;4;BB;11,29;14,595;9,28;96,4;7,86;;S 26.63380, E 15.09826;
LN0106;2024;9;setembro;2024-09-28;SWB;F;39;4;BB;11,29;14,595;9,28;96,4;7,86;;S 26.63380, E 15.09826;
LN0107;2024;9;setembro;2024-09-28;SWB;F;47;4;BB;11,29;14,595;9,28;96,4;7,86;;S 26.63380, E 15.09826;
LN0108;2024;9;setembro;2024-09-28;SWB;M;49;4;BB;11,29;14,595;9,28;96,4;7,86;;S 26.63380, E 15.09826;
LN0109;2024;9;setembro;2024-09-28;SWB;F;44;4;BB;11,29;14,595;9,28;96,4;7,86;;S 26.63380, E 15.09826;
LN0110;2024;9;setembro;2024-09-28;SWB;M;44;4;BB;11,29;14,595;9,28;96,4;7,86;;S 26.63380, E 15.09826;
LN0111;2024;9;setembro;2024-09-28;SWB;F;38;4;BB;11,29;14,595;9,28;96,4;7,86;;S 26.63380, E 15.09826;
LN0112;2024;9;setembro;2024-09-28;SWB;M;41;4;BB;11,29;14,595;9,28;96,4;7,86;;S 26.63380, E 15.09826;
LN0113;2024;9;setembro;2024-09-28;SWB;M;37;4;BB;11,29;14,595;9,28;96,4;7,86;;S 26.63380, E 15.09826;
LN0114;2024;9;setembro;2024-09-28;SWB;M;50;6;BB;11,29;14,595;9,28;96,4;7,86;;S 26.63788, E 15.09808;
LN0115;2024;9;setembro;2024-09-28;SWB;M;49;6;BB;11,29;14,595;9,28;96,4;7,86;;S 26.63788, E 15.09808;
LN0116;2024;9;setembro;2024-09-28;SWB;F;48;6;BB;11,29;14,595;9,28;96,4;7,86;;S 26.63788, E 15.09808;
LN0117;2024;9;setembro;2024-09-28;SWB;F;41;6;BB;11,29;14,595;9,28;96,4;7,86;;S 26.63788, E 15.09808;
LN0118;2024;9;setembro;2024-09-28;SWB;M;44;6;BB;11,29;14,595;9,28;96,4;7,86;;S 26.63788, E 15.09808;
LN0119;2024;9;setembro;2024-09-28;SWB;M;44;6;BB;11,29;14,595;9,28;96,4;7,86;;S 26.63788, E 15.09808;
LN0120;2024;9;setembro;2024-09-28;SWB;M;48;6;BB;11,29;14,595;9,28;96,4;7,86;;S 26.63788, E 15.09808;
LN0121;2024;9;setembro;2024-09-28;SWB;F;43;6;BB;11,29;14,595;9,28;96,4;7,86;;S 26.63788, E 15.09808;
LN0122;2024;9;setembro;2024-09-28;SWB;M;48;6;BB;11,29;14,595;9,28;96,4;7,86;;S 26.63788, E 15.09808;
LN0123;2024;9;setembro;2024-09-28;SWB;M;45;6;BB;11,29;14,595;9,28;96,4;7,86;;S 26.63788, E 15.09808;
LN0124;2024;9;setembro;2024-09-28;SWB;F;41;6;BB;11,29;14,595;9,28;96,4;7,86;;S 26.63788, E 15.09808;
LN0125;2024;9;setembro;2024-09-28;SWB;F;35;6;BB;11,29;14,595;9,28;96,4;7,86;;S 26.63788, E 15.09808;
LN0126;2024;9;setembro;2024-09-28;SWB;F;46;6;BB;11,29;14,595;9,28;96,4;7,86;;S 26.63788, E 15.09808;
LN0127;2024;9;setembro;2024-09-28;SWB;M;32;6;BB;11,29;14,595;9,28;96,4;7,86;;S 26.63788, E 15.09808;
LN0128;2024;9;setembro;2024-09-28;SWB;M;43;6;BB;11,29;14,595;9,28;96,4;7,86;;S 26.63788, E 15.09808;
LN0129;2024;9;setembro;2024-09-28;SWB;F;31;6;BB;11,29;14,595;9,28;96,4;7,86;;S 26.63788, E 15.09808;
LN0130;2024;9;setembro;2024-09-28;SWB;M;34;6;BB;11,29;14,595;9,28;96,4;7,86;;S 26.63788, E 15.09808;
LN0131;2024;9;setembro;2024-09-28;SWB;F;32;6;BB;11,29;14,595;9,28;96,4;7,86;;S 26.63788, E 15.09808;
LN0132;2024;9;setembro;2024-09-28;SWB;M;35;6;BB;11,29;14,595;9,28;96,4;7,86;;S 26.63788, E 15.09808;
LN0133;2024;9;setembro;2024-09-28;SWB;M;44;6;BB;11,29;14,595;9,28;96,4;7,86;;S 26.63788, E 15.09808;
LN0134;2024;9;setembro;2024-09-28;SWB;M;46;6;BB;11,29;14,595;9,28;96,4;7,86;;S 26.63788, E 15.09808;
LN0135;2024;9;setembro;2024-09-28;SWB;F;50;3;In Kelp;11,29;14,595;9,28;96,4;7,86;;S 26.63570, E 15.10324;
LN0136;2024;9;setembro;2024-09-28;SWB;M;42;3;In Kelp;11,29;14,595;9,28;96,4;7,86;;S 26.63570, E 15.10324;
LN0137;2024;9;setembro;2024-09-28;SWB;M;42;3;In Kelp;11,29;14,595;9,28;96,4;7,86;;S 26.63570, E 15.10324;
LN0138;2024;9;setembro;2024-09-28;SWB;M;39;3;In Kelp;11,29;14,595;9,28;96,4;7,86;;S 26.63570, E 15.10324;
LN0139;2024;9;setembro;2024-09-28;SWB;F;47;3;In Kelp;11,29;14,595;9,28;96,4;7,86;;S 26.63570, E 15.10324;
LN0140;2024;9;setembro;2024-09-28;SWB;F;45;3;In Kelp;11,29;14,595;9,28;96,4;7,86;;S 26.63570, E 15.10324;
LN0141;2024;9;setembro;2024-09-28;SWB;M;55;3;In Kelp;11,29;14,595;9,28;96,4;7,86;;S 26.63570, E 15.10324;
LN0142;2024;9;setembro;2024-09-28;SWB;M;54;3;In Kelp;11,29;14,595;9,28;96,4;7,86;;S 26.63570, E 15.10324;
LN0143;2024;9;setembro;2024-09-28;SWB;M;48;3;In Kelp;11,29;14,595;9,28;96,4;7,86;;S 26.63570, E 15.10324;
LN0144;2024;9;setembro;2024-09-28;SWB;F;47;3;In Kelp;11,29;14,595;9,28;96,4;7,86;;S 26.63570, E 15.10324;
LN0145;2024;9;setembro;2024-09-28;SWB;M;51;3;In Kelp;11,29;14,595;9,28;96,4;7,86;;S 26.63570, E 15.10324;
LN0146;2024;9;setembro;2024-09-28;SWB;F;45;3;In Kelp;11,29;14,595;9,28;96,4;7,86;;S 26.63570, E 15.10324;
LN0147;2024;9;setembro;2024-09-28;SWB;M;47;3;In Kelp;11,29;14,595;9,28;96,4;7,86;;S 26.63570, E 15.10324;
LN0148;2024;9;setembro;2024-09-28;SWB;F;50;3;In Kelp;11,29;14,595;9,28;96,4;7,86;;S 26.63570, E 15.10324;
LN0149;2024;9;setembro;2024-09-28;SWB;F;49;3;In Kelp;11,29;14,595;9,28;96,4;7,86;;S 26.63570, E 15.10324;
LN0150;2024;9;setembro;2024-09-28;SWB;M;50;3;In Kelp;11,29;14,595;9,28;96,4;7,86;;S 26.63570, E 15.10324;
LN0151;2024;9;setembro;2024-09-28;SWB;M;41;3;In Kelp;11,29;14,595;9,28;96,4;7,86;;S 26.63570, E 15.10324;
LN0152;2024;9;setembro;2024-09-28;SWB;F;34;3;In Kelp;11,29;14,595;9,28;96,4;7,86;;S 26.63570, E 15.10324;
LN0153;2024;9;setembro;2024-09-28;SWB;M;47;3;In Kelp;11,29;14,595;9,28;96,4;7,86;;S 26.63570, E 15.10324;
LN0154;2024;9;setembro;2024-09-28;SWB;M;46;3;In Kelp;11,29;14,595;9,28;96,4;7,86;;S 26.63570, E 15.10324;
LN0155;2024;9;setembro;2024-09-28;SWB;M;50;3;In Kelp;11,29;14,595;9,28;96,4;7,86;;S 26.63570, E 15.10324;
LN0156;2024;9;setembro;2024-09-28;SWB;F;42;3;In Kelp;11,29;14,595;9,28;96,4;7,86;;S 26.63570, E 15.10324;
LN0157;2024;9;setembro;2024-09-28;SWB;F;41;3;In Kelp;11,29;14,595;9,28;96,4;7,86;;S 26.63570, E 15.10324;
LN0158;2024;9;setembro;2024-09-28;SWB;M;46;3;In Kelp;11,29;14,595;9,28;96,4;7,86;;S 26.63570, E 15.10324;
LN0159;2024;9;setembro;2024-09-28;SWB;M;30;3;In Kelp;11,29;14,595;9,28;96,4;7,86;;S 26.63570, E 15.10324;
LN0160;2024;9;setembro;2024-09-28;SWB;M;38;3;In Kelp;11,29;14,595;9,28;96,4;7,86;;S 26.63570, E 15.10324;
LN0161;2024;9;setembro;2024-09-28;SWB;F;45;3;In Kelp;11,29;14,595;9,28;96,4;7,86;;S 26.63570, E 15.10324;
LN0162;2024;9;setembro;2024-09-28;SWB;M;33;3;In Kelp;11,29;14,595;9,28;96,4;7,86;;S 26.63570, E 15.10324;
LN0163;2024;9;setembro;2024-09-28;SWB;M;37;3;In Kelp;11,29;14,595;9,28;96,4;7,86;;S 26.63570, E 15.10324;
LN0164;2024;9;setembro;2024-09-28;SWB;F;34;3;In Kelp;11,29;14,595;9,28;96,4;7,86;;S 26.63570, E 15.10324;
LN0165;2024;9;setembro;2024-09-28;SWB;F;39;3;In Kelp;11,29;14,595;9,28;96,4;7,86;;S 26.63570, E 15.10324;
LN0166;2024;9;setembro;2024-09-28;SWB;F;37;3;In Kelp;11,29;14,595;9,28;96,4;7,86;;S 26.63570, E 15.10324;
LN0167;2024;9;setembro;2024-09-28;SWB;F;44;3;In Kelp;11,29;14,595;9,28;96,4;7,86;;S 26.63570, E 15.10324;
LN0168;2024;9;setembro;2024-09-28;SWB;M;46;3;In Kelp;11,29;14,595;9,28;96,4;7,86;;S 26.63570, E 15.10324;
LN0169;2024;9;setembro;2024-09-28;SWB;M;42;3;In Kelp;11,29;14,595;9,28;96,4;7,86;;S 26.63570, E 15.10324;
LN0170;2024;9;setembro;2024-09-28;SWB;F;41;3;In Kelp;11,29;14,595;9,28;96,4;7,86;;S 26.63570, E 15.10324;
LN0171;2024;9;setembro;2024-09-28;SWB;M;39;3;In Kelp;11,29;14,595;9,28;96,4;7,86;;S 26.63570, E 15.10324;
LN0172;2024;9;setembro;2024-09-28;SWB;M;34;3;In Kelp;11,29;14,595;9,28;96,4;7,86;;S 26.63570, E 15.10324;
LN0173;2024;9;setembro;2024-09-28;SWB;M;36;3;In Kelp;11,29;14,595;9,28;96,4;7,86;;S 26.63570, E 15.10324;
LN0174;2024;9;setembro;2024-09-28;SWB;M;34;3;In Kelp;11,29;14,595;9,28;96,4;7,86;;S 26.63570, E 15.10324;
LN0175;2024;9;setembro;2024-09-28;SWB;M;39;3;In Kelp;11,29;14,595;9,28;96,4;7,86;;S 26.63570, E 15.10324;
LN0176;2024;9;setembro;2024-09-28;SWB;M;39;3;In Kelp;11,29;14,595;9,28;96,4;7,86;;S 26.63570, E 15.10324;
LN0177;2024;9;setembro;2024-09-28;SWB;M;41;3;In Kelp;11,29;14,595;9,28;96,4;7,86;;S 26.63570, E 15.10324;
LN0178;2024;9;setembro;2024-09-28;SWB;F;46;3;In Kelp;11,29;14,595;9,28;96,4;7,86;;S 26.63570, E 15.10324;
LN0179;2024;9;setembro;2024-09-28;SWB;M;48;3;In Kelp;11,29;14,595;9,28;96,4;7,86;;S 26.63570, E 15.10324;
LN0180;2024;9;setembro;2024-09-28;SWB;F;38;3;In Kelp;11,29;14,595;9,28;96,4;7,86;;S 26.63570, E 15.10324;
LN0181;2024;9;setembro;2024-09-28;SWB;F;37;3;In Kelp;11,29;14,595;9,28;96,4;7,86;;S 26.63570, E 15.10324;
LN0182;2024;9;setembro;2024-09-28;SWB;F;40;3;In Kelp;11,29;14,595;9,28;96,4;7,86;;S 26.63570, E 15.10324;
LN0183;2024;9;setembro;2024-09-28;SWB;F;33;3;In Kelp;11,29;14,595;9,28;96,4;7,86;;S 26.63570, E 15.10324;
LN0184;2024;9;setembro;2024-09-28;SWB;M;44;3;In Kelp;11,29;14,595;9,28;96,4;7,86;;S 26.63570, E 15.10324;
LN0185;2024;9;setembro;2024-09-28;SWB;M;41;3;In Kelp;11,29;14,595;9,28;96,4;7,86;;S 26.63570, E 15.10324;
LN0186;2024;9;setembro;2024-09-28;SWB;M;36;3;In Kelp;11,29;14,595;9,28;96,4;7,86;;S 26.63570, E 15.10324;
LN0187;2024;9;setembro;2024-09-28;SWB;F;39;3;In Kelp;11,29;14,595;9,28;96,4;7,86;;S 26.63570, E 15.10324;
LN0188;2024;9;setembro;2024-09-28;SWB;F;44;3;In Kelp;11,29;14,595;9,28;96,4;7,86;;S 26.63570, E 15.10324;
LN0189;2024;9;setembro;2024-09-28;SWB;F;31;3;In Kelp;11,29;14,595;9,28;96,4;7,86;;S 26.63570, E 15.10324;
LN0190;2024;9;setembro;2024-09-28;SWB;F;44;3;In Kelp;11,29;14,595;9,28;96,4;7,86;;S 26.63570, E 15.10324;
LN0191;2024;9;setembro;2024-09-28;SWB;M;34;3;In Kelp;11,29;14,595;9,28;96,4;7,86;;S 26.63570, E 15.10324;
LN0192;2024;9;setembro;2024-09-28;SWB;M;37;3;In Kelp;11,29;14,595;9,28;96,4;7,86;;S 26.63570, E 15.10324;
LN0193;2024;9;setembro;2024-09-28;SWB;M;39;3;In Kelp;11,29;14,595;9,28;96,4;7,86;;S 26.63570, E 15.10324;
LN0194;2024;9;setembro;2024-09-28;SWB;F;35;3;In Kelp;11,29;14,595;9,28;96,4;7,86;;S 26.63570, E 15.10324;
LN0195;2024;9;setembro;2024-09-28;SWB;F;38;3;In Kelp;11,29;14,595;9,28;96,4;7,86;;S 26.63570, E 15.10324;
LN0196;2024;9;setembro;2024-09-28;SWB;M;36;3;In Kelp;11,29;14,595;9,28;96,4;7,86;;S 26.63570, E 15.10324;
LN0197;2024;9;setembro;2024-09-28;SWB;F;35;3;In Kelp;11,29;14,595;9,28;96,4;7,86;;S 26.63570, E 15.10324;
LN0198;2024;9;setembro;2024-09-28;SWB;M;40;3;In Kelp;11,29;14,595;9,28;96,4;7,86;;S 26.63570, E 15.10324;
LN0199;2024;9;setembro;2024-09-28;SWB;F;45;3;In Kelp;11,29;14,595;9,28;96,4;7,86;;S 26.63570, E 15.10324;
LN0200;2024;9;setembro;2024-09-28;SWB;F;47;3;In Kelp;11,29;14,595;9,28;96,4;7,86;;S 26.63570, E 15.10324;
LN0201;2024;9;setembro;2024-09-28;SWB;M;46;3;In Kelp;11,29;14,595;9,28;96,4;7,86;;S 26.63570, E 15.10324;
LN0202;2024;9;setembro;2024-09-28;SWB;M;35;3;In Kelp;11,29;14,595;9,28;96,4;7,86;;S 26.63570, E 15.10324;
LN0203;2024;9;setembro;2024-09-28;SWB;M;34;3;In Kelp;11,29;14,595;9,28;96,4;7,86;;S 26.63570, E 15.10324;
LN0204;2024;9;setembro;2024-09-28;SWB;F;37;3;In Kelp;11,29;14,595;9,28;96,4;7,86;;S 26.63570, E 15.10324;
LN0205;2024;9;setembro;2024-09-28;SWB;M;33;3;In Kelp;11,29;14,595;9,28;96,4;7,86;;S 26.63570, E 15.10324;
LN0206;2024;9;setembro;2024-09-28;SWB;M;32;3;In Kelp;11,29;14,595;9,28;96,4;7,86;;S 26.63570, E 15.10324;
LN0207;2024;9;setembro;2024-09-28;SWB;M;36;3;In Kelp;11,29;14,595;9,28;96,4;7,86;;S 26.63570, E 15.10324;
LN0208;2024;9;setembro;2024-09-28;SWB;M;37;3;In Kelp;11,29;14,595;9,28;96,4;7,86;;S 26.63570, E 15.10324;
LN0209;2024;9;setembro;2024-09-28;SWB;M;37;3;In Kelp;11,29;14,595;9,28;96,4;7,86;;S 26.63570, E 15.10324;
LN0210;2024;9;setembro;2024-09-28;SWB;M;33;3;In Kelp;11,29;14,595;9,28;96,4;7,86;;S 26.63570, E 15.10324;
LN0211;2024;9;setembro;2024-09-28;SWB;M;49;3;In Kelp;11,29;14,595;9,28;96,4;7,86;;S 26.63570, E 15.10324;
LN0212;2024;9;setembro;2024-09-28;SWB;F;34;3;In Kelp;11,29;14,595;9,28;96,4;7,86;;S 26.63570, E 15.10324;
LN0213;2024;9;setembro;2024-09-28;SWB;F;30;3;In Kelp;11,29;14,595;9,28;96,4;7,86;;S 26.63570, E 15.10324;
LN0214;2024;9;setembro;2024-09-28;SWB;F;31;3;In Kelp;11,29;14,595;9,28;96,4;7,86;;S 26.63570, E 15.10324;
LN0215;2024;9;setembro;2024-09-28;SWB;M;34;3;In Kelp;11,29;14,595;9,28;96,4;7,86;;S 26.63570, E 15.10324;
LN0216;2024;9;setembro;2024-09-28;SWB;F;36;3;In Kelp;11,29;14,595;9,28;96,4;7,86;;S 26.63570, E 15.10324;
LN0217;2024;9;setembro;2024-09-28;SWB;M;38;3;In Kelp;11,29;14,595;9,28;96,4;7,86;;S 26.63570, E 15.10324;
LN0218;2024;9;setembro;2024-09-28;SWB;F;36;3;In Kelp;11,29;14,595;9,28;96,4;7,86;;S 26.63570, E 15.10324;
LN0219;2024;9;setembro;2024-09-28;SWB;M;45;3;In Kelp;11,29;14,595;9,28;96,4;7,86;;S 26.63570, E 15.10324;
LN0220;2024;9;setembro;2024-09-28;SWB;F;32;3;In Kelp;11,29;14,595;9,28;96,4;7,86;;S 26.63570, E 15.10324;
LN0221;2024;9;setembro;2024-09-28;SWB;M;30;3;In Kelp;11,29;14,595;9,28;96,4;7,86;;S 26.63570, E 15.10324;
LN0222;2024;9;setembro;2024-09-28;SWB;F;40;3;In Kelp;11,29;14,595;9,28;96,4;7,86;;S 26.63570, E 15.10324;
LN0223;2024;9;setembro;2024-09-28;SWB;M;30;3;In Kelp;11,29;14,595;9,28;96,4;7,86;;S 26.63570, E 15.10324;
LN0224;2024;9;setembro;2024-09-28;SWB;F;33;3;In Kelp;11,29;14,595;9,28;96,4;7,86;;S 26.63570, E 15.10324;
LN0225;2024;9;setembro;2024-09-28;SWB;F;33;3;In Kelp;11,29;14,595;9,28;96,4;7,86;;S 26.63570, E 15.10324;
LN0226;2024;9;setembro;2024-09-28;SWB;F;28;3;In Kelp;11,29;14,595;9,28;96,4;7,86;;S 26.63570, E 15.10324;
LN0227;2024;9;setembro;2024-09-28;SWB;M;35;3;In Kelp;11,29;14,595;9,28;96,4;7,86;;S 26.63570, E 15.10324;
LN0228;2024;9;setembro;2024-09-28;SWB;M;31;3;In Kelp;11,29;14,595;9,28;96,4;7,86;;S 26.63570, E 15.10324;
LN0229;2024;9;setembro;2024-09-28;SWB;M;38;3;In Kelp;11,29;14,595;9,28;96,4;7,86;;S 26.63570, E 15.10324;
LN0230;2024;9;setembro;2024-09-28;SWB;F;34;3;In Kelp;11,29;14,595;9,28;96,4;7,86;;S 26.63570, E 15.10324;
LN0231;2024;9;setembro;2024-09-28;SWB;F;43;3;In Kelp;11,29;14,595;9,28;96,4;7,86;;S 26.63570, E 15.10324;
LN0232;2024;9;setembro;2024-09-28;SWB;M;33;3;In Kelp;11,29;14,595;9,28;96,4;7,86;;S 26.63570, E 15.10324;
LN0233;2024;9;setembro;2024-09-28;SWB;M;37;3;In Kelp;11,29;14,595;9,28;96,4;7,86;;S 26.63570, E 15.10324;
LN0234;2024;9;setembro;2024-09-28;SWB;M;37;3;In Kelp;11,29;14,595;9,28;96,4;7,86;;S 26.63570, E 15.10324;
LN0235;2024;9;setembro;2024-09-28;SWB;M;32;3;In Kelp;11,29;14,595;9,28;96,4;7,86;;S 26.63570, E 15.10324;
LN0236;2024;9;setembro;2024-09-28;SWB;M;34;3;In Kelp;11,29;14,595;9,28;96,4;7,86;;S 26.63570, E 15.10324;
LN0237;2024;9;setembro;2024-09-28;SWB;M;32;3;In Kelp;11,29;14,595;9,28;96,4;7,86;;S 26.63570, E 15.10324;
LN0238;2024;9;setembro;2024-09-28;SWB;F;28;3;In Kelp;11,29;14,595;9,28;96,4;7,86;;S 26.63570, E 15.10324;
LN0239;2024;9;setembro;2024-09-28;SWB;M;31;3;In Kelp;11,29;14,595;9,28;96,4;7,86;;S 26.63570, E 15.10324;
LN0240;2024;9;setembro;2024-09-28;SWB;M;32;3;In Kelp;11,29;14,595;9,28;96,4;7,86;;S 26.63570, E 15.10324;
LN0241;2024;10;outubro;2024-10-23;DIAZ;M;50;1;In kelp / rocky;12,44;32,55;5,99;68,7;8;;S 26.64713, E 15.0843;
LN0242;2024;10;outubro;2024-10-23;DIAZ;M;50;1;In kelp / rocky;12,44;32,55;5,99;68,7;8;;S 26.64713, E 15.0843;
LN0243;2024;10;outubro;2024-10-23;DIAZ;F;52;1;In kelp / rocky;12,44;32,55;5,99;68,7;8;;S 26.64713, E 15.0843;
LN0244;2024;10;outubro;2024-10-23;DIAZ;M;49;1;In kelp / rocky;12,44;32,55;5,99;68,7;8;;S 26.64713, E 15.0843;
LN0245;2024;10;outubro;2024-10-23;DIAZ;F;48;1;In kelp / rocky;12,44;32,55;5,99;68,7;8;;S 26.64713, E 15.0843;
LN0246;2024;10;outubro;2024-10-23;DIAZ;M;56;1;In kelp / rocky;12,44;32,55;5,99;68,7;8;;S 26.64713, E 15.0843;
LN0247;2024;10;outubro;2024-10-23;DIAZ;M;50;1;In kelp / rocky;12,44;32,55;5,99;68,7;8;;S 26.64713, E 15.0843;Row Labels
LN0248;2024;10;outubro;2024-10-23;DIAZ;M;56;1;In kelp / rocky;12,44;32,55;5,99;68,7;8;;S 26.64713, E 15.0843;F
LN0249;2024;10;outubro;2024-10-23;DIAZ;M;51;1;In kelp / rocky;12,44;32,55;5,99;68,7;8;;S 26.64713, E 15.0843;M
LN0250;2024;10;outubro;2024-10-23;DIAZ;F;56;5;In kelp / rocky;12,44;32,55;5,99;68,7;8;;S26.64708, E15.08719;Grand Total
LN0251;2024;10;outubro;2024-10-23;DIAZ;M;58;5;In kelp / rocky;12,44;32,55;5,99;68,7;8;;S26.64708, E15.08719;Sum
LN0252;2024;10;outubro;2024-10-23;DIAZ;M;54;5;In kelp / rocky;12,44;32,55;5,99;68,7;8;;S26.64708, E15.08719;Average
LN0253;2024;10;outubro;2024-10-23;DIAZ;F;53;5;In kelp / rocky;12,44;32,55;5,99;68,7;8;;S26.64708, E15.08719;
LN0254;2024;10;outubro;2024-10-23;DIAZ;M;49;5;In kelp / rocky;12,44;32,55;5,99;68,7;8;;S26.64708, E15.08719;
LN0255;2024;10;outubro;2024-10-23;DIAZ;M;53;5;In kelp / rocky;12,44;32,55;5,99;68,7;8;;S26.64708, E15.08719;
LN0256;2024;10;outubro;2024-10-23;DIAZ;F;53;5;In kelp / rocky;12,44;32,55;5,99;68,7;8;;S26.64708, E15.08719;
LN0257;2024;10;outubro;2024-10-23;DIAZ;F;56;5;In kelp / rocky;12,44;32,55;5,99;68,7;8;;S26.64708, E15.08719;
LN0258;2024;10;outubro;2024-10-23;DIAZ;F;47;5;In kelp / rocky;12,44;32,55;5,99;68,7;8;;S26.64708, E15.08719;
LN0259;2024;10;outubro;2024-10-23;DIAZ;M;57;5;In kelp / rocky;12,44;32,55;5,99;68,7;8;;S26.64708, E15.08719;
LN0260;2024;10;outubro;2024-10-23;DIAZ;M;56;3;In kelp / rocky;12,44;32,55;5,99;68,7;8;;S26.64561, E15.08510;
LN0261;2024;10;outubro;2024-10-23;DIAZ;M;48;3;In kelp / rocky;12,44;32,55;5,99;68,7;8;;S26.64561, E15.08510;
LN0262;2024;10;outubro;2024-10-23;DIAZ;F;47;3;In kelp / rocky;12,44;32,55;5,99;68,7;8;;S26.64561, E15.08510;
LN0263;2024;10;outubro;2024-10-23;DIAZ;M;50;3;In kelp / rocky;12,44;32,55;5,99;68,7;8;;S26.64561, E15.08510;
LN0264;2024;10;outubro;2024-10-23;DIAZ;M;47;3;In kelp / rocky;12,44;32,55;5,99;68,7;8;;S26.64561, E15.08510;
LN0265;2024;10;outubro;2024-10-23;DIAZ;F;48;3;In kelp / rocky;12,44;32,55;5,99;68,7;8;;S26.64561, E15.08510;
LN0266;2024;10;outubro;2024-10-23;DIAZ;M;49;3;In kelp / rocky;12,44;32,55;5,99;68,7;8;;S26.64561, E15.08510;
LN0267;2024;10;outubro;2024-10-23;DIAZ;F;53;3;In kelp / rocky;12,44;32,55;5,99;68,7;8;;S26.64561, E15.08510;
LN0268;2024;10;outubro;2024-10-23;DIAZ;M;55;3;In kelp / rocky;12,44;32,55;5,99;68,7;8;;S26.64561, E15.08510;
LN0269;2024;10;outubro;2024-10-23;DIAZ;M;48;3;In kelp / rocky;12,44;32,55;5,99;68,7;8;;S26.64561, E15.08510;
LN0270;2024;10;outubro;2024-10-23;DIAZ;M;54;3;In kelp / rocky;12,44;32,55;5,99;68,7;8;;S26.64561, E15.08510;
LN0271;2024;10;outubro;2024-10-23;DIAZ;M;48;3;In kelp / rocky;12,44;32,55;5,99;68,7;8;;S26.64561, E15.08510;
LN0272;2024;10;outubro;2024-10-23;DIAZ;M;47;3;In kelp / rocky;12,44;32,55;5,99;68,7;8;;S26.64561, E15.08510;
LN0273;2024;10;outubro;2024-10-23;DIAZ;F;65;3;In kelp / rocky;12,44;32,55;5,99;68,7;8;;S26.64561, E15.08510;
LN0274;2024;10;outubro;2024-10-23;DIAZ;F;69;3;In kelp / rocky;12,44;32,55;5,99;68,7;8;;S26.64561, E15.08510;
LN0275;2024;10;outubro;2024-10-23;DIAZ;M;75;3;In kelp / rocky;12,44;32,55;5,99;68,7;8;;S26.64561, E15.08510;
LN0276;2024;10;outubro;2024-10-23;DIAZ;M;78;3;In kelp / rocky;12,44;32,55;5,99;68,7;8;;S26.64561, E15.08510;
LN0277;2024;10;outubro;2024-10-23;DIAZ;M;73;3;In kelp / rocky;12,44;32,55;5,99;68,7;8;;S26.64561, E15.08510;
LN0278;2024;10;outubro;2024-10-23;DIAZ;M;67;3;In kelp / rocky;12,44;32,55;5,99;68,7;8;;S26.64561, E15.08510;
LN0279;2024;10;outubro;2024-10-23;DIAZ;M;93;3;In kelp / rocky;12,44;32,55;5,99;68,7;8;;S26.64561, E15.08510;
LN0280;2024;10;outubro;2024-10-23;SWB;F;37;6;Near kelp, BB, sandy;11,7;19,29;4,14;43;7,94;;S26.6370, E 15.10693;
LN0281;2024;10;outubro;2024-10-23;SWB;M;52;6;Near kelp, BB, sandy;11,7;19,29;4,14;43;7,94;;S26.6370, E 15.10693;
LN0282;2024;10;outubro;2024-10-23;SWB;F;33;6;Near kelp, BB, sandy;11,7;19,29;4,14;43;7,94;;S26.6370, E 15.10693;
LN0283;2024;10;outubro;2024-10-23;SWB;F;43;6;Near kelp, BB, sandy;11,7;19,29;4,14;43;7,94;;S26.6370, E 15.10693;
LN0284;2024;10;outubro;2024-10-23;SWB;F;41;6;Near kelp, BB, sandy;11,7;19,29;4,14;43;7,94;;S26.6370, E 15.10693;
LN0285;2024;10;outubro;2024-10-23;SWB;F;42;6;Near kelp, BB, sandy;11,7;19,29;4,14;43;7,94;;S26.6370, E 15.10693;
LN0286;2024;10;outubro;2024-10-23;SWB;F;46;6;Near kelp, BB, sandy;11,7;19,29;4,14;43;7,94;;S26.6370, E 15.10693;
LN0287;2024;10;outubro;2024-10-23;SWB;F;48;6;Near kelp, BB, sandy;11,7;19,29;4,14;43;7,94;;S26.6370, E 15.10693;
LN0288;2024;10;outubro;2024-10-23;SWB;M;43;6;Near kelp, BB, sandy;11,7;19,29;4,14;43;7,94;;S26.6370, E 15.10693;
LN0289;2024;10;outubro;2024-10-23;SWB;M;47;6;Near kelp, BB, sandy;11,7;19,29;4,14;43;7,94;;S26.6370, E 15.10693;Row Labels
LN0290;2024;10;outubro;2024-10-23;SWB;F;48;6;Near kelp, BB, sandy;11,7;19,29;4,14;43;7,94;;S26.6370, E 15.10693;F
LN0291;2024;10;outubro;2024-10-23;SWB;M;42;6;Near kelp, BB, sandy;11,7;19,29;4,14;43;7,94;;S26.6370, E 15.10693;M
LN0292;2024;10;outubro;2024-10-23;SWB;M;50;6;Near kelp, BB, sandy;11,7;19,29;4,14;43;7,94;;S26.6370, E 15.10693;Grand Total
LN0293;2024;10;outubro;2024-10-23;SWB;F;44;6;Near kelp, BB, sandy;11,7;19,29;4,14;43;7,94;;S26.6370, E 15.10693;
LN0294;2024;10;outubro;2024-10-23;SWB;F;37;6;Near kelp, BB, sandy;11,7;19,29;4,14;43;7,94;;S26.6370, E 15.10693;Sum
LN0295;2024;10;outubro;2024-10-23;SWB;M;48;6;Near kelp, BB, sandy;11,7;19,29;4,14;43;7,94;;S26.6370, E 15.10693;Average
LN0296;2024;10;outubro;2024-10-23;SWB;M;40;6;Near kelp, BB, sandy;11,7;19,29;4,14;43;7,94;;S26.6370, E 15.10693;
LN0297;2024;10;outubro;2024-10-23;SWB;M;40;6;Near kelp, BB, sandy;11,7;19,29;4,14;43;7,94;;S26.6370, E 15.10693;
LN0298;2024;10;outubro;2024-10-23;SWB;M;48;6;Near kelp, BB, sandy;11,7;19,29;4,14;43;7,94;;S26.6370, E 15.10693;
LN0299;2024;10;outubro;2024-10-23;SWB;F;36;6;Near kelp, BB, sandy;11,7;19,29;4,14;43;7,94;;S26.6370, E 15.10693;
LN0300;2024;10;outubro;2024-10-23;SWB;M;42;6;Near kelp, BB, sandy;11,7;19,29;4,14;43;7,94;;S26.6370, E 15.10693;
LN0301;2024;10;outubro;2024-10-23;SWB;M;43;6;Near kelp, BB, sandy;11,7;19,29;4,14;43;7,94;;S26.6370, E 15.10693;
LN0302;2024;10;outubro;2024-10-23;SWB;M;38;6;Near kelp, BB, sandy;11,7;19,29;4,14;43;7,94;;S26.6370, E 15.10693;
LN0303;2024;10;outubro;2024-10-23;SWB;M;40;6;Near kelp, BB, sandy;11,7;19,29;4,14;43;7,94;;S26.6370, E 15.10693;
LN0304;2024;10;outubro;2024-10-23;SWB;F;45;6;Near kelp, BB, sandy;11,7;19,29;4,14;43;7,94;;S26.6370, E 15.10693;
LN0305;2024;10;outubro;2024-10-23;SWB;F;44;6;Near kelp, BB, sandy;11,7;19,29;4,14;43;7,94;;S26.6370, E 15.10693;
LN0306;2024;10;outubro;2024-10-23;SWB;F;46;6;Near kelp, BB, sandy;11,7;19,29;4,14;43;7,94;;S26.6370, E 15.10693;
LN0307;2024;10;outubro;2024-10-23;SWB;F;37;6;Near kelp, BB, sandy;11,7;19,29;4,14;43;7,94;;S26.6370, E 15.10693;
LN0308;2024;10;outubro;2024-10-23;SWB;M;44;6;Near kelp, BB, sandy;11,7;19,29;4,14;43;7,94;;S26.6370, E 15.10693;
LN0309;2024;10;outubro;2024-10-23;SWB;F;46;6;Near kelp, BB, sandy;11,7;19,29;4,14;43;7,94;;S26.6370, E 15.10693;
LN0310;2024;10;outubro;2024-10-23;SWB;F;37;6;Near kelp, BB, sandy;11,7;19,29;4,14;43;7,94;;S26.6370, E 15.10693;
LN0311;2024;10;outubro;2024-10-23;SWB;F;41;6;Near kelp, BB, sandy;11,7;19,29;4,14;43;7,94;;S26.6370, E 15.10693;
LN0312;2024;10;outubro;2024-10-23;SWB;M;40;6;Near kelp, BB, sandy;11,7;19,29;4,14;43;7,94;;S26.6370, E 15.10693;
LN0313;2024;10;outubro;2024-10-23;SWB;M;49;6;Near kelp, BB, sandy;11,7;19,29;4,14;43;7,94;;S26.6370, E 15.10693;
LN0314;2024;10;outubro;2024-10-23;SWB;F;45;6;Near kelp, BB, sandy;11,7;19,29;4,14;43;7,94;;S26.6370, E 15.10693;
LN0315;2024;10;outubro;2024-10-23;SWB;F;42;6;Near kelp, BB, sandy;11,7;19,29;4,14;43;7,94;;S26.6370, E 15.10693;
LN0316;2024;10;outubro;2024-10-23;SWB;F;38;6;Near kelp, BB, sandy;11,7;19,29;4,14;43;7,94;;S26.6370, E 15.10693;
LN0317;2024;10;outubro;2024-10-23;SWB;F;37;6;Near kelp, BB, sandy;11,7;19,29;4,14;43;7,94;;S26.6370, E 15.10693;
LN0318;2024;10;outubro;2024-10-23;SWB;M;34;6;Near kelp, BB, sandy;11,7;19,29;4,14;43;7,94;;S26.6370, E 15.10693;
LN0319;2024;10;outubro;2024-10-23;SWB;F;31;2;Near kelp, BB, sandy;11,7;19,29;4,14;43;7,94;;S26.6370, E 15.10693;
LN0320;2024;10;outubro;2024-10-23;SWB;M;33;2;Near kelp, BB, sandy;11,7;19,29;4,14;43;7,94;;S26.6370, E 15.10693;
LN0321;2024;10;outubro;2024-10-23;SWB;F;38;2;Near kelp, BB, sandy;11,7;19,29;4,14;43;7,94;;S26.6370, E 15.10693;
LN0322;2024;10;outubro;2024-10-23;SWB;F;40;2;Near kelp, BB, sandy;11,7;19,29;4,14;43;7,94;;S26.6370, E 15.10693;
LN0323;2024;10;outubro;2024-10-23;SWB;M;37;2;Near kelp, BB, sandy;11,7;19,29;4,14;43;7,94;;S26.6370, E 15.10693;
LN0324;2024;10;outubro;2024-10-23;SWB;F;41;2;Near kelp, BB, sandy;11,7;19,29;4,14;43;7,94;;S26.6370, E 15.10693;
LN0325;2024;10;outubro;2024-10-23;SWB;F;41;2;Near kelp, BB, sandy;11,7;19,29;4,14;43;7,94;;S26.6370, E 15.10693;
LN0326;2024;10;outubro;2024-10-23;SWB;F;38;2;Near kelp, BB, sandy;11,7;19,29;4,14;43;7,94;;S26.6370, E 15.10693;
LN0327;2024;10;outubro;2024-10-23;SWB;F;35;2;Near kelp, BB, sandy;11,7;19,29;4,14;43;7,94;;S26.6370, E 15.10693;
LN0328;2024;10;outubro;2024-10-23;SWB;F;39;2;Near kelp, BB, sandy;11,7;19,29;4,14;43;7,94;;S26.6370, E 15.10693;
LN0329;2024;10;outubro;2024-10-23;SWB;F;43;2;Near kelp, BB, sandy;11,7;19,29;4,14;43;7,94;;S26.6370, E 15.10693;
LN0330;2024;10;outubro;2024-10-23;SWB;F;39;2;Near kelp, BB, sandy;11,7;19,29;4,14;43;7,94;;S26.6370, E 15.10693;
LN0331;2024;10;outubro;2024-10-23;SWB;F;36;2;Near kelp, BB, sandy;11,7;19,29;4,14;43;7,94;;S26.6370, E 15.10693;
LN0332;2024;10;outubro;2024-10-23;SWB;F;31;2;Near kelp, BB, sandy;11,7;19,29;4,14;43;7,94;;S26.6370, E 15.10693;
LN0333;2024;10;outubro;2024-10-23;SWB;M;48;2;Near kelp, BB, sandy;11,7;19,29;4,14;43;7,94;;S26.6370, E 15.10693;
LN0334;2024;10;outubro;2024-10-23;SWB;F;37;2;Near kelp, BB, sandy;11,7;19,29;4,14;43;7,94;;S26.6370, E 15.10693;
LN0335;2024;10;outubro;2024-10-23;SWB;F;31;2;Near kelp, BB, sandy;11,7;19,29;4,14;43;7,94;;S26.6370, E 15.10693;
LN0336;2024;10;outubro;2024-10-23;SWB;F;32;2;Near kelp, BB, sandy;11,7;19,29;4,14;43;7,94;;S26.6370, E 15.10693;
LN0337;2024;10;outubro;2024-10-23;SWB;F;45;2;Near kelp, BB, sandy;11,7;19,29;4,14;43;7,94;;S26.6370, E 15.10693;
LN0338;2024;10;outubro;2024-10-23;SWB;F;40;2;Near kelp, BB, sandy;11,7;19,29;4,14;43;7,94;;S26.6370, E 15.10693;
LN0339;2024;10;outubro;2024-10-23;SWB;M;40;2;Near kelp, BB, sandy;11,7;19,29;4,14;43;7,94;;S26.6370, E 15.10693;
LN0340;2024;10;outubro;2024-10-23;SWB;M;37;2;Near kelp, BB, sandy;11,7;19,29;4,14;43;7,94;;S26.6370, E 15.10693;
LN0341;2024;10;outubro;2024-10-23;SWB;F;48;2;Near kelp, BB, sandy;11,7;19,29;4,14;43;7,94;;S26.6370, E 15.10693;
LN0342;2024;10;outubro;2024-10-23;SWB;F;39;2;Near kelp, BB, sandy;11,7;19,29;4,14;43;7,94;;S26.6370, E 15.10693;
LN0343;2024;10;outubro;2024-10-23;SWB;F;39;2;Near kelp, BB, sandy;11,7;19,29;4,14;43;7,94;;S26.6370, E 15.10693;
LN0344;2024;10;outubro;2024-10-23;SWB;M;40;2;Near kelp, BB, sandy;11,7;19,29;4,14;43;7,94;;S26.6370, E 15.10693;
LN0345;2024;10;outubro;2024-10-23;SWB;M;34;2;Near kelp, BB, sandy;11,7;19,29;4,14;43;7,94;;S26.6370, E 15.10693;
LN0346;2024;10;outubro;2024-10-23;SWB;F;52;2;Near kelp, BB, sandy;11,7;19,29;4,14;43;7,94;;S26.6370, E 15.10693;
LN0347;2024;10;outubro;2024-10-23;SWB;M;36;2;Near kelp, BB, sandy;11,7;19,29;4,14;43;7,94;;S26.6370, E 15.10693;
LN0348;2024;10;outubro;2024-10-23;SWB;M;42;2;Near kelp, BB, sandy;11,7;19,29;4,14;43;7,94;;S26.6370, E 15.10693;
LN0349;2024;10;outubro;2024-10-23;SWB;F;37;2;Near kelp, BB, sandy;11,7;19,29;4,14;43;7,94;;S26.6370, E 15.10693;
LN0350;2024;10;outubro;2024-10-23;SWB;F;40;2;Near kelp, BB, sandy;11,7;19,29;4,14;43;7,94;;S26.6370, E 15.10693;
LN0351;2024;10;outubro;2024-10-23;SWB;M;46;2;Near kelp, BB, sandy;11,7;19,29;4,14;43;7,94;;S26.6370, E 15.10693;
LN0352;2024;10;outubro;2024-10-23;SWB;M;41;2;Near kelp, BB, sandy;11,7;19,29;4,14;43;7,94;;S26.6370, E 15.10693;
LN0353;2024;10;outubro;2024-10-23;SWB;F;35;2;Near kelp, BB, sandy;11,7;19,29;4,14;43;7,94;;S26.6370, E 15.10693;
LN0354;2024;10;outubro;2024-10-23;SWB;F;35;2;Near kelp, BB, sandy;11,7;19,29;4,14;43;7,94;;S26.6370, E 15.10693;
LN0355;2024;10;outubro;2024-10-23;SWB;F;33;2;Near kelp, BB, sandy;11,7;19,29;4,14;43;7,94;;S26.6370, E 15.10693;
LN0356;2024;10;outubro;2024-10-23;SWB;M;41;2;Near kelp, BB, sandy;11,7;19,29;4,14;43;7,94;;S26.6370, E 15.10693;
LN0357;2024;10;outubro;2024-10-23;SWB;F;32;2;Near kelp, BB, sandy;11,7;19,29;4,14;43;7,94;;S26.6370, E 15.10693;
LN0358;2024;10;outubro;2024-10-23;SWB;F;34;2;Near kelp, BB, sandy;11,7;19,29;4,14;43;7,94;;S26.6370, E 15.10693;
LN0359;2024;10;outubro;2024-10-23;SWB;F;40;2;Near kelp, BB, sandy;11,7;19,29;4,14;43;7,94;;S26.6370, E 15.10693;
LN0360;2024;10;outubro;2024-10-23;SWB;M;39;2;Near kelp, BB, sandy;11,7;19,29;4,14;43;7,94;;S26.6370, E 15.10693;
LN0361;2024;10;outubro;2024-10-23;SWB;M;39;2;Near kelp, BB, sandy;11,7;19,29;4,14;43;7,94;;S26.6370, E 15.10693;
LN0362;2024;10;outubro;2024-10-23;SWB;F;36;2;Near kelp, BB, sandy;11,7;19,29;4,14;43;7,94;;S26.6370, E 15.10693;
LN0363;2024;10;outubro;2024-10-23;SWB;F;33;2;Near kelp, BB, sandy;11,7;19,29;4,14;43;7,94;;S26.6370, E 15.10693;
LN0364;2024;10;outubro;2024-10-23;SWB;M;54;2;Near kelp, BB, sandy;11,7;19,29;4,14;43;7,94;;S26.6370, E 15.10693;
LN0365;2024;10;outubro;2024-10-23;SWB;M;38;2;Near kelp, BB, sandy;11,7;19,29;4,14;43;7,94;;S26.6370, E 15.10693;
LN0366;2024;10;outubro;2024-10-23;SWB;M;42;2;Near kelp, BB, sandy;11,7;19,29;4,14;43;7,94;;S26.6370, E 15.10693;
LN0367;2024;10;outubro;2024-10-23;SWB;M;42;2;Near kelp, BB, sandy;11,7;19,29;4,14;43;7,94;;S26.6370, E 15.10693;
LN0368;2024;10;outubro;2024-10-23;SWB;F;38;2;Near kelp, BB, sandy;11,7;19,29;4,14;43;7,94;;S26.6370, E 15.10693;
LN0369;2024;10;outubro;2024-10-23;SWB;F;39;2;Near kelp, BB, sandy;11,7;19,29;4,14;43;7,94;;S26.6370, E 15.10693;
LN0370;2024;10;outubro;2024-10-23;SWB;F;35;2;Near kelp, BB, sandy;11,7;19,29;4,14;43;7,94;;S26.6370, E 15.10693;
LN0371;2024;10;outubro;2024-10-23;SWB;F;33;2;Near kelp, BB, sandy;11,7;19,29;4,14;43;7,94;;S26.6370, E 15.10693;
LN0372;2024;10;outubro;2024-10-23;SWB;F;29;2;Near kelp, BB, sandy;11,7;19,29;4,14;43;7,94;;S26.6370, E 15.10693;
LN0373;2024;10;outubro;2024-10-23;SWB;F;39;2;Near kelp, BB, sandy;11,7;19,29;4,14;43;7,94;;S26.6370, E 15.10693;
LN0374;2024;10;outubro;2024-10-23;SWB;F;47;2;Near kelp, BB, sandy;11,7;19,29;4,14;43;7,94;;S26.6370, E 15.10693;
LN0375;2024;10;outubro;2024-10-23;SWB;M;36;2;Near kelp, BB, sandy;11,7;19,29;4,14;43;7,94;;S26.6370, E 15.10693;
LN0376;2024;10;outubro;2024-10-23;SWB;M;44;2;Near kelp, BB, sandy;11,7;19,29;4,14;43;7,94;;S26.6370, E 15.10693;
LN0377;2024;10;outubro;2024-10-23;SWB;F;34;2;Near kelp, BB, sandy;11,7;19,29;4,14;43;7,94;;S26.6370, E 15.10693;
LN0378;2024;10;outubro;2024-10-23;SWB;M;36;2;Near kelp, BB, sandy;11,7;19,29;4,14;43;7,94;;S26.6370, E 15.10693;
LN0379;2024;10;outubro;2024-10-23;SWB;M;52;2;Near kelp, BB, sandy;11,7;19,29;4,14;43;7,94;;S26.6370, E 15.10693;
LN0380;2024;10;outubro;2024-10-23;SWB;M;44;2;Near kelp, BB, sandy;11,7;19,29;4,14;43;7,94;;S26.6370, E 15.10693;
LN0381;2024;10;outubro;2024-10-23;SWB;F;48;2;Near kelp, BB, sandy;11,7;19,29;4,14;43;7,94;;S26.6370, E 15.10693;
LN0382;2024;10;outubro;2024-10-23;SWB;M;44;2;Near kelp, BB, sandy;11,7;19,29;4,14;43;7,94;;S26.6370, E 15.10693;
LN0383;2024;10;outubro;2024-10-23;SWB;M;43;2;Near kelp, BB, sandy;11,7;19,29;4,14;43;7,94;;S26.6370, E 15.10693;
LN0384;2024;10;outubro;2024-10-23;SWB;F;46;2;Near kelp, BB, sandy;11,7;19,29;4,14;43;7,94;;S26.6370, E 15.10693;
LN0385;2024;10;outubro;2024-10-23;SWB;M;40;2;Near kelp, BB, sandy;11,7;19,29;4,14;43;7,94;;S26.6370, E 15.10693;
LN0386;2024;10;outubro;2024-10-23;SWB;F;44;2;Near kelp, BB, sandy;11,7;19,29;4,14;43;7,94;;S26.6370, E 15.10693;
LN0387;2024;10;outubro;2024-10-23;SWB;F;37;2;Near kelp, BB, sandy;11,7;19,29;4,14;43;7,94;;S26.6370, E 15.10693;
LN0388;2024;10;outubro;2024-10-23;SWB;F;47;2;Near kelp, BB, sandy;11,7;19,29;4,14;43;7,94;;S26.6370, E 15.10693;
LN0389;2024;10;outubro;2024-10-23;SWB;M;30;2;Near kelp, BB, sandy;11,7;19,29;4,14;43;7,94;;S26.6370, E 15.10693;
LN0390;2024;10;outubro;2024-10-23;SWB;M;39;2;Near kelp, BB, sandy;11,7;19,29;4,14;43;7,94;;S26.6370, E 15.10693;
LN0391;2024;10;outubro;2024-10-23;SWB;M;42;2;Near kelp, BB, sandy;11,7;19,29;4,14;43;7,94;;S26.6370, E 15.10693;
LN0392;2024;10;outubro;2024-10-23;SWB;F;38;2;Near kelp, BB, sandy;11,7;19,29;4,14;43;7,94;;S26.6370, E 15.10693;
LN0393;2024;10;outubro;2024-10-23;SWB;M;41;2;Near kelp, BB, sandy;11,7;19,29;4,14;43;7,94;;S26.6370, E 15.10693;
LN0394;2024;10;outubro;2024-10-23;SWB;F;40;2;Near kelp, BB, sandy;11,7;19,29;4,14;43;7,94;;S26.6370, E 15.10693;
LN0395;2024;10;outubro;2024-10-23;SWB;M;35;2;Near kelp, BB, sandy;11,7;19,29;4,14;43;7,94;;S26.6370, E 15.10693;
LN0396;2024;10;outubro;2024-10-23;SWB;F;39;2;Near kelp, BB, sandy;11,7;19,29;4,14;43;7,94;;S26.6370, E 15.10693;
LN0397;2024;10;outubro;2024-10-23;SWB;F;41;2;Near kelp, BB, sandy;11,7;19,29;4,14;43;7,94;;S26.6370, E 15.10693;
LN0398;2024;10;outubro;2024-10-23;SWB;F;35;2;Near kelp, BB, sandy;11,7;19,29;4,14;43;7,94;;S26.6370, E 15.10693;
LN0399;2024;10;outubro;2024-10-23;SWB;M;40;2;Near kelp, BB, sandy;11,7;19,29;4,14;43;7,94;;S26.6370, E 15.10693;
LN0400;2024;10;outubro;2024-10-23;SWB;M;38;2;Near kelp, BB, sandy;11,7;19,29;4,14;43;7,94;;S26.6370, E 15.10693;
LN0401;2024;10;outubro;2024-10-23;SWB;M;41;2;Near kelp, BB, sandy;11,7;19,29;4,14;43;7,94;;S26.6370, E 15.10693;
LN0402;2024;10;outubro;2024-10-23;SWB;M;31;2;Near kelp, BB, sandy;11,7;19,29;4,14;43;7,94;;S26.6370, E 15.10693;
LN0403;2024;10;outubro;2024-10-23;SWB;M;32;2;Near kelp, BB, sandy;11,7;19,29;4,14;43;7,94;;S26.6370, E 15.10693;
LN0404;2024;10;outubro;2024-10-23;SWB;M;39;2;Near kelp, BB, sandy;11,7;19,29;4,14;43;7,94;;S26.6370, E 15.10693;
LN0405;2024;10;outubro;2024-10-23;SWB;M;46;2;Near kelp, BB, sandy;11,7;19,29;4,14;43;7,94;;S26.6370, E 15.10693;
LN0406;2024;10;outubro;2024-10-23;SWB;M;49;2;Near kelp, BB, sandy;11,7;19,29;4,14;43;7,94;;S26.6370, E 15.10693;
LN0407;2024;10;outubro;2024-10-23;SWB;M;49;2;Near kelp, BB, sandy;11,7;19,29;4,14;43;7,94;;S26.6370, E 15.10693;
LN0408;2024;10;outubro;2024-10-23;SWB;M;39;2;Near kelp, BB, sandy;11,7;19,29;4,14;43;7,94;;S26.6370, E 15.10693;
LN0409;2024;10;outubro;2024-10-23;SWB;F;37;2;Near kelp, BB, sandy;11,7;19,29;4,14;43;7,94;;S26.6370, E 15.10693;
LN0410;2024;10;outubro;2024-10-23;SWB;M;39;2;Near kelp, BB, sandy;11,7;19,29;4,14;43;7,94;;S26.6370, E 15.10693;
LN0411;2024;10;outubro;2024-10-23;SWB;F;37;2;Near kelp, BB, sandy;11,7;19,29;4,14;43;7,94;;S26.6370, E 15.10693;
LN0412;2024;10;outubro;2024-10-23;SWB;M;44;2;Near kelp, BB, sandy;11,7;19,29;4,14;43;7,94;;S26.6370, E 15.10693;
LN0413;2024;10;outubro;2024-10-23;SWB;M;48;2;Near kelp, BB, sandy;11,7;19,29;4,14;43;7,94;;S26.6370, E 15.10693;
LN0414;2024;10;outubro;2024-10-23;SWB;M;49;2;Near kelp, BB, sandy;11,7;19,29;4,14;43;7,94;;S26.6370, E 15.10693;
LN0415;2024;10;outubro;2024-10-23;SWB;F;46;2;Near kelp, BB, sandy;11,7;19,29;4,14;43;7,94;;S26.6370, E 15.10693;
LN0416;2024;10;outubro;2024-10-23;SWB;M;48;2;Near kelp, BB, sandy;11,7;19,29;4,14;43;7,94;;S26.6370, E 15.10693;
LN0417;2024;10;outubro;2024-10-23;SWB;M;46;2;Near kelp, BB, sandy;11,7;19,29;4,14;43;7,94;;S26.6370, E 15.10693;
LN0418;2024;10;outubro;2024-10-23;SWB;F;49;2;Near kelp, BB, sandy;11,7;19,29;4,14;43;7,94;;S26.6370, E 15.10693;
LN0419;2024;10;outubro;2024-10-23;SWB;M;47;2;Near kelp, BB, sandy;11,7;19,29;4,14;43;7,94;;S26.6370, E 15.10693;
LN0420;2024;10;outubro;2024-10-23;SWB;M;38;2;Near kelp, BB, sandy;11,7;19,29;4,14;43;7,94;;S26.6370, E 15.10693;
LN0421;2024;10;outubro;2024-10-23;SWB;F;43;2;Near kelp, BB, sandy;11,7;19,29;4,14;43;7,94;;S26.6370, E 15.10693;
LN0422;2024;10;outubro;2024-10-23;SWB;M;46;2;Near kelp, BB, sandy;11,7;19,29;4,14;43;7,94;;S26.6370, E 15.10693;
LN0423;2024;10;outubro;2024-10-23;SWB;M;47;2;Near kelp, BB, sandy;11,7;19,29;4,14;43;7,94;;S26.6370, E 15.10693;
LN0424;2024;10;outubro;2024-10-23;SWB;M;50;2;Near kelp, BB, sandy;11,7;19,29;4,14;43;7,94;;S26.6370, E 15.10693;
LN0425;2024;10;outubro;2024-10-23;SWB;M;46;2;Near kelp, BB, sandy;11,7;19,29;4,14;43;7,94;;S26.6370, E 15.10693;
LN0426;2024;10;outubro;2024-10-23;SWB;M;48;2;Near kelp, BB, sandy;11,7;19,29;4,14;43;7,94;;S26.6370, E 15.10693;
LN0427;2024;10;outubro;2024-10-23;SWB;M;41;2;Near kelp, BB, sandy;11,7;19,29;4,14;43;7,94;;S26.6370, E 15.10693;
LN0428;2024;10;outubro;2024-10-23;SWB;M;36;2;Near kelp, BB, sandy;11,7;19,29;4,14;43;7,94;;S26.6370, E 15.10693;
LN0429;2024;10;outubro;2024-10-23;SWB;M;43;2;Near kelp, BB, sandy;11,7;19,29;4,14;43;7,94;;S26.6370, E 15.10693;
LN0430;2024;10;outubro;2024-10-23;SWB;F;47;2;Near kelp, BB, sandy;11,7;19,29;4,14;43;7,94;;S26.6370, E 15.10693;
LN0431;2024;10;outubro;2024-10-23;SWB;F;44;2;Near kelp, BB, sandy;11,7;19,29;4,14;43;7,94;;S26.6370, E 15.10693;
LN0432;2024;10;outubro;2024-10-23;SWB;F;48;2;Near kelp, BB, sandy;11,7;19,29;4,14;43;7,94;;S26.6370, E 15.10693;
LN0433;2024;10;outubro;2024-10-23;SWB;F;48;2;Near kelp, BB, sandy;11,7;19,29;4,14;43;7,94;;S26.6370, E 15.10693;
LN0434;2024;10;outubro;2024-10-23;SWB;F;49;2;Near kelp, BB, sandy;11,7;19,29;4,14;43;7,94;;S26.6370, E 15.10693;
LN0435;2024;10;outubro;2024-10-23;SWB;F;47;2;Near kelp, BB, sandy;11,7;19,29;4,14;43;7,94;;S26.6370, E 15.10693;
LN0436;2024;10;outubro;2024-10-23;SWB;M;44;2;Near kelp, BB, sandy;11,7;19,29;4,14;43;7,94;;S26.6370, E 15.10693;
LN0437;2024;10;outubro;2024-10-23;SWB;F;45;2;Near kelp, BB, sandy;11,7;19,29;4,14;43;7,94;;S26.6370, E 15.10693;
LN0438;2024;10;outubro;2024-10-23;SWB;M;48;2;Near kelp, BB, sandy;11,7;19,29;4,14;43;7,94;;S26.6370, E 15.10693;
LN0439;2024;10;outubro;2024-10-23;SWB;M;49;2;Near kelp, BB, sandy;11,7;19,29;4,14;43;7,94;;S26.6370, E 15.10693;
LN0440;2024;10;outubro;2024-10-23;SWB;M;45;2;Near kelp, BB, sandy;11,7;19,29;4,14;43;7,94;;S26.6370, E 15.10693;
LN0441;2024;10;outubro;2024-10-23;SWB;M;41;2;Near kelp, BB, sandy;11,7;19,29;4,14;43;7,94;;S26.6370, E 15.10693;
LN0442;2024;10;outubro;2024-10-23;SWB;M;48;2;Near kelp, BB, sandy;11,7;19,29;4,14;43;7,94;;S26.6370, E 15.10693;
LN0443;2024;10;outubro;2024-10-23;SWB;M;47;4;Near kelp, BB, sandy;11,7;19,29;4,14;43;7,94;;S26.6370, E 15.10693;
LN0444;2024;10;outubro;2024-10-23;SWB;M;49;4;Near kelp, BB, sandy;11,7;19,29;4,14;43;7,94;;S26.6370, E 15.10693;
LN0445;2024;10;outubro;2024-10-23;SWB;F;42;4;Near kelp, BB, sandy;11,7;19,29;4,14;43;7,94;;S26.6370, E 15.10693;
LN0446;2024;10;outubro;2024-10-23;SWB;M;39;4;Near kelp, BB, sandy;11,7;19,29;4,14;43;7,94;;S26.6370, E 15.10693;
LN0447;2024;10;outubro;2024-10-23;SWB;M;40;4;Near kelp, BB, sandy;11,7;19,29;4,14;43;7,94;;S26.6370, E 15.10693;
LN0448;2024;10;outubro;2024-10-23;SWB;M;44;4;Near kelp, BB, sandy;11,7;19,29;4,14;43;7,94;;S26.6370, E 15.10693;
LN0449;2024;10;outubro;2024-10-23;SWB;F;44;4;Near kelp, BB, sandy;11,7;19,29;4,14;43;7,94;;S26.6370, E 15.10693;
LN0450;2024;10;outubro;2024-10-23;SWB;M;42;4;Near kelp, BB, sandy;11,7;19,29;4,14;43;7,94;;S26.6370, E 15.10693;
LN0451;2024;10;outubro;2024-10-23;SWB;M;47;4;Near kelp, BB, sandy;11,7;19,29;4,14;43;7,94;;S26.6370, E 15.10693;
LN0452;2024;10;outubro;2024-10-23;SWB;M;41;4;Near kelp, BB, sandy;11,7;19,29;4,14;43;7,94;;S26.6370, E 15.10693;
LN0453;2024;12;dezembro;2024-12-06;DIAZ;M;80;5;Rocky/In Kelp;12,85;33,04;6,73;69,9;7,88;6,8;"S 26°3816.0°E015°06'02.8""";5
LN0454;2024;12;dezembro;2024-12-06;DIAZ;M;23;5;Rocky/In Kelp;12,85;33,04;6,73;69,9;7,88;6,8;"S 26°3816.0°E015°06'02.8""";5
LN0455;2024;12;dezembro;2024-12-06;DIAZ;M;100,5;5;Rocky/In Kelp;12,85;33,04;6,73;69,9;7,88;6,8;"S 26°3816.0°E015°06'02.8""";5
LN0456;2024;12;dezembro;2024-12-06;DIAZ;M;72,5;5;Rocky/In Kelp;12,85;33,04;6,73;69,9;7,88;6,8;"S 26°3816.0°E015°06'02.8""";5
LN0457;2024;12;dezembro;2024-12-06;DIAZ;M;50;5;Rocky/In Kelp;12,85;33,04;6,73;69,9;7,88;6,8;"S 26°3816.0°E015°06'02.8""";5
LN0458;2024;12;dezembro;2024-12-06;DIAZ;M;53,7;2;Rocky/In Kelp;12,85;33,04;6,73;69,9;7,88;6,8;"S 26°3816.0°E015°06'02.8""";2
LN0459;2024;12;dezembro;2024-12-06;DIAZ;M;48,4;2;Rocky/In Kelp;12,85;33,04;6,73;69,9;7,88;6,8;"S 26°3816.0°E015°06'02.8""";2
LN0460;2024;12;dezembro;2024-12-06;DIAZ;M;53,5;2;Rocky/In Kelp;12,85;33,04;6,73;69,9;7,88;6,8;"S 26°3816.0°E015°06'02.8""";2
LN0461;2024;12;dezembro;2024-12-06;DIAZ;M;47,6;2;Rocky/In Kelp;12,85;33,04;6,73;69,9;7,88;6,8;"S 26°3816.0°E015°06'02.8""";2
LN0462;2024;12;dezembro;2024-12-06;DIAZ;M;47,9;2;Rocky/In Kelp;12,85;33,04;6,73;69,9;7,88;6,8;"S 26°3816.0°E015°06'02.8""";2
LN0463;2024;12;dezembro;2024-12-06;DIAZ;M;48,6;2;Rocky/In Kelp;12,85;33,04;6,73;69,9;7,88;6,8;"S 26°3816.0°E015°06'02.8""";2
LN0464;2024;12;dezembro;2024-12-06;DIAZ;M;51,9;2;Rocky/In Kelp;12,85;33,04;6,73;69,9;7,88;6,8;"S 26°3816.0°E015°06'02.8""";2
LN0465;2024;12;dezembro;2024-12-06;DIAZ;M;48,4;2;Rocky/In Kelp;12,85;33,04;6,73;69,9;7,88;6,8;"S 26°3816.0°E015°06'02.8""";2
LN0466;2024;12;dezembro;2024-12-06;DIAZ;M;44;2;Rocky/In Kelp;12,85;33,04;6,73;69,9;7,88;6,8;"S 26°3816.0°E015°06'02.8""";2
LN0467;2024;12;dezembro;2024-12-06;DIAZ;M;47,8;2;Rocky/In Kelp;12,85;33,04;6,73;69,9;7,88;6,8;"S 26°3816.0°E015°06'02.8""";2
LN0468;2024;12;dezembro;2024-12-06;DIAZ;M;48,2;3;Rocky/In Kelp;12,85;33,04;6,73;69,9;7,88;6,8;"S 26°3816.0°E015°06'02.8""";3
LN0469;2024;12;dezembro;2024-12-06;DIAZ;M;50;3;Rocky/In Kelp;12,85;33,04;6,73;69,9;7,88;6,8;"S 26°3816.0°E015°06'02.8""";3
LN0470;2024;12;dezembro;2024-12-06;DIAZ;M;50;3;Rocky/In Kelp;12,85;33,04;6,73;69,9;7,88;6,8;"S 26°3816.0°E015°06'02.8""";3
LN0471;2024;12;dezembro;2024-12-06;DIAZ;M;48,6;3;Rocky/In Kelp;12,85;33,04;6,73;69,9;7,88;6,8;"S 26°3816.0°E015°06'02.8""";3
LN0472;2024;12;dezembro;2024-12-06;DIAZ;F;52,4;3;Rocky/In Kelp;12,85;33,04;6,73;69,9;7,88;6,8;"S 26°3816.0°E015°06'02.8""";3
LN0473;2024;12;dezembro;2024-12-06;DIAZ;F;55,5;3;Rocky/In Kelp;12,85;33,04;6,73;69,9;7,88;6,8;"S 26°3816.0°E015°06'02.8""";3
LN0474;2024;12;dezembro;2024-12-06;DIAZ;F;57,8;3;Rocky/In Kelp;12,85;33,04;6,73;69,9;7,88;6,8;"S 26°3816.0°E015°06'02.8""";3
LN0475;2024;12;dezembro;2024-12-06;DIAZ;F;47,7;3;Rocky/In Kelp;12,85;33,04;6,73;69,9;7,88;6,8;"S 26°3816.0°E015°06'02.8""";3
LN0476;2024;12;dezembro;2024-12-06;DIAZ;F;47;3;Rocky/In Kelp;12,85;33,04;6,73;69,9;7,88;6,8;"S 26°3816.0°E015°06'02.8""";3
LN0477;2024;12;dezembro;2024-12-06;DIAZ;F;54,5;3;Rocky/In Kelp;12,85;33,04;6,73;69,9;7,88;6,8;"S 26°3816.0°E015°06'02.8""";3
LN0478;2024;12;dezembro;2024-12-06;DIAZ;F;50,4;3;Rocky/In Kelp;12,85;33,04;6,73;69,9;7,88;6,8;"S 26°3816.0°E015°06'02.8""";3
LN0479;2024;12;dezembro;2024-12-06;DIAZ;F;47,4;3;Rocky/In Kelp;12,85;33,04;6,73;69,9;7,88;6,8;"S 26°3816.0°E015°06'02.8""";3
LN0480;2024;12;dezembro;2024-12-06;DIAZ;F;54,5;3;Rocky/In Kelp;12,85;33,04;6,73;69,9;7,88;6,8;"S 26°3816.0°E015°06'02.8""";3
LN0481;2024;12;dezembro;2024-12-06;DIAZ;F;42,7;3;Rocky/In Kelp;12,85;33,04;6,73;69,9;7,88;6,8;"S 26°3816.0°E015°06'02.8""";3
LN0482;2024;12;dezembro;2024-12-06;SWB;F;49,4;4;Sandy;11,69;32,92;3,22;33,4;7,93;8,9;"S26°38'06.4"" E015°06'01.8""";4
LN0483;2024;12;dezembro;2024-12-06;SWB;M;37,5;4;Sandy;11,69;32,92;3,22;33,4;7,93;8,9;"S26°38'06.4"" E015°06'01.8""";4
LN0484;2024;12;dezembro;2024-12-06;SWB;F;46;4;Sandy;11,69;32,92;3,22;33,4;7,93;8,9;"S26°38'06.4"" E015°06'01.8""";4
LN0485;2024;12;dezembro;2024-12-06;SWB;F;47;4;Sandy;11,69;32,92;3,22;33,4;7,93;8,9;"S26°38'06.4"" E015°06'01.8""";4
LN0486;2024;12;dezembro;2024-12-06;SWB;M;46;4;Sandy;11,69;32,92;3,22;33,4;7,93;8,9;"S26°38'06.4"" E015°06'01.8""";4
LN0487;2024;12;dezembro;2024-12-06;SWB;M;47,6;4;Sandy;11,69;32,92;3,22;33,4;7,93;8,9;"S26°38'06.4"" E015°06'01.8""";4
LN0488;2024;12;dezembro;2024-12-06;SWB;M;50;4;Sandy;11,69;32,92;3,22;33,4;7,93;8,9;"S26°38'06.4"" E015°06'01.8""";4
LN0489;2024;12;dezembro;2024-12-06;SWB;F;47;4;Sandy;11,69;32,92;3,22;33,4;7,93;8,9;"S26°38'06.4"" E015°06'01.8""";4
LN0490;2024;12;dezembro;2024-12-06;SWB;M;44,7;4;Sandy;11,69;32,92;3,22;33,4;7,93;8,9;"S26°38'06.4"" E015°06'01.8""";4
LN0491;2024;12;dezembro;2024-12-06;SWB;F;50,5;4;Sandy;11,69;32,92;3,22;33,4;7,93;8,9;"S26°38'06.4"" E015°06'01.8""";4
LN0492;2024;12;dezembro;2024-12-06;SWB;F;42,4;4;Sandy;11,69;32,92;3,22;33,4;7,93;8,9;"S26°38'06.4"" E015°06'01.8""";4
LN0493;2024;12;dezembro;2024-12-06;SWB;F;44;4;Sandy;11,69;32,92;3,22;33,4;7,93;8,9;"S26°38'06.4"" E015°06'01.8""";4
LN0494;2024;12;dezembro;2024-12-06;SWB;F;51;4;Sandy;11,69;32,92;3,22;33,4;7,93;8,9;"S26°38'06.4"" E015°06'01.8""";4
LN0495;2024;12;dezembro;2024-12-06;SWB;M;39,6;4;Sandy;11,69;32,92;3,22;33,4;7,93;8,9;"S26°38'06.4"" E015°06'01.8""";4
LN0496;2024;12;dezembro;2024-12-06;SWB;M;52;4;Sandy;11,69;32,92;3,22;33,4;7,93;8,9;"S26°38'06.4"" E015°06'01.8""";4
LN0497;2024;12;dezembro;2024-12-06;SWB;F;45,5;4;Sandy;11,69;32,92;3,22;33,4;7,93;8,9;"S26°38'06.4"" E015°06'01.8""";4
LN0498;2024;12;dezembro;2024-12-06;SWB;M;39;4;Sandy;11,69;32,92;3,22;33,4;7,93;8,9;"S26°38'06.4"" E015°06'01.8""";4
LN0499;2024;12;dezembro;2024-12-06;SWB;M;42,5;4;Sandy;11,69;32,92;3,22;33,4;7,93;8,9;"S26°38'06.4"" E015°06'01.8""";4
LN0500;2024;12;dezembro;2024-12-06;SWB;F;45,7;4;Sandy;11,69;32,92;3,22;33,4;7,93;8,9;"S26°38'06.4"" E015°06'01.8""";4
LN0501;2024;12;dezembro;2024-12-06;SWB;F;34;4;Sandy;11,69;32,92;3,22;33,4;7,93;8,9;"S26°38'06.4"" E015°06'01.8""";4
LN0502;2024;12;dezembro;2024-12-06;SWB;F;44,4;4;Sandy;11,69;32,92;3,22;33,4;7,93;8,9;"S26°38'06.4"" E015°06'01.8""";4
LN0503;2024;12;dezembro;2024-12-06;SWB;F;44,5;4;Sandy;11,69;32,92;3,22;33,4;7,93;8,9;"S26°38'06.4"" E015°06'01.8""";4
LN0504;2024;12;dezembro;2024-12-06;SWB;M;40,6;4;Sandy;11,69;32,92;3,22;33,4;7,93;8,9;"S26°38'06.4"" E015°06'01.8""";4
LN0505;2024;12;dezembro;2024-12-06;SWB;F;45,6;4;Sandy;11,69;32,92;3,22;33,4;7,93;8,9;"S26°38'06.4"" E015°06'01.8""";4
LN0506;2024;12;dezembro;2024-12-06;SWB;F;42;4;Sandy;11,69;32,92;3,22;33,4;7,93;8,9;"S26°38'06.4"" E015°06'01.8""";4
LN0507;2024;12;dezembro;2024-12-06;SWB;F;45,2;4;Sandy;11,69;32,92;3,22;33,4;7,93;8,9;"S26°38'06.4"" E015°06'01.8""";4
LN0508;2024;12;dezembro;2024-12-06;SWB;M;46;4;Sandy;11,69;32,92;3,22;33,4;7,93;8,9;"S26°38'06.4"" E015°06'01.8""";4
LN0509;2024;12;dezembro;2024-12-06;SWB;M;38;4;Sandy;11,69;32,92;3,22;33,4;7,93;8,9;"S26°38'06.4"" E015°06'01.8""";4
LN0510;2024;12;dezembro;2024-12-06;SWB;F;32,4;4;Sandy;11,69;32,92;3,22;33,4;7,93;8,9;"S26°38'06.4"" E015°06'01.8""";4
LN0511;2024;12;dezembro;2024-12-06;SWB;F;38;4;Sandy;11,69;32,92;3,22;33,4;7,93;8,9;"S26°38'06.4"" E015°06'01.8""";4
LN0512;2024;12;dezembro;2024-12-06;SWB;F;46,1;4;Sandy;11,69;32,92;3,22;33,4;7,93;8,9;"S26°38'06.4"" E015°06'01.8""";4
LN0513;2024;12;dezembro;2024-12-06;SWB;F;46,6;4;Sandy;11,69;32,92;3,22;33,4;7,93;8,9;"S26°38'06.4"" E015°06'01.8""";4
LN0514;2024;12;dezembro;2024-12-06;SWB;M;46,7;4;Sandy;11,69;32,92;3,22;33,4;7,93;8,9;"S26°38'06.4"" E015°06'01.8""";4
LN0515;2024;12;dezembro;2024-12-06;SWB;M;44;4;Sandy;11,69;32,92;3,22;33,4;7,93;8,9;"S26°38'06.4"" E015°06'01.8""";4
LN0516;2024;12;dezembro;2024-12-06;SWB;M;47,6;4;Sandy;11,69;32,92;3,22;33,4;7,93;8,9;"S26°38'06.4"" E015°06'01.8""";4
LN0517;2024;12;dezembro;2024-12-06;SWB;F;39,4;6;BB in Kelp;11,69;32,92;3,22;33,4;7,93;10,6;"S26°38'06.4"" E015°06'01.8""";6
LN0518;2024;12;dezembro;2024-12-06;SWB;M;49;6;BB in Kelp;11,69;32,92;3,22;33,4;7,93;10,6;"S26°38'06.4"" E015°06'01.8""";6
LN0519;2024;12;dezembro;2024-12-06;SWB;M;32,3;6;BB in Kelp;11,69;32,92;3,22;33,4;7,93;10,6;"S26°38'06.4"" E015°06'01.8""";6
LN0520;2024;12;dezembro;2024-12-06;SWB;M;49,9;6;BB in Kelp;11,69;32,92;3,22;33,4;7,93;10,6;"S26°38'06.4"" E015°06'01.8""";6
LN0521;2024;12;dezembro;2024-12-06;SWB;F;34,6;6;BB in Kelp;11,69;32,92;3,22;33,4;7,93;10,6;"S26°38'06.4"" E015°06'01.8""";6
LN0522;2024;12;dezembro;2024-12-06;SWB;F;43;6;BB in Kelp;11,69;32,92;3,22;33,4;7,93;10,6;"S26°38'06.4"" E015°06'01.8""";6
LN0523;2024;12;dezembro;2024-12-06;SWB;M;53;1;BB no Kelp;11,69;32,92;3,22;33,4;7,93;9,9;"S26°38'06.4"" E015°06'01.8""";1
LN0524;2024;12;dezembro;2024-12-06;SWB;F;45;1;BB no Kelp;11,69;32,92;3,22;33,4;7,93;9,9;"S26°38'06.4"" E015°06'01.8""";1
LN0525;2024;12;dezembro;2024-12-06;SWB;F;43,5;1;BB no Kelp;11,69;32,92;3,22;33,4;7,93;9,9;"S26°38'06.4"" E015°06'01.8""";1
LN0526;2024;12;dezembro;2024-12-06;SWB;F;48,2;1;BB no Kelp;11,69;32,92;3,22;33,4;7,93;9,9;"S26°38'06.4"" E015°06'01.8""";1
LN0527;2024;12;dezembro;2024-12-06;SWB;F;45,3;1;BB no Kelp;11,69;32,92;3,22;33,4;7,93;9,9;"S26°38'06.4"" E015°06'01.8""";1
LN0528;2024;12;dezembro;2024-12-06;SWB;F;51;1;BB no Kelp;11,69;32,92;3,22;33,4;7,93;9,9;"S26°38'06.4"" E015°06'01.8""";1
LN0529;2024;12;dezembro;2024-12-06;SWB;F;39,1;1;BB no Kelp;11,69;32,92;3,22;33,4;7,93;9,9;"S26°38'06.4"" E015°06'01.8""";1
LN0530;2024;12;dezembro;2024-12-06;SWB;M;52;1;BB no Kelp;11,69;32,92;3,22;33,4;7,93;9,9;"S26°38'06.4"" E015°06'01.8""";1
LN0531;2024;12;dezembro;2024-12-06;SWB;M;52,5;1;BB no Kelp;11,69;32,92;3,22;33,4;7,93;9,9;"S26°38'06.4"" E015°06'01.8""";1
LN0532;2024;12;dezembro;2024-12-06;SWB;M;44,6;1;BB no Kelp;11,69;32,92;3,22;33,4;7,93;9,9;"S26°38'06.4"" E015°06'01.8""";1
LN0533;2024;12;dezembro;2024-12-06;SWB;M;47,7;1;BB no Kelp;11,69;32,92;3,22;33,4;7,93;9,9;"S26°38'06.4"" E015°06'01.8""";1
LN0534;2024;12;dezembro;2024-12-06;SWB;F;46,3;1;BB no Kelp;11,69;32,92;3,22;33,4;7,93;9,9;"S26°38'06.4"" E015°06'01.8""";1
LN0535;2024;12;dezembro;2024-12-06;SWB;M;50,4;1;BB no Kelp;11,69;32,92;3,22;33,4;7,93;9,9;"S26°38'06.4"" E015°06'01.8""";1
LN0536;2024;12;dezembro;2024-12-06;SWB;F;49,2;1;BB no Kelp;11,69;32,92;3,22;33,4;7,93;9,9;"S26°38'06.4"" E015°06'01.8""";1
LN0537;2024;12;dezembro;2024-12-06;SWB;F;44,1;1;BB no Kelp;11,69;32,92;3,22;33,4;7,93;9,9;"S26°38'06.4"" E015°06'01.8""";1
LN0538;2024;12;dezembro;2024-12-06;SWB;M;45,7;1;BB no Kelp;11,69;32,92;3,22;33,4;7,93;9,9;"S26°38'06.4"" E015°06'01.8""";1
LN0539;2024;12;dezembro;2024-12-06;SWB;F;46,1;1;BB no Kelp;11,69;32,92;3,22;33,4;7,93;9,9;"S26°38'06.4"" E015°06'01.8""";1
LN0540;2024;12;dezembro;2024-12-06;SWB;F;47,5;1;BB no Kelp;11,69;32,92;3,22;33,4;7,93;9,9;"S26°38'06.4"" E015°06'01.8""";1
LN0541;2024;12;dezembro;2024-12-06;SWB;M;46,7;1;BB no Kelp;11,69;32,92;3,22;33,4;7,93;9,9;"S26°38'06.4"" E015°06'01.8""";1
LN0542;2024;12;dezembro;2024-12-06;SWB;F;51;1;BB no Kelp;11,69;32,92;3,22;33,4;7,93;9,9;"S26°38'06.4"" E015°06'01.8""";1
LN0543;2024;12;dezembro;2024-12-06;SWB;F;46,1;1;BB no Kelp;11,69;32,92;3,22;33,4;7,93;9,9;"S26°38'06.4"" E015°06'01.8""";1
LN0544;2024;12;dezembro;2024-12-06;SWB;M;45;1;BB no Kelp;11,69;32,92;3,22;33,4;7,93;9,9;"S26°38'06.4"" E015°06'01.8""";1
LN0545;2024;12;dezembro;2024-12-06;SWB;F;50,4;1;BB no Kelp;11,69;32,92;3,22;33,4;7,93;9,9;"S26°38'06.4"" E015°06'01.8""";1
LN0546;2024;12;dezembro;2024-12-06;SWB;M;45;1;BB no Kelp;11,69;32,92;3,22;33,4;7,93;9,9;"S26°38'06.4"" E015°06'01.8""";1
LN0547;2024;12;dezembro;2024-12-06;SWB;F;44;1;BB no Kelp;11,69;32,92;3,22;33,4;7,93;9,9;"S26°38'06.4"" E015°06'01.8""";1
LN0548;2024;12;dezembro;2024-12-06;SWB;F;34,7;1;BB no Kelp;11,69;32,92;3,22;33,4;7,93;9,9;"S26°38'06.4"" E015°06'01.8""";1
LN0549;2024;12;dezembro;2024-12-06;SWB;M;51;1;BB no Kelp;11,69;32,92;3,22;33,4;7,93;9,9;"S26°38'06.4"" E015°06'01.8""";1
LN0550;2024;12;dezembro;2024-12-06;SWB;F;40,7;1;BB no Kelp;11,69;32,92;3,22;33,4;7,93;9,9;"S26°38'06.4"" E015°06'01.8""";1
LN0551;2024;12;dezembro;2024-12-06;SWB;F;47;1;BB no Kelp;11,69;32,92;3,22;33,4;7,93;9,9;"S26°38'06.4"" E015°06'01.8""";1
LN0552;2024;12;dezembro;2024-12-06;SWB;F;48;1;BB no Kelp;11,69;32,92;3,22;33,4;7,93;9,9;"S26°38'06.4"" E015°06'01.8""";1
LN0553;2024;12;dezembro;2024-12-06;SWB;F;42,5;1;BB no Kelp;11,69;32,92;3,22;33,4;7,93;9,9;"S26°38'06.4"" E015°06'01.8""";1
LN0554;2024;12;dezembro;2024-12-06;SWB;F;48,4;1;BB no Kelp;11,69;32,92;3,22;33,4;7,93;9,9;"S26°38'06.4"" E015°06'01.8""";1
LN0555;2024;12;dezembro;2024-12-06;SWB;M;39;1;BB no Kelp;11,69;32,92;3,22;33,4;7,93;9,9;"S26°38'06.4"" E015°06'01.8""";1
LN0556;2024;12;dezembro;2024-12-06;SWB;M;39;1;BB no Kelp;11,69;32,92;3,22;33,4;7,93;9,9;"S26°38'06.4"" E015°06'01.8""";1
LN0557;2024;12;dezembro;2024-12-06;SWB;M;49,9;1;BB no Kelp;11,69;32,92;3,22;33,4;7,93;9,9;"S26°38'06.4"" E015°06'01.8""";1
LN0558;2024;12;dezembro;2024-12-06;SWB;F;50,5;1;BB no Kelp;11,69;32,92;3,22;33,4;7,93;9,9;"S26°38'06.4"" E015°06'01.8""";1
LN0559;2024;12;dezembro;2024-12-06;SWB;M;48,5;1;BB no Kelp;11,69;32,92;3,22;33,4;7,93;9,9;"S26°38'06.4"" E015°06'01.8""";1
LN0560;2024;12;dezembro;2024-12-06;SWB;F;46;1;BB no Kelp;11,69;32,92;3,22;33,4;7,93;9,9;"S26°38'06.4"" E015°06'01.8""";1
LN0561;2024;12;dezembro;2024-12-06;SWB;F;39,6;1;BB no Kelp;11,69;32,92;3,22;33,4;7,93;9,9;"S26°38'06.4"" E015°06'01.8""";1
LN0562;2024;12;dezembro;2024-12-06;SWB;F;48,1;1;BB no Kelp;11,69;32,92;3,22;33,4;7,93;9,9;"S26°38'06.4"" E015°06'01.8""";1
LN0563;2024;12;dezembro;2024-12-06;SWB;M;45;1;BB no Kelp;11,69;32,92;3,22;33,4;7,93;9,9;"S26°38'06.4"" E015°06'01.8""";1
LN0564;2024;12;dezembro;2024-12-06;SWB;M;47;1;BB no Kelp;11,69;32,92;3,22;33,4;7,93;9,9;"S26°38'06.4"" E015°06'01.8""";1
LN0565;2024;12;dezembro;2024-12-06;SWB;M;46,2;1;BB no Kelp;11,69;32,92;3,22;33,4;7,93;9,9;"S26°38'06.4"" E015°06'01.8""";1
LN0566;2024;12;dezembro;2024-12-06;SWB;M;52,9;1;BB no Kelp;11,69;32,92;3,22;33,4;7,93;9,9;"S26°38'06.4"" E015°06'01.8""";1
LN0567;2024;12;dezembro;2024-12-06;SWB;M;50;1;BB no Kelp;11,69;32,92;3,22;33,4;7,93;9,9;"S26°38'06.4"" E015°06'01.8""";1
LN0568;2024;12;dezembro;2024-12-06;SWB;M;44;1;BB no Kelp;11,69;32,92;3,22;33,4;7,93;9,9;"S26°38'06.4"" E015°06'01.8""";1
LN0569;2024;12;dezembro;2024-12-06;SWB;M;51;1;BB no Kelp;11,69;32,92;3,22;33,4;7,93;9,9;"S26°38'06.4"" E015°06'01.8""";1
LN0570;2024;12;dezembro;2024-12-06;SWB;M;39,5;1;BB no Kelp;11,69;32,92;3,22;33,4;7,93;9,9;"S26°38'06.4"" E015°06'01.8""";1
LN0571;2024;12;dezembro;2024-12-06;SWB;M;32,1;1;BB no Kelp;11,69;32,92;3,22;33,4;7,93;9,9;"S26°38'06.4"" E015°06'01.8""";1
LN0572;2024;12;dezembro;2024-12-06;SWB;M;38;1;BB no Kelp;11,69;32,92;3,22;33,4;7,93;9,9;"S26°38'06.4"" E015°06'01.8""";1
LN0573;2024;12;dezembro;2024-12-06;SWB;M;45,7;1;BB no Kelp;11,69;32,92;3,22;33,4;7,93;9,9;"S26°38'06.4"" E015°06'01.8""";1
LN0574;2024;12;dezembro;2024-12-06;SWB;M;47;1;BB no Kelp;11,69;32,92;3,22;33,4;7,93;9,9;"S26°38'06.4"" E015°06'01.8""";1
LN0575;2024;12;dezembro;2024-12-06;SWB;M;38,8;1;BB no Kelp;11,69;32,92;3,22;33,4;7,93;9,9;"S26°38'06.4"" E015°06'01.8""";1
LN0576;2024;12;dezembro;2024-12-06;SWB;M;45,8;1;BB no Kelp;11,69;32,92;3,22;33,4;7,93;9,9;"S26°38'06.4"" E015°06'01.8""";1
LN0577;2024;12;dezembro;2024-12-06;SWB;M;44,1;1;BB no Kelp;11,69;32,92;3,22;33,4;7,93;9,9;"S26°38'06.4"" E015°06'01.8""";1
LN0578;2024;12;dezembro;2024-12-06;SWB;M;44,8;1;BB no Kelp;11,69;32,92;3,22;33,4;7,93;9,9;"S26°38'06.4"" E015°06'01.8""";1
LN0579;2024;12;dezembro;2024-12-06;SWB;M;46;1;BB no Kelp;11,69;32,92;3,22;33,4;7,93;9,9;"S26°38'06.4"" E015°06'01.8""";1
LN0580;2024;12;dezembro;2024-12-06;SWB;F;48,6;1;BB no Kelp;11,69;32,92;3,22;33,4;7,93;9,9;"S26°38'06.4"" E015°06'01.8""";1
LN0581;2024;12;dezembro;2024-12-06;SWB;F;43;1;BB no Kelp;11,69;32,92;3,22;33,4;7,93;9,9;"S26°38'06.4"" E015°06'01.8""";1
LN0582;2024;12;dezembro;2024-12-06;SWB;F;49,3;1;BB no Kelp;11,69;32,92;3,22;33,4;7,93;9,9;"S26°38'06.4"" E015°06'01.8""";1
LN0583;2024;12;dezembro;2024-12-06;SWB;F;35;1;BB no Kelp;11,69;32,92;3,22;33,4;7,93;9,9;"S26°38'06.4"" E015°06'01.8""";1
LN0584;2024;12;dezembro;2024-12-06;SWB;F;35,4;1;BB no Kelp;11,69;32,92;3,22;33,4;7,93;9,9;"S26°38'06.4"" E015°06'01.8""";1
LN0585;2024;12;dezembro;2024-12-06;SWB;F;42;1;BB no Kelp;11,69;32,92;3,22;33,4;7,93;9,9;"S26°38'06.4"" E015°06'01.8""";1
LN0586;2024;12;dezembro;2024-12-06;SWB;F;42,7;1;BB no Kelp;11,69;32,92;3,22;33,4;7,93;9,9;"S26°38'06.4"" E015°06'01.8""";1
LN0587;2024;12;dezembro;2024-12-06;SWB;F;41,5;1;BB no Kelp;11,69;32,92;3,22;33,4;7,93;9,9;"S26°38'06.4"" E015°06'01.8""";1
LN0588;2024;12;dezembro;2024-12-06;SWB;F;37,5;1;BB no Kelp;11,69;32,92;3,22;33,4;7,93;9,9;"S26°38'06.4"" E015°06'01.8""";1
LN0589;2024;12;dezembro;2024-12-06;SWB;F;42;1;BB no Kelp;11,69;32,92;3,22;33,4;7,93;9,9;"S26°38'06.4"" E015°06'01.8""";1
LN0590;2024;12;dezembro;2024-12-06;SWB;F;41,5;1;BB no Kelp;11,69;32,92;3,22;33,4;7,93;9,9;"S26°38'06.4"" E015°06'01.8""";1
LN0591;2024;12;dezembro;2024-12-06;SWB;F;45,7;1;BB no Kelp;11,69;32,92;3,22;33,4;7,93;9,9;"S26°38'06.4"" E015°06'01.8""";1
LN0592;2024;12;dezembro;2024-12-06;SWB;F;35;1;BB no Kelp;11,69;32,92;3,22;33,4;7,93;9,9;"S26°38'06.4"" E015°06'01.8""";1
LN0593;2024;12;dezembro;2024-12-06;SWB;F;38;1;BB no Kelp;11,69;32,92;3,22;33,4;7,93;9,9;"S26°38'06.4"" E015°06'01.8""";1
LN0594;2024;12;dezembro;2024-12-06;SWB;F;47;1;BB no Kelp;11,69;32,92;3,22;33,4;7,93;9,9;"S26°38'06.4"" E015°06'01.8""";1
LN0595;2024;12;dezembro;2024-12-06;SWB;F;43;1;BB no Kelp;11,69;32,92;3,22;33,4;7,93;9,9;"S26°38'06.4"" E015°06'01.8""";1
LN0596;2024;12;dezembro;2024-12-06;SWB;F;40,4;1;BB no Kelp;11,69;32,92;3,22;33,4;7,93;9,9;"S26°38'06.4"" E015°06'01.8""";1
LN0597;2024;12;dezembro;2024-12-06;SWB;F;40,6;1;BB no Kelp;11,69;32,92;3,22;33,4;7,93;9,9;"S26°38'06.4"" E015°06'01.8""";1
LN0598;2024;12;dezembro;2024-12-06;SWB;F;51,7;1;BB no Kelp;11,69;32,92;3,22;33,4;7,93;9,9;"S26°38'06.4"" E015°06'01.8""";1
LN0599;2024;12;dezembro;2024-12-06;SWB;F;47;1;BB no Kelp;11,69;32,92;3,22;33,4;7,93;9,9;"S26°38'06.4"" E015°06'01.8""";1
LN0600;2024;12;dezembro;2024-12-06;SWB;F;42;1;BB no Kelp;11,69;32,92;3,22;33,4;7,93;9,9;"S26°38'06.4"" E015°06'01.8""";1
LN0601;2024;12;dezembro;2024-12-06;SWB;F;38,2;1;BB no Kelp;11,69;32,92;3,22;33,4;7,93;9,9;"S26°38'06.4"" E015°06'01.8""";1
LN0602;2024;12;dezembro;2024-12-06;SWB;F;32,9;1;BB no Kelp;11,69;32,92;3,22;33,4;7,93;9,9;"S26°38'06.4"" E015°06'01.8""";1
LN0603;2024;12;dezembro;2024-12-06;SWB;F;41;1;BB no Kelp;11,69;32,92;3,22;33,4;7,93;9,9;"S26°38'06.4"" E015°06'01.8""";1
LN0604;2024;12;dezembro;2024-12-06;SWB;F;46,3;1;BB no Kelp;11,69;32,92;3,22;33,4;7,93;9,9;"S26°38'06.4"" E015°06'01.8""";1
LN0605;2024;12;dezembro;2024-12-06;SWB;F;52,3;1;BB no Kelp;11,69;32,92;3,22;33,4;7,93;9,9;"S26°38'06.4"" E015°06'01.8""";1
LN0606;2025;1;janeiro;2025-01-29;DIAZ;M;93;1;Rocky in kelp;14,24;35,58;3,55;42,9;8,12;;;
LN0607;2025;1;janeiro;2025-01-29;DIAZ;F;81;1;Rocky in kelp;14,24;35,58;3,55;42,9;8,12;;;
LN0608;2025;1;janeiro;2025-01-29;DIAZ;F;81;1;Rocky in kelp;14,24;35,58;3,55;42,9;8,12;;;
LN0609;2025;1;janeiro;2025-01-29;DIAZ;M;71;1;Rocky in kelp;14,24;35,58;3,55;42,9;8,12;;;
LN0610;2025;1;janeiro;2025-01-29;DIAZ;M;59;1;Rocky in kelp;14,24;35,58;3,55;42,9;8,12;;;
LN0611;2025;1;janeiro;2025-01-29;DIAZ;M;59;1;Rocky in kelp;14,24;35,58;3,55;42,9;8,12;;;
LN0612;2025;1;janeiro;2025-01-29;DIAZ;F;58;4;Rocky in kelp;14,24;35,58;3,55;42,9;8,12;;;
LN0613;2025;1;janeiro;2025-01-29;DIAZ;F;53;4;Rocky in kelp;14,24;35,58;3,55;42,9;8,12;;;
LN0614;2025;1;janeiro;2025-01-29;DIAZ;M;53;4;Rocky in kelp;14,24;35,58;3,55;42,9;8,12;;;
LN0615;2025;1;janeiro;2025-01-29;DIAZ;M;52;4;Rocky in kelp;14,24;35,58;3,55;42,9;8,12;;;
LN0616;2025;1;janeiro;2025-01-29;DIAZ;M;51;4;Rocky in kelp;14,24;35,58;3,55;42,9;8,12;;;
LN0617;2025;1;janeiro;2025-01-29;DIAZ;F;51;4;Rocky in kelp;14,24;35,58;3,55;42,9;8,12;;;
LN0618;2025;1;janeiro;2025-01-29;DIAZ;F;51;4;Rocky in kelp;14,24;35,58;3,55;42,9;8,12;;;
LN0619;2025;1;janeiro;2025-01-29;DIAZ;M;51;4;Rocky in kelp;14,24;35,58;3,55;42,9;8,12;;;
LN0620;2025;1;janeiro;2025-01-29;DIAZ;F;50;4;Rocky in kelp;14,24;35,58;3,55;42,9;8,12;;;
LN0621;2025;1;janeiro;2025-01-29;DIAZ;M;50;4;Rocky in kelp;14,24;35,58;3,55;42,9;8,12;;;
LN0622;2025;1;janeiro;2025-01-29;DIAZ;M;50;2;Rocky in kelp;14,24;35,58;3,55;42,9;8,12;;;
LN0623;2025;1;janeiro;2025-01-29;DIAZ;M;50;2;Rocky in kelp;14,24;35,58;3,55;42,9;8,12;;;
LN0624;2025;1;janeiro;2025-01-29;DIAZ;M;50;2;Rocky in kelp;14,24;35,58;3,55;42,9;8,12;;;
LN0625;2025;1;janeiro;2025-01-29;DIAZ;F;49;2;Rocky in kelp;14,24;35,58;3,55;42,9;8,12;;;
LN0626;2025;1;janeiro;2025-01-29;DIAZ;F;49;2;Rocky in kelp;14,24;35,58;3,55;42,9;8,12;;;
LN0627;2025;1;janeiro;2025-01-29;DIAZ;M;48;2;Rocky in kelp;14,24;35,58;3,55;42,9;8,12;;;
LN0628;2025;1;janeiro;2025-01-29;DIAZ;F;48;2;Rocky in kelp;14,24;35,58;3,55;42,9;8,12;;;
LN0629;2025;1;janeiro;2025-01-29;DIAZ;M;48;2;Rocky in kelp;14,24;35,58;3,55;42,9;8,12;;;
LN0630;2025;1;janeiro;2025-01-29;DIAZ;M;48;2;Rocky in kelp;14,24;35,58;3,55;42,9;8,12;;;
LN0631;2025;1;janeiro;2025-01-29;DIAZ;F;47;2;Rocky in kelp;14,24;35,58;3,55;42,9;8,12;;;
LN0632;2025;1;janeiro;2025-01-29;DIAZ;M;47;2;Rocky in kelp;14,24;35,58;3,55;42,9;8,12;;;
LN0633;2025;1;janeiro;2025-01-29;DIAZ;F;47;2;Rocky in kelp;14,24;35,58;3,55;42,9;8,12;;;
LN0634;2025;1;janeiro;2025-01-29;DIAZ;M;45;2;Rocky in kelp;14,24;35,58;3,55;42,9;8,12;;;
LN0635;2025;1;janeiro;2025-01-29;DIAZ;F;45;2;Rocky in kelp;14,24;35,58;3,55;42,9;8,12;;;
LN0636;2025;1;janeiro;2025-01-29;SWB;M;65;3;Sandy/BB;13,25;18,06;4,04;43;8,09;;;
LN0637;2025;1;janeiro;2025-01-29;SWB;F;64;3;Sandy/BB;13,25;18,06;4,04;43;8,09;;;
LN0638;2025;1;janeiro;2025-01-29;SWB;M;57;3;Sandy/BB;13,25;18,06;4,04;43;8,09;;;
LN0639;2025;1;janeiro;2025-01-29;SWB;M;55;3;Sandy/BB;13,25;18,06;4,04;43;8,09;;;
LN0640;2025;1;janeiro;2025-01-29;SWB;F;54;3;Sandy/BB;13,25;18,06;4,04;43;8,09;;;
LN0641;2025;1;janeiro;2025-01-29;SWB;M;53;3;Sandy/BB;13,25;18,06;4,04;43;8,09;;;
LN0642;2025;1;janeiro;2025-01-29;SWB;M;52;3;Sandy/BB;13,25;18,06;4,04;43;8,09;;;
LN0643;2025;1;janeiro;2025-01-29;SWB;F;52;3;Sandy/BB;13,25;18,06;4,04;43;8,09;;;
LN0644;2025;1;janeiro;2025-01-29;SWB;M;51;3;Sandy/BB;13,25;18,06;4,04;43;8,09;;;
LN0645;2025;1;janeiro;2025-01-29;SWB;F;50;3;Sandy/BB;13,25;18,06;4,04;43;8,09;;;
LN0646;2025;1;janeiro;2025-01-29;SWB;M;50;3;Sandy/BB;13,25;18,06;4,04;43;8,09;;;
LN0647;2025;1;janeiro;2025-01-29;SWB;M;50;3;Sandy/BB;13,25;18,06;4,04;43;8,09;;;
LN0648;2025;1;janeiro;2025-01-29;SWB;F;50;3;Sandy/BB;13,25;18,06;4,04;43;8,09;;;
LN0649;2025;1;janeiro;2025-01-29;SWB;M;50;3;Sandy/BB;13,25;18,06;4,04;43;8,09;;;
LN0650;2025;1;janeiro;2025-01-29;SWB;M;50;3;Sandy/BB;13,25;18,06;4,04;43;8,09;;;
LN0651;2025;1;janeiro;2025-01-29;SWB;M;50;3;Sandy/BB;13,25;18,06;4,04;43;8,09;;;
LN0652;2025;1;janeiro;2025-01-29;SWB;M;49;3;Sandy/BB;13,25;18,06;4,04;43;8,09;;;
LN0653;2025;1;janeiro;2025-01-29;SWB;M;49;3;Sandy/BB;13,25;18,06;4,04;43;8,09;;;
LN0654;2025;1;janeiro;2025-01-29;SWB;F;49;3;Sandy/BB;13,25;18,06;4,04;43;8,09;;;
LN0655;2025;1;janeiro;2025-01-29;SWB;F;48;3;Sandy/BB;13,25;18,06;4,04;43;8,09;;;
LN0656;2025;1;janeiro;2025-01-29;SWB;F;48;3;Sandy/BB;13,25;18,06;4,04;43;8,09;;;
LN0657;2025;1;janeiro;2025-01-29;SWB;M;47;3;Sandy/BB;13,25;18,06;4,04;43;8,09;;;
LN0658;2025;1;janeiro;2025-01-29;SWB;M;47;3;Sandy/BB;13,25;18,06;4,04;43;8,09;;;
LN0659;2025;1;janeiro;2025-01-29;SWB;M;47;3;Sandy/BB;13,25;18,06;4,04;43;8,09;;;
LN0660;2025;1;janeiro;2025-01-29;SWB;M;47;3;Sandy/BB;13,25;18,06;4,04;43;8,09;;;
LN0661;2025;1;janeiro;2025-01-29;SWB;F;47;3;Sandy/BB;13,25;18,06;4,04;43;8,09;;;
LN0662;2025;1;janeiro;2025-01-29;SWB;F;46;3;Sandy/BB;13,25;18,06;4,04;43;8,09;;;
LN0663;2025;1;janeiro;2025-01-29;SWB;F;46;3;Sandy/BB;13,25;18,06;4,04;43;8,09;;;
LN0664;2025;1;janeiro;2025-01-29;SWB;M;46;3;Sandy/BB;13,25;18,06;4,04;43;8,09;;;
LN0665;2025;1;janeiro;2025-01-29;SWB;M;46;3;Sandy/BB;13,25;18,06;4,04;43;8,09;;;
LN0666;2025;1;janeiro;2025-01-29;SWB;F;46;3;Sandy/BB;13,25;18,06;4,04;43;8,09;;;
LN0667;2025;1;janeiro;2025-01-29;SWB;F;46;3;Sandy/BB;13,25;18,06;4,04;43;8,09;;;
LN0668;2025;1;janeiro;2025-01-29;SWB;F;46;3;Sandy/BB;13,25;18,06;4,04;43;8,09;;;
LN0669;2025;1;janeiro;2025-01-29;SWB;M;45;3;Sandy/BB;13,25;18,06;4,04;43;8,09;;;
LN0670;2025;1;janeiro;2025-01-29;SWB;M;45;3;Sandy/BB;13,25;18,06;4,04;43;8,09;;;
LN0671;2025;1;janeiro;2025-01-29;SWB;F;45;3;Sandy/BB;13,25;18,06;4,04;43;8,09;;;
LN0672;2025;1;janeiro;2025-01-29;SWB;M;45;3;Sandy/BB;13,25;18,06;4,04;43;8,09;;;
LN0673;2025;1;janeiro;2025-01-29;SWB;M;45;3;Sandy/BB;13,25;18,06;4,04;43;8,09;;;
LN0674;2025;1;janeiro;2025-01-29;SWB;M;45;3;Sandy/BB;13,25;18,06;4,04;43;8,09;;;
LN0675;2025;1;janeiro;2025-01-29;SWB;F;45;3;Sandy/BB;13,25;18,06;4,04;43;8,09;;;
LN0676;2025;1;janeiro;2025-01-29;SWB;F;44;3;Sandy/BB;13,25;18,06;4,04;43;8,09;;;
LN0677;2025;1;janeiro;2025-01-29;SWB;F;44;3;Sandy/BB;13,25;18,06;4,04;43;8,09;;;
LN0678;2025;1;janeiro;2025-01-29;SWB;M;44;3;Sandy/BB;13,25;18,06;4,04;43;8,09;;;
LN0679;2025;1;janeiro;2025-01-29;SWB;M;44;3;Sandy/BB;13,25;18,06;4,04;43;8,09;;;
LN0680;2025;1;janeiro;2025-01-29;SWB;M;44;3;Sandy/BB;13,25;18,06;4,04;43;8,09;;;
LN0681;2025;1;janeiro;2025-01-29;SWB;F;44;3;Sandy/BB;13,25;18,06;4,04;43;8,09;;;
LN0682;2025;1;janeiro;2025-01-29;SWB;F;44;3;Sandy/BB;13,25;18,06;4,04;43;8,09;;;
LN0683;2025;1;janeiro;2025-01-29;SWB;F;44;3;Sandy/BB;13,25;18,06;4,04;43;8,09;;;
LN0684;2025;1;janeiro;2025-01-29;SWB;F;44;3;Sandy/BB;13,25;18,06;4,04;43;8,09;;;
LN0685;2025;1;janeiro;2025-01-29;SWB;F;44;3;Sandy/BB;13,25;18,06;4,04;43;8,09;;;
LN0686;2025;1;janeiro;2025-01-29;SWB;M;43;3;Sandy/BB;13,25;18,06;4,04;43;8,09;;;
LN0687;2025;1;janeiro;2025-01-29;SWB;F;43;3;Sandy/BB;13,25;18,06;4,04;43;8,09;;;
LN0688;2025;1;janeiro;2025-01-29;SWB;F;43;5;Sandy/BB;13,25;18,06;4,04;43;8,09;;;
LN0689;2025;1;janeiro;2025-01-29;SWB;F;43;5;Sandy/BB;13,25;18,06;4,04;43;8,09;;;
LN0690;2025;1;janeiro;2025-01-29;SWB;F;43;5;Sandy/BB;13,25;18,06;4,04;43;8,09;;;
LN0691;2025;1;janeiro;2025-01-29;SWB;M;42;5;Sandy/BB;13,25;18,06;4,04;43;8,09;;;
LN0692;2025;1;janeiro;2025-01-29;SWB;F;42;5;Sandy/BB;13,25;18,06;4,04;43;8,09;;;
LN0693;2025;1;janeiro;2025-01-29;SWB;M;42;5;Sandy/BB;13,25;18,06;4,04;43;8,09;;;
LN0694;2025;1;janeiro;2025-01-29;SWB;M;42;5;Sandy/BB;13,25;18,06;4,04;43;8,09;;;
LN0695;2025;1;janeiro;2025-01-29;SWB;M;42;5;Sandy/BB;13,25;18,06;4,04;43;8,09;;;
LN0696;2025;1;janeiro;2025-01-29;SWB;M;42;5;Sandy/BB;13,25;18,06;4,04;43;8,09;;;
LN0697;2025;1;janeiro;2025-01-29;SWB;F;42;5;Sandy/BB;13,25;18,06;4,04;43;8,09;;;
LN0698;2025;1;janeiro;2025-01-29;SWB;F;42;5;Sandy/BB;13,25;18,06;4,04;43;8,09;;;
LN0699;2025;1;janeiro;2025-01-29;SWB;F;41;5;Sandy/BB;13,25;18,06;4,04;43;8,09;;;
LN0700;2025;1;janeiro;2025-01-29;SWB;M;41;5;Sandy/BB;13,25;18,06;4,04;43;8,09;;;
LN0701;2025;1;janeiro;2025-01-29;SWB;M;41;5;Sandy/BB;13,25;18,06;4,04;43;8,09;;;
LN0702;2025;1;janeiro;2025-01-29;SWB;M;41;5;Sandy/BB;13,25;18,06;4,04;43;8,09;;;
LN0703;2025;1;janeiro;2025-01-29;SWB;F;41;6;Sandy/BB;13,25;18,06;4,04;43;8,09;;;
LN0704;2025;1;janeiro;2025-01-29;SWB;F;41;6;Sandy/BB;13,25;18,06;4,04;43;8,09;;;
LN0705;2025;1;janeiro;2025-01-29;SWB;M;40;6;Sandy/BB;13,25;18,06;4,04;43;8,09;;;
LN0706;2025;1;janeiro;2025-01-29;SWB;F;40;6;Sandy/BB;13,25;18,06;4,04;43;8,09;;;
LN0707;2025;1;janeiro;2025-01-29;SWB;F;40;6;Sandy/BB;13,25;18,06;4,04;43;8,09;;;
LN0708;2025;1;janeiro;2025-01-29;SWB;F;40;6;Sandy/BB;13,25;18,06;4,04;43;8,09;;;
LN0709;2025;1;janeiro;2025-01-29;SWB;M;39;6;Sandy/BB;13,25;18,06;4,04;43;8,09;;;
LN0710;2025;1;janeiro;2025-01-29;SWB;F;39;6;Sandy/BB;13,25;18,06;4,04;43;8,09;;;
LN0711;2025;1;janeiro;2025-01-29;SWB;F;38;6;Sandy/BB;13,25;18,06;4,04;43;8,09;;;
LN0712;2025;1;janeiro;2025-01-29;SWB;F;37;6;Sandy/BB;13,25;18,06;4,04;43;8,09;;;
LN0713;2025;1;janeiro;2025-01-29;SWB;F;37;6;Sandy/BB;13,25;18,06;4,04;43;8,09;;;
LN0714;2025;3;marco;2025-03-28;DIAZ;M;90;1;In kelp rocky;13,69;45,02;6,66;85,1;7,6;;;
LN0715;2025;3;marco;2025-03-28;DIAZ;M;90;1;In kelp rocky;13,69;45,02;6,66;85,1;7,6;;;
LN0716;2025;3;marco;2025-03-28;DIAZ;M;68;1;In kelp rocky;13,69;45,02;6,66;85,1;7,6;;;
LN0717;2025;3;marco;2025-03-28;DIAZ;M;81;1;In kelp rocky;13,69;45,02;6,66;85,1;7,6;;;
LN0718;2025;3;marco;2025-03-28;DIAZ;M;58;1;In kelp rocky;13,69;45,02;6,66;85,1;7,6;;;
LN0719;2025;3;marco;2025-03-28;DIAZ;F;48;1;In kelp rocky;13,69;45,02;6,66;85,1;7,6;;;
LN0720;2025;3;marco;2025-03-28;DIAZ;M;53;1;In kelp rocky;13,69;45,02;6,66;85,1;7,6;;;
LN0721;2025;3;marco;2025-03-28;DIAZ;F;45;1;In kelp rocky;13,69;45,02;6,66;85,1;7,6;;;
LN0722;2025;3;marco;2025-03-28;DIAZ;M;53;1;In kelp rocky;13,69;45,02;6,66;85,1;7,6;;;
LN0723;2025;3;marco;2025-03-28;DIAZ;F;41;4;In kelp rocky;13,69;45,02;6,66;85,1;7,6;;;
LN0724;2025;3;marco;2025-03-28;DIAZ;M;46;4;In kelp rocky;13,69;45,02;6,66;85,1;7,6;;;
LN0725;2025;3;marco;2025-03-28;DIAZ;M;54;4;In kelp rocky;13,69;45,02;6,66;85,1;7,6;;;
LN0726;2025;3;marco;2025-03-28;DIAZ;M;49;4;In kelp rocky;13,69;45,02;6,66;85,1;7,6;;;
LN0727;2025;3;marco;2025-03-28;DIAZ;M;45;4;In kelp rocky;13,69;45,02;6,66;85,1;7,6;;;
LN0728;2025;3;marco;2025-03-28;DIAZ;M;62;4;In kelp rocky;13,69;45,02;6,66;85,1;7,6;;;
LN0729;2025;3;marco;2025-03-28;DIAZ;M;53;4;In kelp rocky;13,69;45,02;6,66;85,1;7,6;;;
LN0730;2025;3;marco;2025-03-28;DIAZ;M;49;4;In kelp rocky;13,69;45,02;6,66;85,1;7,6;;;
LN0731;2025;3;marco;2025-03-28;DIAZ;M;51;4;In kelp rocky;13,69;45,02;6,66;85,1;7,6;;;
LN0732;2025;3;marco;2025-03-28;DIAZ;M;55;4;In kelp rocky;13,69;45,02;6,66;85,1;7,6;;;
LN0733;2025;3;marco;2025-03-28;DIAZ;M;52;4;In kelp rocky;13,69;45,02;6,66;85,1;7,6;;;
LN0734;2025;3;marco;2025-03-28;DIAZ;M;47;4;In kelp rocky;13,69;45,02;6,66;85,1;7,6;;;
LN0735;2025;3;marco;2025-03-28;DIAZ;F;46;4;In kelp rocky;13,69;45,02;6,66;85,1;7,6;;;
LN0736;2025;3;marco;2025-03-28;DIAZ;M;53;4;In kelp rocky;13,69;45,02;6,66;85,1;7,6;;;
LN0737;2025;3;marco;2025-03-28;DIAZ;M;47;4;In kelp rocky;13,69;45,02;6,66;85,1;7,6;;;
LN0738;2025;3;marco;2025-03-28;DIAZ;M;45;4;In kelp rocky;13,69;45,02;6,66;85,1;7,6;;;
LN0739;2025;3;marco;2025-03-28;DIAZ;M;50;4;In kelp rocky;13,69;45,02;6,66;85,1;7,6;;;
LN0740;2025;3;marco;2025-03-28;DIAZ;F;46;5;In kelp rocky;13,69;45,02;6,66;85,1;7,6;;;
LN0741;2025;3;marco;2025-03-28;DIAZ;F;45;5;In kelp rocky;13,69;45,02;6,66;85,1;7,6;;;
LN0742;2025;3;marco;2025-03-28;DIAZ;F;46;5;In kelp rocky;13,69;45,02;6,66;85,1;7,6;;;
LN0743;2025;3;marco;2025-03-28;DIAZ;M;52;5;In kelp rocky;13,69;45,02;6,66;85,1;7,6;;;
LN0744;2025;3;marco;2025-03-28;DIAZ;M;53;5;In kelp rocky;13,69;45,02;6,66;85,1;7,6;;;
LN0745;2025;3;marco;2025-03-28;DIAZ;M;51;5;In kelp rocky;13,69;45,02;6,66;85,1;7,6;;;
LN0746;2025;3;marco;2025-03-28;DIAZ;M;57;5;In kelp rocky;13,69;45,02;6,66;85,1;7,6;;;
LN0747;2025;3;marco;2025-03-28;DIAZ;M;43;5;In kelp rocky;13,69;45,02;6,66;85,1;7,6;;;
LN0748;2025;3;marco;2025-03-28;DIAZ;F;43;5;In kelp rocky;13,69;45,02;6,66;85,1;7,6;;;
LN0749;2025;3;marco;2025-03-28;DIAZ;M;45;5;In kelp rocky;13,69;45,02;6,66;85,1;7,6;;;
LN0750;2025;3;marco;2025-03-28;DIAZ;F;45;5;In kelp rocky;13,69;45,02;6,66;85,1;7,6;;;
LN0751;2025;3;marco;2025-03-28;DIAZ;M;46;5;In kelp rocky;13,69;45,02;6,66;85,1;7,6;;;
LN0752;2025;3;marco;2025-03-28;DIAZ;M;44;5;In kelp rocky;13,69;45,02;6,66;85,1;7,6;;;
LN0753;2025;3;marco;2025-03-28;DIAZ;M;46;5;In kelp rocky;13,69;45,02;6,66;85,1;7,6;;;
LN0754;2025;3;marco;2025-03-28;DIAZ;M;44;5;In kelp rocky;13,69;45,02;6,66;85,1;7,6;;;
LN0755;2025;3;marco;2025-03-28;DIAZ;M;50;5;In kelp rocky;13,69;45,02;6,66;85,1;7,6;;;
LN0756;2025;3;marco;2025-03-28;DIAZ;M;46;5;In kelp rocky;13,69;45,02;6,66;85,1;7,6;;;
LN0757;2025;3;marco;2025-03-28;DIAZ;F;32;5;In kelp rocky;13,69;45,02;6,66;85,1;7,6;;;
LN0758;2025;3;marco;2025-03-28;DIAZ;M;37;5;In kelp rocky;13,69;45,02;6,66;85,1;7,6;;;
LN0759;2025;3;marco;2025-03-28;DIAZ;F;37;5;In kelp rocky;13,69;45,02;6,66;85,1;7,6;;;
LN0760;2025;3;marco;2025-03-28;DIAZ;F;33;5;In kelp rocky;13,69;45,02;6,66;85,1;7,6;;;
LN0761;2025;3;marco;2025-03-28;DIAZ;M;35;5;In kelp rocky;13,69;45,02;6,66;85,1;7,6;;;
LN0762;2025;3;marco;2025-03-28;DIAZ;F;33;;In kelp rocky;13,69;45,02;6,66;85,1;7,6;;;
LN0763;2025;3;marco;2025-03-28;SWB;M;56;2;In kelp/sandy;13,9;45,34;5,98;76,9;7,75;;;
LN0764;2025;3;marco;2025-03-28;SWB;F;38;2;In kelp/sandy;13,9;45,34;5,98;76,9;7,75;;;
LN0765;2025;3;marco;2025-03-28;SWB;F;48;2;In kelp/sandy;13,9;45,34;5,98;76,9;7,75;;;
LN0766;2025;3;marco;2025-03-28;SWB;F;47;2;In kelp/sandy;13,9;45,34;5,98;76,9;7,75;;;
LN0767;2025;3;marco;2025-03-28;SWB;M;57;2;In kelp/sandy;13,9;45,34;5,98;76,9;7,75;;;
LN0768;2025;3;marco;2025-03-28;SWB;F;46;2;In kelp/sandy;13,9;45,34;5,98;76,9;7,75;;;
LN0769;2025;3;marco;2025-03-28;SWB;M;54;2;In kelp/sandy;13,9;45,34;5,98;76,9;7,75;;;
LN0770;2025;3;marco;2025-03-28;SWB;F;45;2;In kelp/sandy;13,9;45,34;5,98;76,9;7,75;;;
LN0771;2025;3;marco;2025-03-28;SWB;F;50;2;In kelp/sandy;13,9;45,34;5,98;76,9;7,75;;;
LN0772;2025;3;marco;2025-03-28;SWB;M;51;2;In kelp/sandy;13,9;45,34;5,98;76,9;7,75;;;
LN0773;2025;3;marco;2025-03-28;SWB;F;45;2;In kelp/sandy;13,9;45,34;5,98;76,9;7,75;;;
LN0774;2025;3;marco;2025-03-28;SWB;F;47;2;In kelp/sandy;13,9;45,34;5,98;76,9;7,75;;;
LN0775;2025;3;marco;2025-03-28;SWB;F;47;2;In kelp/sandy;13,9;45,34;5,98;76,9;7,75;;;
LN0776;2025;3;marco;2025-03-28;SWB;F;50;2;In kelp/sandy;13,9;45,34;5,98;76,9;7,75;;;
LN0777;2025;3;marco;2025-03-28;SWB;F;48;2;In kelp/sandy;13,9;45,34;5,98;76,9;7,75;;;
LN0778;2025;3;marco;2025-03-28;SWB;F;48;2;In kelp/sandy;13,9;45,34;5,98;76,9;7,75;;;
LN0779;2025;3;marco;2025-03-28;SWB;M;44;2;In kelp/sandy;13,9;45,34;5,98;76,9;7,75;;;
LN0780;2025;3;marco;2025-03-28;SWB;M;50;2;In kelp/sandy;13,9;45,34;5,98;76,9;7,75;;;
LN0781;2025;3;marco;2025-03-28;SWB;M;44;2;In kelp/sandy;13,9;45,34;5,98;76,9;7,75;;;
LN0782;2025;3;marco;2025-03-28;SWB;F;41;2;In kelp/sandy;13,9;45,34;5,98;76,9;7,75;;;
LN0783;2025;3;marco;2025-03-28;SWB;F;46;2;In kelp/sandy;13,9;45,34;5,98;76,9;7,75;;;
LN0784;2025;3;marco;2025-03-28;SWB;M;45;2;In kelp/sandy;13,9;45,34;5,98;76,9;7,75;;;
LN0785;2025;3;marco;2025-03-28;SWB;M;47;2;In kelp/sandy;13,9;45,34;5,98;76,9;7,75;;;
LN0786;2025;3;marco;2025-03-28;SWB;M;45;2;In kelp/sandy;13,9;45,34;5,98;76,9;7,75;;;
LN0787;2025;3;marco;2025-03-28;SWB;M;44;2;In kelp/sandy;13,9;45,34;5,98;76,9;7,75;;;
LN0788;2025;3;marco;2025-03-28;SWB;F;48;2;In kelp/sandy;13,9;45,34;5,98;76,9;7,75;;;
LN0789;2025;3;marco;2025-03-28;SWB;F;46;2;In kelp/sandy;13,9;45,34;5,98;76,9;7,75;;;
LN0790;2025;3;marco;2025-03-28;SWB;M;45;2;In kelp/sandy;13,9;45,34;5,98;76,9;7,75;;;
LN0791;2025;3;marco;2025-03-28;SWB;M;50;2;In kelp/sandy;13,9;45,34;5,98;76,9;7,75;;;
LN0792;2025;3;marco;2025-03-28;SWB;F;40;2;In kelp/sandy;13,9;45,34;5,98;76,9;7,75;;;
LN0793;2025;3;marco;2025-03-28;SWB;F;47;2;In kelp/sandy;13,9;45,34;5,98;76,9;7,75;;;
LN0794;2025;3;marco;2025-03-28;SWB;M;54;2;In kelp/sandy;13,9;45,34;5,98;76,9;7,75;;;
LN0795;2025;3;marco;2025-03-28;SWB;F;54;2;In kelp/sandy;13,9;45,34;5,98;76,9;7,75;;;
LN0796;2025;3;marco;2025-03-28;SWB;M;45;2;In kelp/sandy;13,9;45,34;5,98;76,9;7,75;;;
LN0797;2025;3;marco;2025-03-28;SWB;F;47;2;In kelp/sandy;13,9;45,34;5,98;76,9;7,75;;;
LN0798;2025;3;marco;2025-03-28;SWB;M;54;2;In kelp/sandy;13,9;45,34;5,98;76,9;7,75;;;
LN0799;2025;3;marco;2025-03-28;SWB;M;52;2;In kelp/sandy;13,9;45,34;5,98;76,9;7,75;;;
LN0800;2025;3;marco;2025-03-28;SWB;F;41;2;In kelp/sandy;13,9;45,34;5,98;76,9;7,75;;;
LN0801;2025;3;marco;2025-03-28;SWB;F;42;2;In kelp/sandy;13,9;45,34;5,98;76,9;7,75;;;
LN0802;2025;3;marco;2025-03-28;SWB;F;43;2;In kelp/sandy;13,9;45,34;5,98;76,9;7,75;;;
LN0803;2025;3;marco;2025-03-28;SWB;M;41;2;In kelp/sandy;13,9;45,34;5,98;76,9;7,75;;;
LN0804;2025;3;marco;2025-03-28;SWB;F;38;2;In kelp/sandy;13,9;45,34;5,98;76,9;7,75;;;
LN0805;2025;3;marco;2025-03-28;SWB;M;44;3;In kelp/sandy;13,9;45,34;5,98;76,9;7,75;;;
LN0806;2025;3;marco;2025-03-28;SWB;F;41;3;In kelp/sandy;13,9;45,34;5,98;76,9;7,75;;;
LN0807;2025;3;marco;2025-03-28;SWB;M;42;3;In kelp/sandy;13,9;45,34;5,98;76,9;7,75;;;
LN0808;2025;3;marco;2025-03-28;SWB;F;45;3;In kelp/sandy;13,9;45,34;5,98;76,9;7,75;;;
LN0809;2025;3;marco;2025-03-28;SWB;M;44;3;In kelp/sandy;13,9;45,34;5,98;76,9;7,75;;;
LN0810;2025;3;marco;2025-03-28;SWB;M;44;3;In kelp/sandy;13,9;45,34;5,98;76,9;7,75;;;
LN0811;2025;3;marco;2025-03-28;SWB;M;44;3;In kelp/sandy;13,9;45,34;5,98;76,9;7,75;;;
LN0812;2025;3;marco;2025-03-28;SWB;M;47;3;In kelp/sandy;13,9;45,34;5,98;76,9;7,75;;;
LN0813;2025;3;marco;2025-03-28;SWB;F;49;3;In kelp/sandy;13,9;45,34;5,98;76,9;7,75;;;
LN0814;2025;3;marco;2025-03-28;SWB;F;40;3;In kelp/sandy;13,9;45,34;5,98;76,9;7,75;;;
LN0815;2025;3;marco;2025-03-28;SWB;M;52;3;In kelp/sandy;13,9;45,34;5,98;76,9;7,75;;;
LN0816;2025;3;marco;2025-03-28;SWB;F;47;3;In kelp/sandy;13,9;45,34;5,98;76,9;7,75;;;
LN0817;2025;3;marco;2025-03-28;SWB;M;46;3;In kelp/sandy;13,9;45,34;5,98;76,9;7,75;;;
LN0818;2025;3;marco;2025-03-28;SWB;M;40;3;In kelp/sandy;13,9;45,34;5,98;76,9;7,75;;;
LN0819;2025;3;marco;2025-03-28;SWB;M;37;3;In kelp/sandy;13,9;45,34;5,98;76,9;7,75;;;
LN0820;2025;3;marco;2025-03-28;SWB;F;47;3;In kelp/sandy;13,9;45,34;5,98;76,9;7,75;;;
LN0821;2025;3;marco;2025-03-28;SWB;F;41;3;In kelp/sandy;13,9;45,34;5,98;76,9;7,75;;;
LN0822;2025;3;marco;2025-03-28;SWB;M;41;3;In kelp/sandy;13,9;45,34;5,98;76,9;7,75;;;
LN0823;2025;3;marco;2025-03-28;SWB;F;36;3;In kelp/sandy;13,9;45,34;5,98;76,9;7,75;;;
LN0824;2025;3;marco;2025-03-28;SWB;M;37;3;In kelp/sandy;13,9;45,34;5,98;76,9;7,75;;;
LN0825;2025;3;marco;2025-03-28;SWB;F;37;3;In kelp/sandy;13,9;45,34;5,98;76,9;7,75;;;
LN0826;2025;3;marco;2025-03-28;SWB;M;46;3;In kelp/sandy;13,9;45,34;5,98;76,9;7,75;;;
LN0827;2025;3;marco;2025-03-28;SWB;M;39;3;In kelp/sandy;13,9;45,34;5,98;76,9;7,75;;;
LN0828;2025;3;marco;2025-03-28;SWB;M;48;3;In kelp/sandy;13,9;45,34;5,98;76,9;7,75;;;
LN0829;2025;3;marco;2025-03-28;SWB;F;40;3;In kelp/sandy;13,9;45,34;5,98;76,9;7,75;;;
LN0830;2025;3;marco;2025-03-28;SWB;M;36;3;In kelp/sandy;13,9;45,34;5,98;76,9;7,75;;;
LN0831;2025;3;marco;2025-03-28;SWB;M;42;3;In kelp/sandy;13,9;45,34;5,98;76,9;7,75;;;
LN0832;2025;3;marco;2025-03-28;SWB;M;37;3;In kelp/sandy;13,9;45,34;5,98;76,9;7,75;;;
LN0833;2025;3;marco;2025-03-28;SWB;M;49;3;In kelp/sandy;13,9;45,34;5,98;76,9;7,75;;;
LN0834;2025;3;marco;2025-03-28;SWB;F;40;3;In kelp/sandy;13,9;45,34;5,98;76,9;7,75;;;
LN0835;2025;3;marco;2025-03-28;SWB;F;50;3;In kelp/sandy;13,9;45,34;5,98;76,9;7,75;;;
LN0836;2025;3;marco;2025-03-28;SWB;M;46;3;In kelp/sandy;13,9;45,34;5,98;76,9;7,75;;;
LN0837;2025;3;marco;2025-03-28;SWB;M;55;3;In kelp/sandy;13,9;45,34;5,98;76,9;7,75;;;
LN0838;2025;3;marco;2025-03-28;SWB;M;50;3;In kelp/sandy;13,9;45,34;5,98;76,9;7,75;;;
LN0839;2025;3;marco;2025-03-28;SWB;F;46;3;In kelp/sandy;13,9;45,34;5,98;76,9;7,75;;;
LN0840;2025;3;marco;2025-03-28;SWB;M;40;3;In kelp/sandy;13,9;45,34;5,98;76,9;7,75;;;
LN0841;2025;3;marco;2025-03-28;SWB;M;42;3;In kelp/sandy;13,9;45,34;5,98;76,9;7,75;;;
LN0842;2025;3;marco;2025-03-28;SWB;F;48;3;In kelp/sandy;13,9;45,34;5,98;76,9;7,75;;;
LN0843;2025;3;marco;2025-03-28;SWB;F;46;3;In kelp/sandy;13,9;45,34;5,98;76,9;7,75;;;
LN0844;2025;3;marco;2025-03-28;SWB;F;45;3;In kelp/sandy;13,9;45,34;5,98;76,9;7,75;;;
LN0845;2025;3;marco;2025-03-28;SWB;F;44;3;In kelp/sandy;13,9;45,34;5,98;76,9;7,75;;;
LN0846;2025;3;marco;2025-03-28;SWB;M;46;3;In kelp/sandy;13,9;45,34;5,98;76,9;7,75;;;
LN0847;2025;3;marco;2025-03-28;SWB;F;43;3;In kelp/sandy;13,9;45,34;5,98;76,9;7,75;;;
LN0848;2025;3;marco;2025-03-28;SWB;M;40;6;In kelp/sandy;13,9;45,34;5,98;76,9;7,75;;;
LN0849;2025;3;marco;2025-03-28;SWB;M;52;6;In kelp/sandy;13,9;45,34;5,98;76,9;7,75;;;
LN0850;2025;3;marco;2025-03-28;SWB;F;45;6;In kelp/sandy;13,9;45,34;5,98;76,9;7,75;;;
LN0851;2025;3;marco;2025-03-28;SWB;F;43;6;In kelp/sandy;13,9;45,34;5,98;76,9;7,75;;;
LN0852;2025;3;marco;2025-03-28;SWB;M;47;6;In kelp/sandy;13,9;45,34;5,98;76,9;7,75;;;
LN0853;2025;3;marco;2025-03-28;SWB;F;46;6;In kelp/sandy;13,9;45,34;5,98;76,9;7,75;;;
LN0854;2025;3;marco;2025-03-28;SWB;F;45;6;In kelp/sandy;13,9;45,34;5,98;76,9;7,75;;;
LN0855;2025;3;marco;2025-03-28;SWB;F;46;6;In kelp/sandy;13,9;45,34;5,98;76,9;7,75;;;
LN0856;2025;3;marco;2025-03-28;SWB;M;49;6;In kelp/sandy;13,9;45,34;5,98;76,9;7,75;;;
LN0857;2025;3;marco;2025-03-28;SWB;M;43;6;In kelp/sandy;13,9;45,34;5,98;76,9;7,75;;;
LN0858;2025;3;marco;2025-03-28;SWB;F;43;6;In kelp/sandy;13,9;45,34;5,98;76,9;7,75;;;
LN0859;2025;3;marco;2025-03-28;SWB;F;46;6;In kelp/sandy;13,9;45,34;5,98;76,9;7,75;;;
LN0860;2025;3;marco;2025-03-28;SWB;F;55;6;In kelp/sandy;13,9;45,34;5,98;76,9;7,75;;;
LN0861;2025;3;marco;2025-03-28;SWB;M;47;6;In kelp/sandy;13,9;45,34;5,98;76,9;7,75;;;
LN0862;2025;3;marco;2025-03-28;SWB;M;48;6;In kelp/sandy;13,9;45,34;5,98;76,9;7,75;;;
LN0863;2025;3;marco;2025-03-28;SWB;M;55;6;In kelp/sandy;13,9;45,34;5,98;76,9;7,75;;;
LN0864;2025;3;marco;2025-03-28;SWB;M;43;6;In kelp/sandy;13,9;45,34;5,98;76,9;7,75;;;
LN0865;2025;3;marco;2025-03-28;SWB;F;45;6;In kelp/sandy;13,9;45,34;5,98;76,9;7,75;;;
LN0866;2025;3;marco;2025-03-28;SWB;F;49;6;In kelp/sandy;13,9;45,34;5,98;76,9;7,75;;;
LN0867;2025;3;marco;2025-03-28;SWB;M;41;6;In kelp/sandy;13,9;45,34;5,98;76,9;7,75;;;
LN0868;2025;3;marco;2025-03-28;SWB;M;39;6;In kelp/sandy;13,9;45,34;5,98;76,9;7,75;;;
LN0869;2025;3;marco;2025-03-28;SWB;F;41;6;In kelp/sandy;13,9;45,34;5,98;76,9;7,75;;;
LN0870;2025;3;marco;2025-03-28;SWB;M;41;6;In kelp/sandy;13,9;45,34;5,98;76,9;7,75;;;
LN0871;2025;3;marco;2025-03-28;SWB;F;47;6;In kelp/sandy;13,9;45,34;5,98;76,9;7,75;;;
LN0872;2025;3;marco;2025-03-28;SWB;M;49;6;In kelp/sandy;13,9;45,34;5,98;76,9;7,75;;;
LN0873;2025;3;marco;2025-03-28;SWB;M;49;6;In kelp/sandy;13,9;45,34;5,98;76,9;7,75;;;
LN0874;2025;3;marco;2025-03-28;SWB;M;49;6;In kelp/sandy;13,9;45,34;5,98;76,9;7,75;;;
LN0875;2025;3;marco;2025-03-28;SWB;M;58;6;In kelp/sandy;13,9;45,34;5,98;76,9;7,75;;;
LN0876;2025;3;marco;2025-03-28;SWB;M;45;6;In kelp/sandy;13,9;45,34;5,98;76,9;7,75;;;
LN0877;2025;3;marco;2025-03-28;SWB;F;43;6;In kelp/sandy;13,9;45,34;5,98;76,9;7,75;;;
LN0878;2025;3;marco;2025-03-28;SWB;F;50;6;In kelp/sandy;13,9;45,34;5,98;76,9;7,75;;;
LN0879;2025;3;marco;2025-03-28;SWB;M;49;6;In kelp/sandy;13,9;45,34;5,98;76,9;7,75;;;
LN0880;2025;3;marco;2025-03-28;SWB;M;54;6;In kelp/sandy;13,9;45,34;5,98;76,9;7,75;;;
LN0881;2025;3;marco;2025-03-28;SWB;M;47;6;In kelp/sandy;13,9;45,34;5,98;76,9;7,75;;;
LN0882;2025;3;marco;2025-03-28;SWB;F;39;6;In kelp/sandy;13,9;45,34;5,98;76,9;7,75;;;
LN0883;2025;3;marco;2025-03-28;SWB;F;50;6;In kelp/sandy;13,9;45,34;5,98;76,9;7,75;;;
LN0884;2025;3;marco;2025-03-28;SWB;F;53;6;In kelp/sandy;13,9;45,34;5,98;76,9;7,75;;;
LN0885;2025;3;marco;2025-03-28;SWB;F;49;6;In kelp/sandy;13,9;45,34;5,98;76,9;7,75;;;
LN0886;2025;3;marco;2025-03-28;SWB;F;54;6;In kelp/sandy;13,9;45,34;5,98;76,9;7,75;;;
LN0887;2025;3;marco;2025-03-28;SWB;F;43;6;In kelp/sandy;13,9;45,34;5,98;76,9;7,75;;;
LN0888;2025;3;marco;2025-03-28;SWB;M;54;6;In kelp/sandy;13,9;45,34;5,98;76,9;7,75;;;
LN0889;2025;3;marco;2025-03-28;SWB;M;49;6;In kelp/sandy;13,9;45,34;5,98;76,9;7,75;;;
LN0890;2025;3;marco;2025-03-28;SWB;M;40;6;In kelp/sandy;13,9;45,34;5,98;76,9;7,75;;;
LN0891;2025;3;marco;2025-03-28;SWB;F;43;6;In kelp/sandy;13,9;45,34;5,98;76,9;7,75;;;
LN0892;2025;3;marco;2025-03-28;SWB;M;41;6;In kelp/sandy;13,9;45,34;5,98;76,9;7,75;;;
LN0893;2025;3;marco;2025-03-28;SWB;M;44;6;In kelp/sandy;13,9;45,34;5,98;76,9;7,75;;;
LN0894;2025;3;marco;2025-03-28;SWB;F;43;6;In kelp/sandy;13,9;45,34;5,98;76,9;7,75;;;
LN0895;2025;3;marco;2025-03-28;SWB;M;52;6;In kelp/sandy;13,9;45,34;5,98;76,9;7,75;;;
LN0896;2025;3;marco;2025-03-28;SWB;M;52;6;In kelp/sandy;13,9;45,34;5,98;76,9;7,75;;;
LN0897;2025;3;marco;2025-03-28;SWB;F;39;6;In kelp/sandy;13,9;45,34;5,98;76,9;7,75;;;
LN0898;2025;3;marco;2025-03-28;SWB;F;45;6;In kelp/sandy;13,9;45,34;5,98;76,9;7,75;;;
LN0899;2025;3;marco;2025-03-28;SWB;M;46;6;In kelp/sandy;13,9;45,34;5,98;76,9;7,75;;;
LN0900;2025;3;marco;2025-03-28;SWB;F;46;6;In kelp/sandy;13,9;45,34;5,98;76,9;7,75;;;
LN0901;2025;3;marco;2025-03-28;SWB;M;50;6;In kelp/sandy;13,9;45,34;5,98;76,9;7,75;;;
LN0902;2025;3;marco;2025-03-28;SWB;M;38;6;In kelp/sandy;13,9;45,34;5,98;76,9;7,75;;;
LN0903;2025;3;marco;2025-03-28;SWB;M;47;6;In kelp/sandy;13,9;45,34;5,98;76,9;7,75;;;
LN0904;2025;3;marco;2025-03-28;SWB;F;45;6;In kelp/sandy;13,9;45,34;5,98;76,9;7,75;;;
LN0905;2025;3;marco;2025-03-28;SWB;F;42;6;In kelp/sandy;13,9;45,34;5,98;76,9;7,75;;;
LN0906;2025;3;marco;2025-03-28;SWB;F;47;6;In kelp/sandy;13,9;45,34;5,98;76,9;7,75;;;
LN0907;2025;3;marco;2025-03-28;SWB;F;42;6;In kelp/sandy;13,9;45,34;5,98;76,9;7,75;;;
LN0908;2025;3;marco;2025-03-28;SWB;M;46;6;In kelp/sandy;13,9;45,34;5,98;76,9;7,75;;;
LN0909;2025;3;marco;2025-03-28;SWB;M;42;6;In kelp/sandy;13,9;45,34;5,98;76,9;7,75;;;
LN0910;2025;3;marco;2025-03-28;SWB;M;50;6;In kelp/sandy;13,9;45,34;5,98;76,9;7,75;;;
LN0911;2025;3;marco;2025-03-28;SWB;M;45;6;In kelp/sandy;13,9;45,34;5,98;76,9;7,75;;;
LN0912;2025;3;marco;2025-03-28;SWB;F;48;6;In kelp/sandy;13,9;45,34;5,98;76,9;7,75;;;
LN0913;2025;3;marco;2025-03-28;SWB;F;42;6;In kelp/sandy;13,9;45,34;5,98;76,9;7,75;;;
LN0914;2025;3;marco;2025-03-28;SWB;M;42;6;In kelp/sandy;13,9;45,34;5,98;76,9;7,75;;;
LN0915;2025;3;marco;2025-03-28;SWB;F;49;6;In kelp/sandy;13,9;45,34;5,98;76,9;7,75;;;
LN0916;2025;3;marco;2025-03-28;SWB;F;45;6;In kelp/sandy;13,9;45,34;5,98;76,9;7,75;;;
LN0917;2025;3;marco;2025-03-28;SWB;M;44;6;In kelp/sandy;13,9;45,34;5,98;76,9;7,75;;;
LN0918;2025;3;marco;2025-03-28;SWB;F;46;6;In kelp/sandy;13,9;45,34;5,98;76,9;7,75;;;
LN0919;2025;3;marco;2025-03-28;SWB;M;45;6;In kelp/sandy;13,9;45,34;5,98;76,9;7,75;;;
LN0920;2025;3;marco;2025-03-28;SWB;M;40;6;In kelp/sandy;13,9;45,34;5,98;76,9;7,75;;;
LN0921;2025;3;marco;2025-03-28;SWB;F;45;6;In kelp/sandy;13,9;45,34;5,98;76,9;7,75;;;
LN0922;2025;3;marco;2025-03-28;SWB;F;49;6;In kelp/sandy;13,9;45,34;5,98;76,9;7,75;;;
LN0923;2025;3;marco;2025-03-28;SWB;F;49;6;In kelp/sandy;13,9;45,34;5,98;76,9;7,75;;;
LN0924;2025;3;marco;2025-03-28;SWB;F;42;6;In kelp/sandy;13,9;45,34;5,98;76,9;7,75;;;
LN0925;2025;3;marco;2025-03-28;SWB;F;41;6;In kelp/sandy;13,9;45,34;5,98;76,9;7,75;;;
LN0926;2025;3;marco;2025-03-28;SWB;F;50;6;In kelp/sandy;13,9;45,34;5,98;76,9;7,75;;;
LN0927;2025;3;marco;2025-03-28;SWB;F;56;6;In kelp/sandy;13,9;45,34;5,98;76,9;7,75;;;
LN0928;2025;3;marco;2025-03-28;SWB;F;51;6;In kelp/sandy;13,9;45,34;5,98;76,9;7,75;;;
LN0929;2025;3;marco;2025-03-28;SWB;M;46;6;In kelp/sandy;13,9;45,34;5,98;76,9;7,75;;;
LN0930;2025;3;marco;2025-03-28;SWB;F;47;6;In kelp/sandy;13,9;45,34;5,98;76,9;7,75;;;
LN0931;2025;3;marco;2025-03-28;SWB;F;43;6;In kelp/sandy;13,9;45,34;5,98;76,9;7,75;;;
LN0932;2025;3;marco;2025-03-28;SWB;F;48;6;In kelp/sandy;13,9;45,34;5,98;76,9;7,75;;;
LN0933;2025;3;marco;2025-03-28;SWB;M;54;6;In kelp/sandy;13,9;45,34;5,98;76,9;7,75;;;
LN0934;2025;3;marco;2025-03-28;SWB;F;45;6;In kelp/sandy;13,9;45,34;5,98;76,9;7,75;;;
LN0935;2025;3;marco;2025-03-28;SWB;F;41;6;In kelp/sandy;13,9;45,34;5,98;76,9;7,75;;;
LN0936;2025;3;marco;2025-03-28;SWB;F;38;6;In kelp/sandy;13,9;45,34;5,98;76,9;7,75;;;
LN0937;2025;3;marco;2025-03-28;SWB;F;39;6;In kelp/sandy;13,9;45,34;5,98;76,9;7,75;;;
LN0938;2025;3;marco;2025-03-28;SWB;F;40;6;In kelp/sandy;13,9;45,34;5,98;76,9;7,75;;;
LN0939;2025;3;marco;2025-03-28;SWB;F;46;6;In kelp/sandy;13,9;45,34;5,98;76,9;7,75;;;
LN0940;2025;3;marco;2025-03-28;SWB;M;55;6;In kelp/sandy;13,9;45,34;5,98;76,9;7,75;;;
LN0941;2025;3;marco;2025-03-28;SWB;M;36;6;In kelp/sandy;13,9;45,34;5,98;76,9;7,75;;;
LN0942;2025;3;marco;2025-03-28;SWB;F;51;6;In kelp/sandy;13,9;45,34;5,98;76,9;7,75;;;
LN0943;2025;3;marco;2025-03-28;SWB;M;47;6;In kelp/sandy;13,9;45,34;5,98;76,9;7,75;;;
LN0944;2025;3;marco;2025-03-28;SWB;F;58;6;In kelp/sandy;13,9;45,34;5,98;76,9;7,75;;;
LN0945;2025;3;marco;2025-03-28;SWB;F;40;6;In kelp/sandy;13,9;45,34;5,98;76,9;7,75;;;
LN0946;2025;3;marco;2025-03-28;SWB;M;41;6;In kelp/sandy;13,9;45,34;5,98;76,9;7,75;;;
LN0947;2025;3;marco;2025-03-28;SWB;M;41;6;In kelp/sandy;13,9;45,34;5,98;76,9;7,75;;;
LN0948;2025;3;marco;2025-03-28;SWB;F;44;6;In kelp/sandy;13,9;45,34;5,98;76,9;7,75;;;
LN0949;2025;3;marco;2025-03-28;SWB;F;47;6;In kelp/sandy;13,9;45,34;5,98;76,9;7,75;;;
LN0950;2025;3;marco;2025-03-28;SWB;M;80;6;In kelp/sandy;13,9;45,34;5,98;76,9;7,75;;;
LN0951;2025;3;marco;2025-03-28;SWB;M;60;6;In kelp/sandy;13,9;45,34;5,98;76,9;7,75;;;
LN0952;2025;3;marco;2025-03-28;SWB;M;53;6;In kelp/sandy;13,9;45,34;5,98;76,9;7,75;;;
LN0953;2025;3;marco;2025-03-28;SWB;F;55;6;In kelp/sandy;13,9;45,34;5,98;76,9;7,75;;;
LN0954;2025;3;marco;2025-03-28;SWB;M;57;6;In kelp/sandy;13,9;45,34;5,98;76,9;7,75;;;
LN0955;2025;3;marco;2025-03-28;SWB;F;56;6;In kelp/sandy;13,9;45,34;5,98;76,9;7,75;;;
LN0956;2025;3;marco;2025-03-28;SWB;M;56;6;In kelp/sandy;13,9;45,34;5,98;76,9;7,75;;;
LN0957;2025;3;marco;2025-03-28;SWB;F;50;6;In kelp/sandy;13,9;45,34;5,98;76,9;7,75;;;
LN0958;2025;3;marco;2025-03-28;SWB;F;51;6;In kelp/sandy;13,9;45,34;5,98;76,9;7,75;;;
LN0959;2025;3;marco;2025-03-28;SWB;F;49;6;In kelp/sandy;13,9;45,34;5,98;76,9;7,75;;;
LN0960;2025;3;marco;2025-03-28;SWB;F;55;6;In kelp/sandy;13,9;45,34;5,98;76,9;7,75;;;
LN0961;2025;3;marco;2025-03-28;SWB;M;60;6;In kelp/sandy;13,9;45,34;5,98;76,9;7,75;;;
LN0962;2025;3;marco;2025-03-28;SWB;M;56;6;In kelp/sandy;13,9;45,34;5,98;76,9;7,75;;;
LN0963;2025;3;marco;2025-03-28;SWB;F;55;6;In kelp/sandy;13,9;45,34;5,98;76,9;7,75;;;
LN0964;2025;3;marco;2025-03-28;SWB;M;52;6;In kelp/sandy;13,9;45,34;5,98;76,9;7,75;;;
LN0965;2025;3;marco;2025-03-28;SWB;F;62;6;In kelp/sandy;13,9;45,34;5,98;76,9;7,75;;;
LN0966;2025;3;marco;2025-03-28;SWB;F;55;6;In kelp/sandy;13,9;45,34;5,98;76,9;7,75;;;
LN0967;2025;3;marco;2025-03-28;SWB;M;53;6;In kelp/sandy;13,9;45,34;5,98;76,9;7,75;;;
LN0968;2025;3;marco;2025-03-28;SWB;F;50;6;In kelp/sandy;13,9;45,34;5,98;76,9;7,75;;;
LN0969;2025;3;marco;2025-03-28;SWB;F;50;6;In kelp/sandy;13,9;45,34;5,98;76,9;7,75;;;
LN0970;2025;3;marco;2025-03-28;SWB;F;54;6;In kelp/sandy;13,9;45,34;5,98;76,9;7,75;;;
LN0971;2025;3;marco;2025-03-28;SWB;F;56;6;In kelp/sandy;13,9;45,34;5,98;76,9;7,75;;;
LN0972;2025;3;marco;2025-03-28;SWB;M;55;6;In kelp/sandy;13,9;45,34;5,98;76,9;7,75;;;
LN0973;2025;3;marco;2025-03-28;SWB;F;51;6;In kelp/sandy;13,9;45,34;5,98;76,9;7,75;;;
LN0974;2025;3;marco;2025-03-28;SWB;F;54;6;In kelp/sandy;13,9;45,34;5,98;76,9;7,75;;;
LN0975;2025;3;marco;2025-03-28;SWB;M;51;6;In kelp/sandy;13,9;45,34;5,98;76,9;7,75;;;
LN0976;2025;3;marco;2025-03-28;SWB;F;50;6;In kelp/sandy;13,9;45,34;5,98;76,9;7,75;;;
LN0977;2025;3;marco;2025-03-28;SWB;F;49;6;In kelp/sandy;13,9;45,34;5,98;76,9;7,75;;;
LN0978;2025;3;marco;2025-03-28;SWB;M;52;6;In kelp/sandy;13,9;45,34;5,98;76,9;7,75;;;
LN0979;2025;3;marco;2025-03-28;SWB;F;54;6;In kelp/sandy;13,9;45,34;5,98;76,9;7,75;;;
LN0980;2025;3;marco;2025-03-28;SWB;F;50;6;In kelp/sandy;13,9;45,34;5,98;76,9;7,75;;;
LN0981;2025;3;marco;2025-03-28;SWB;M;52;6;In kelp/sandy;13,9;45,34;5,98;76,9;7,75;;;
LN0982;2025;3;marco;2025-03-28;SWB;F;42;6;In kelp/sandy;13,9;45,34;5,98;76,9;7,75;;;
LN0983;2025;3;marco;2025-03-28;SWB;M;53;6;In kelp/sandy;13,9;45,34;5,98;76,9;7,75;;;
LN0984;2025;3;marco;2025-03-28;SWB;M;48;6;In kelp/sandy;13,9;45,34;5,98;76,9;7,75;;;
LN0985;2025;3;marco;2025-03-28;SWB;M;52;6;In kelp/sandy;13,9;45,34;5,98;76,9;7,75;;;
LN0986;2025;3;marco;2025-03-28;SWB;M;44;6;In kelp/sandy;13,9;45,34;5,98;76,9;7,75;;;
LN0987;2025;3;marco;2025-03-28;SWB;F;47;6;In kelp/sandy;13,9;45,34;5,98;76,9;7,75;;;
LN0988;2025;3;marco;2025-03-28;SWB;M;54;6;In kelp/sandy;13,9;45,34;5,98;76,9;7,75;;;
LN0989;2025;3;marco;2025-03-28;SWB;M;53;6;In kelp/sandy;13,9;45,34;5,98;76,9;7,75;;;
LN0990;2025;4;abril;2025-04-17;DIAZ;M;65;4;Rocky /in kelp;11,8;16,26;5,76;61,8;7,69;;;
LN0991;2025;4;abril;2025-04-17;DIAZ;M;60;4;Rocky /in kelp;11,8;16,26;5,76;61,8;7,69;;;
LN0992;2025;4;abril;2025-04-17;DIAZ;M;60;4;Rocky /in kelp;11,8;16,26;5,76;61,8;7,69;;;
LN0993;2025;4;abril;2025-04-17;DIAZ;M;60;4;Rocky /in kelp;11,8;16,26;5,76;61,8;7,69;;;
LN0994;2025;4;abril;2025-04-17;DIAZ;M;51;4;Rocky /in kelp;11,8;16,26;5,76;61,8;7,69;;;
LN0995;2025;4;abril;2025-04-17;DIAZ;M;54;4;Rocky /in kelp;11,8;16,26;5,76;61,8;7,69;;;
LN0996;2025;4;abril;2025-04-17;DIAZ;M;55;4;Rocky /in kelp;11,8;16,26;5,76;61,8;7,69;;;
LN0997;2025;4;abril;2025-04-17;DIAZ;M;55;4;Rocky /in kelp;11,8;16,26;5,76;61,8;7,69;;;
LN0998;2025;4;abril;2025-04-17;DIAZ;M;51;4;Rocky /in kelp;11,8;16,26;5,76;61,8;7,69;;;
LN0999;2025;4;abril;2025-04-17;DIAZ;M;51;4;Rocky /in kelp;11,8;16,26;5,76;61,8;7,69;;;
LN1000;2025;4;abril;2025-04-17;DIAZ;M;52;4;Rocky /in kelp;11,8;16,26;5,76;61,8;7,69;;;
LN1001;2025;4;abril;2025-04-17;DIAZ;M;54;4;Rocky /in kelp;11,8;16,26;5,76;61,8;7,69;;;
LN1002;2025;4;abril;2025-04-17;DIAZ;F;54;4;Rocky /in kelp;11,8;16,26;5,76;61,8;7,69;;;
LN1003;2025;4;abril;2025-04-17;DIAZ;M;51;4;Rocky /in kelp;11,8;16,26;5,76;61,8;7,69;;;
LN1004;2025;4;abril;2025-04-17;DIAZ;F;48;4;Rocky /in kelp;11,8;16,26;5,76;61,8;7,69;;;
LN1005;2025;4;abril;2025-04-17;DIAZ;M;48;4;Rocky /in kelp;11,8;16,26;5,76;61,8;7,69;;;
LN1006;2025;4;abril;2025-04-17;DIAZ;M;51;6;Rocky /in kelp;11,8;16,26;5,76;61,8;7,69;;;
LN1007;2025;4;abril;2025-04-17;DIAZ;M;48;6;Rocky /in kelp;11,8;16,26;5,76;61,8;7,69;;;
LN1008;2025;4;abril;2025-04-17;DIAZ;M;48;6;Rocky /in kelp;11,8;16,26;5,76;61,8;7,69;;;
LN1009;2025;4;abril;2025-04-17;DIAZ;M;52;6;Rocky /in kelp;11,8;16,26;5,76;61,8;7,69;;;
LN1010;2025;4;abril;2025-04-17;DIAZ;M;42;6;Rocky /in kelp;11,8;16,26;5,76;61,8;7,69;;;
LN1011;2025;4;abril;2025-04-17;DIAZ;F;44;6;Rocky /in kelp;11,8;16,26;5,76;61,8;7,69;;;
LN1012;2025;4;abril;2025-04-17;DIAZ;M;49;6;Rocky /in kelp;11,8;16,26;5,76;61,8;7,69;;;
LN1013;2025;4;abril;2025-04-17;DIAZ;F;40;6;Rocky /in kelp;11,8;16,26;5,76;61,8;7,69;;;
LN1014;2025;4;abril;2025-04-17;SWB;F;47;3;in kelp/muddy;12,69;32,63;6,73;78;7,76;;;
LN1015;2025;4;abril;2025-04-17;SWB;M;43;3;in kelp/muddy;12,69;32,63;6,73;78;7,76;;;
LN1016;2025;4;abril;2025-04-17;SWB;F;46;3;in kelp/muddy;12,69;32,63;6,73;78;7,76;;;
LN1017;2025;4;abril;2025-04-17;SWB;M;53;3;in kelp/muddy;12,69;32,63;6,73;78;7,76;;;
LN1018;2025;4;abril;2025-04-17;SWB;F;37;3;in kelp/muddy;12,69;32,63;6,73;78;7,76;;;
LN1019;2025;4;abril;2025-04-17;SWB;M;41;3;in kelp/muddy;12,69;32,63;6,73;78;7,76;;;
LN1020;2025;4;abril;2025-04-17;SWB;F;40;3;in kelp/muddy;12,69;32,63;6,73;78;7,76;;;
LN1021;2025;4;abril;2025-04-17;SWB;M;48;3;in kelp/muddy;12,69;32,63;6,73;78;7,76;;;
LN1022;2025;4;abril;2025-04-17;SWB;M;43;3;in kelp/muddy;12,69;32,63;6,73;78;7,76;;;
LN1023;2025;4;abril;2025-04-17;SWB;F;46;3;in kelp/muddy;12,69;32,63;6,73;78;7,76;;;
LN1024;2025;4;abril;2025-04-17;SWB;M;43;3;in kelp/muddy;12,69;32,63;6,73;78;7,76;;;
LN1025;2025;4;abril;2025-04-17;SWB;F;49;3;in kelp/muddy;12,69;32,63;6,73;78;7,76;;;
LN1026;2025;4;abril;2025-04-17;SWB;F;33;3;in kelp/muddy;12,69;32,63;6,73;78;7,76;;;
LN1027;2025;4;abril;2025-04-17;SWB;M;47;3;in kelp/muddy;12,69;32,63;6,73;78;7,76;;;
LN1028;2025;4;abril;2025-04-17;SWB;F;42;3;in kelp/muddy;12,69;32,63;6,73;78;7,76;;;
LN1029;2025;4;abril;2025-04-17;SWB;M;44;3;in kelp/muddy;12,69;32,63;6,73;78;7,76;;;
LN1030;2025;4;abril;2025-04-17;SWB;F;47;3;in kelp/muddy;12,69;32,63;6,73;78;7,76;;;
LN1031;2025;4;abril;2025-04-17;SWB;M;44;3;in kelp/muddy;12,69;32,63;6,73;78;7,76;;;
LN1032;2025;4;abril;2025-04-17;SWB;F;39;3;in kelp/muddy;12,69;32,63;6,73;78;7,76;;;
LN1033;2025;4;abril;2025-04-17;SWB;F;41;3;in kelp/muddy;12,69;32,63;6,73;78;7,76;;;
LN1034;2025;4;abril;2025-04-17;SWB;F;43;3;in kelp/muddy;12,69;32,63;6,73;78;7,76;;;
LN1035;2025;4;abril;2025-04-17;SWB;M;48;3;in kelp/muddy;12,69;32,63;6,73;78;7,76;;;
LN1036;2025;4;abril;2025-04-17;SWB;M;50;3;in kelp/muddy;12,69;32,63;6,73;78;7,76;;;
LN1037;2025;4;abril;2025-04-17;SWB;F;39;3;in kelp/muddy;12,69;32,63;6,73;78;7,76;;;
LN1038;2025;4;abril;2025-04-17;SWB;M;43;3;in kelp/muddy;12,69;32,63;6,73;78;7,76;;;
LN1039;2025;4;abril;2025-04-17;SWB;F;37;3;in kelp/muddy;12,69;32,63;6,73;78;7,76;;;
LN1040;2025;4;abril;2025-04-17;SWB;M;41;3;in kelp/muddy;12,69;32,63;6,73;78;7,76;;;
LN1041;2025;4;abril;2025-04-17;SWB;F;41;3;in kelp/muddy;12,69;32,63;6,73;78;7,76;;;
LN1042;2025;4;abril;2025-04-17;SWB;F;41;3;in kelp/muddy;12,69;32,63;6,73;78;7,76;;;
LN1043;2025;4;abril;2025-04-17;SWB;M;42;3;in kelp/muddy;12,69;32,63;6,73;78;7,76;;;
LN1044;2025;4;abril;2025-04-17;SWB;M;46;3;in kelp/muddy;12,69;32,63;6,73;78;7,76;;;
LN1045;2025;4;abril;2025-04-17;SWB;M;49;3;in kelp/muddy;12,69;32,63;6,73;78;7,76;;;
LN1046;2025;4;abril;2025-04-17;SWB;F;47;3;in kelp/muddy;12,69;32,63;6,73;78;7,76;;;
LN1047;2025;4;abril;2025-04-17;SWB;F;42;3;in kelp/muddy;12,69;32,63;6,73;78;7,76;;;
LN1048;2025;4;abril;2025-04-17;SWB;M;45;3;in kelp/muddy;12,69;32,63;6,73;78;7,76;;;
LN1049;2025;4;abril;2025-04-17;SWB;M;40;3;in kelp/muddy;12,69;32,63;6,73;78;7,76;;;
LN1050;2025;4;abril;2025-04-17;SWB;F;43;3;in kelp/muddy;12,69;32,63;6,73;78;7,76;;;
LN1051;2025;4;abril;2025-04-17;SWB;M;49;3;in kelp/muddy;12,69;32,63;6,73;78;7,76;;;
LN1052;2025;4;abril;2025-04-17;SWB;M;55;3;in kelp/muddy;12,69;32,63;6,73;78;7,76;;;
LN1053;2025;4;abril;2025-04-17;SWB;M;60;3;in kelp/muddy;12,69;32,63;6,73;78;7,76;;;
LN1054;2025;4;abril;2025-04-17;SWB;M;57;3;in kelp/muddy;12,69;32,63;6,73;78;7,76;;;
LN1055;2025;4;abril;2025-04-17;SWB;M;44;3;in kelp/muddy;12,69;32,63;6,73;78;7,76;;;
LN1056;2025;4;abril;2025-04-17;SWB;F;50;3;in kelp/muddy;12,69;32,63;6,73;78;7,76;;;
LN1057;2025;4;abril;2025-04-17;SWB;F;52;3;in kelp/muddy;12,69;32,63;6,73;78;7,76;;;
LN1058;2025;4;abril;2025-04-17;SWB;M;43;3;in kelp/muddy;12,69;32,63;6,73;78;7,76;;;
LN1059;2025;4;abril;2025-04-17;SWB;M;49;3;in kelp/muddy;12,69;32,63;6,73;78;7,76;;;
LN1060;2025;4;abril;2025-04-17;SWB;F;46;3;in kelp/muddy;12,69;32,63;6,73;78;7,76;;;
LN1061;2025;4;abril;2025-04-17;SWB;F;49;3;in kelp/muddy;12,69;32,63;6,73;78;7,76;;;
LN1062;2025;4;abril;2025-04-17;SWB;M;43;3;in kelp/muddy;12,69;32,63;6,73;78;7,76;;;
LN1063;2025;4;abril;2025-04-17;SWB;F;46;3;in kelp/muddy;12,69;32,63;6,73;78;7,76;;;
LN1064;2025;4;abril;2025-04-17;SWB;F;45;3;in kelp/muddy;12,69;32,63;6,73;78;7,76;;;
LN1065;2025;4;abril;2025-04-17;SWB;M;40;3;in kelp/muddy;12,69;32,63;6,73;78;7,76;;;
LN1066;2025;4;abril;2025-04-17;SWB;F;54;3;in kelp/muddy;12,69;32,63;6,73;78;7,76;;;
LN1067;2025;4;abril;2025-04-17;SWB;F;41;3;in kelp/muddy;12,69;32,63;6,73;78;7,76;;;
LN1068;2025;4;abril;2025-04-17;SWB;M;48;3;in kelp/muddy;12,69;32,63;6,73;78;7,76;;;
LN1069;2025;4;abril;2025-04-17;SWB;M;51;3;in kelp/muddy;12,69;32,63;6,73;78;7,76;;;
LN1070;2025;4;abril;2025-04-17;SWB;M;42;3;in kelp/muddy;12,69;32,63;6,73;78;7,76;;;
LN1071;2025;4;abril;2025-04-17;SWB;F;42;3;in kelp/muddy;12,69;32,63;6,73;78;7,76;;;
LN1072;2025;4;abril;2025-04-17;SWB;M;56;3;in kelp/muddy;12,69;32,63;6,73;78;7,76;;;
LN1073;2025;4;abril;2025-04-17;SWB;M;42;3;in kelp/muddy;12,69;32,63;6,73;78;7,76;;;
LN1074;2025;4;abril;2025-04-17;SWB;M;53;3;in kelp/muddy;12,69;32,63;6,73;78;7,76;;;
LN1075;2025;4;abril;2025-04-17;SWB;M;59;3;in kelp/muddy;12,69;32,63;6,73;78;7,76;;;
LN1076;2025;4;abril;2025-04-17;SWB;F;41;3;in kelp/muddy;12,69;32,63;6,73;78;7,76;;;
LN1077;2025;4;abril;2025-04-17;SWB;M;53;3;in kelp/muddy;12,69;32,63;6,73;78;7,76;;;
LN1078;2025;4;abril;2025-04-17;SWB;M;51;3;in kelp/muddy;12,69;32,63;6,73;78;7,76;;;
LN1079;2025;4;abril;2025-04-17;SWB;M;54;3;in kelp/muddy;12,69;32,63;6,73;78;7,76;;;
LN1080;2025;4;abril;2025-04-17;SWB;M;44;3;in kelp/muddy;12,69;32,63;6,73;78;7,76;;;
LN1081;2025;4;abril;2025-04-17;SWB;F;52;3;in kelp/muddy;12,69;32,63;6,73;78;7,76;;;
LN1082;2025;4;abril;2025-04-17;SWB;M;53;3;in kelp/muddy;12,69;32,63;6,73;78;7,76;;;
LN1083;2025;4;abril;2025-04-17;SWB;M;54;3;in kelp/muddy;12,69;32,63;6,73;78;7,76;;;
LN1084;2025;4;abril;2025-04-17;SWB;M;39;3;in kelp/muddy;12,69;32,63;6,73;78;7,76;;;
LN1085;2025;4;abril;2025-04-17;SWB;M;53;3;in kelp/muddy;12,69;32,63;6,73;78;7,76;;;
LN1086;2025;4;abril;2025-04-17;SWB;M;41;3;in kelp/muddy;12,69;32,63;6,73;78;7,76;;;
LN1087;2025;4;abril;2025-04-17;SWB;F;41;3;in kelp/muddy;12,69;32,63;6,73;78;7,76;;;
LN1088;2025;4;abril;2025-04-17;SWB;F;46;3;in kelp/muddy;12,69;32,63;6,73;78;7,76;;;
LN1089;2025;4;abril;2025-04-17;SWB;F;49;3;in kelp/muddy;12,69;32,63;6,73;78;7,76;;;
LN1090;2025;4;abril;2025-04-17;SWB;M;44;3;in kelp/muddy;12,69;32,63;6,73;78;7,76;;;
LN1091;2025;4;abril;2025-04-17;SWB;F;43;3;in kelp/muddy;12,69;32,63;6,73;78;7,76;;;
LN1092;2025;4;abril;2025-04-17;SWB;M;45;3;in kelp/muddy;12,69;32,63;6,73;78;7,76;;;
LN1093;2025;4;abril;2025-04-17;SWB;M;51;3;in kelp/muddy;12,69;32,63;6,73;78;7,76;;;
LN1094;2025;4;abril;2025-04-17;SWB;M;39;3;in kelp/muddy;12,69;32,63;6,73;78;7,76;;;
LN1095;2025;4;abril;2025-04-17;SWB;F;55;3;in kelp/muddy;12,69;32,63;6,73;78;7,76;;;
LN1096;2025;4;abril;2025-04-17;SWB;M;44;3;in kelp/muddy;12,69;32,63;6,73;78;7,76;;;
LN1097;2025;4;abril;2025-04-17;SWB;M;49;3;in kelp/muddy;12,69;32,63;6,73;78;7,76;;;
LN1098;2025;4;abril;2025-04-17;SWB;F;51;3;in kelp/muddy;12,69;32,63;6,73;78;7,76;;;
LN1099;2025;4;abril;2025-04-17;SWB;F;43;3;in kelp/muddy;12,69;32,63;6,73;78;7,76;;;
LN1100;2025;4;abril;2025-04-17;SWB;M;58;3;in kelp/muddy;12,69;32,63;6,73;78;7,76;;;
LN1101;2025;4;abril;2025-04-17;SWB;M;42;3;in kelp/muddy;12,69;32,63;6,73;78;7,76;;;
LN1102;2025;4;abril;2025-04-17;SWB;F;56;3;in kelp/muddy;12,69;32,63;6,73;78;7,76;;;
LN1103;2025;4;abril;2025-04-17;SWB;M;49;3;in kelp/muddy;12,69;32,63;6,73;78;7,76;;;
LN1104;2025;4;abril;2025-04-17;SWB;M;49;3;in kelp/muddy;12,69;32,63;6,73;78;7,76;;;
LN1105;2025;4;abril;2025-04-17;SWB;F;48;3;in kelp/muddy;12,69;32,63;6,73;78;7,76;;;
LN1106;2025;4;abril;2025-04-17;SWB;F;54;3;in kelp/muddy;12,69;32,63;6,73;78;7,76;;;
LN1107;2025;4;abril;2025-04-17;SWB;M;45;3;in kelp/muddy;12,69;32,63;6,73;78;7,76;;;
LN1108;2025;4;abril;2025-04-17;SWB;M;40;3;in kelp/muddy;12,69;32,63;6,73;78;7,76;;;
LN1109;2025;4;abril;2025-04-17;SWB;M;49;3;in kelp/muddy;12,69;32,63;6,73;78;7,76;;;
LN1110;2025;4;abril;2025-04-17;SWB;M;45;3;in kelp/muddy;12,69;32,63;6,73;78;7,76;;;
LN1111;2025;4;abril;2025-04-17;SWB;M;39;3;in kelp/muddy;12,69;32,63;6,73;78;7,76;;;
LN1112;2025;4;abril;2025-04-17;SWB;F;63;3;in kelp/muddy;12,69;32,63;6,73;78;7,76;;;
LN1113;2025;4;abril;2025-04-17;SWB;M;41;3;in kelp/muddy;12,69;32,63;6,73;78;7,76;;;
LN1114;2025;4;abril;2025-04-17;SWB;F;41;3;in kelp/muddy;12,69;32,63;6,73;78;7,76;;;
LN1115;2025;4;abril;2025-04-17;SWB;F;58;3;in kelp/muddy;12,69;32,63;6,73;78;7,76;;;
LN1116;2025;4;abril;2025-04-17;SWB;M;42;3;in kelp/muddy;12,69;32,63;6,73;78;7,76;;;
LN1117;2025;4;abril;2025-04-17;SWB;M;49;3;in kelp/muddy;12,69;32,63;6,73;78;7,76;;;
LN1118;2025;4;abril;2025-04-17;SWB;F;53;3;in kelp/muddy;12,69;32,63;6,73;78;7,76;;;
LN1119;2025;4;abril;2025-04-17;SWB;M;39;3;in kelp/muddy;12,69;32,63;6,73;78;7,76;;;
LN1120;2025;4;abril;2025-04-17;SWB;M;51;3;in kelp/muddy;12,69;32,63;6,73;78;7,76;;;
LN1121;2025;4;abril;2025-04-17;SWB;F;31;3;in kelp/muddy;12,69;32,63;6,73;78;7,76;;;
LN1122;2025;4;abril;2025-04-17;SWB;M;53;3;in kelp/muddy;12,69;32,63;6,73;78;7,76;;;
LN1123;2025;4;abril;2025-04-17;SWB;M;41;3;in kelp/muddy;12,69;32,63;6,73;78;7,76;;;
LN1124;2025;4;abril;2025-04-17;SWB;F;44;3;in kelp/muddy;12,69;32,63;6,73;78;7,76;;;
LN1125;2025;4;abril;2025-04-17;SWB;M;43;3;in kelp/muddy;12,69;32,63;6,73;78;7,76;;;
LN1126;2025;4;abril;2025-04-17;SWB;M;60;3;in kelp/muddy;12,69;32,63;6,73;78;7,76;;;
LN1127;2025;4;abril;2025-04-17;SWB;M;43;3;in kelp/muddy;12,69;32,63;6,73;78;7,76;;;
LN1128;2025;4;abril;2025-04-17;SWB;F;47;3;in kelp/muddy;12,69;32,63;6,73;78;7,76;;;
LN1129;2025;4;abril;2025-04-17;SWB;F;44;3;in kelp/muddy;12,69;32,63;6,73;78;7,76;;;
LN1130;2025;4;abril;2025-04-17;SWB;F;44;3;in kelp/muddy;12,69;32,63;6,73;78;7,76;;;
LN1131;2025;4;abril;2025-04-17;SWB;M;49;3;in kelp/muddy;12,69;32,63;6,73;78;7,76;;;
LN1132;2025;4;abril;2025-04-17;SWB;M;55;3;in kelp/muddy;12,69;32,63;6,73;78;7,76;;;
LN1133;2025;4;abril;2025-04-17;SWB;F;40;3;in kelp/muddy;12,69;32,63;6,73;78;7,76;;;
LN1134;2025;4;abril;2025-04-17;SWB;F;51;3;in kelp/muddy;12,69;32,63;6,73;78;7,76;;;
LN1135;2025;4;abril;2025-04-17;SWB;F;46;3;in kelp/muddy;12,69;32,63;6,73;78;7,76;;;
LN1136;2025;4;abril;2025-04-17;SWB;F;49;3;in kelp/muddy;12,69;32,63;6,73;78;7,76;;;
LN1137;2025;4;abril;2025-04-17;SWB;F;44;3;in kelp/muddy;12,69;32,63;6,73;78;7,76;;;
LN1138;2025;4;abril;2025-04-17;SWB;M;55;3;in kelp/muddy;12,69;32,63;6,73;78;7,76;;;
LN1139;2025;4;abril;2025-04-17;SWB;F;42;3;in kelp/muddy;12,69;32,63;6,73;78;7,76;;;
LN1140;2025;4;abril;2025-04-17;SWB;M;51;3;in kelp/muddy;12,69;32,63;6,73;78;7,76;;;
LN1141;2025;4;abril;2025-04-17;SWB;F;45;3;in kelp/muddy;12,69;32,63;6,73;78;7,76;;;
LN1142;2025;4;abril;2025-04-17;SWB;F;44;3;in kelp/muddy;12,69;32,63;6,73;78;7,76;;;
LN1143;2025;4;abril;2025-04-17;SWB;F;45;3;in kelp/muddy;12,69;32,63;6,73;78;7,76;;;
LN1144;2025;4;abril;2025-04-17;SWB;F;43;3;in kelp/muddy;12,69;32,63;6,73;78;7,76;;;
LN1145;2025;4;abril;2025-04-17;SWB;M;46;3;in kelp/muddy;12,69;32,63;6,73;78;7,76;;;
LN1146;2025;4;abril;2025-04-17;SWB;F;45;3;in kelp/muddy;12,69;32,63;6,73;78;7,76;;;
LN1147;2025;4;abril;2025-04-17;SWB;M;51;3;in kelp/muddy;12,69;32,63;6,73;78;7,76;;;
LN1148;2025;4;abril;2025-04-17;SWB;M;41;3;in kelp/muddy;12,69;32,63;6,73;78;7,76;;;
LN1149;2025;4;abril;2025-04-17;SWB;F;45;3;in kelp/muddy;12,69;32,63;6,73;78;7,76;;;
LN1150;2025;4;abril;2025-04-17;SWB;F;43;3;in kelp/muddy;12,69;32,63;6,73;78;7,76;;;
LN1151;2025;4;abril;2025-04-17;SWB;F;45;3;in kelp/muddy;12,69;32,63;6,73;78;7,76;;;
LN1152;2025;4;abril;2025-04-17;SWB;F;45;3;in kelp/muddy;12,69;32,63;6,73;78;7,76;;;
LN1153;2025;4;abril;2025-04-17;SWB;F;42;3;in kelp/muddy;12,69;32,63;6,73;78;7,76;;;
LN1154;2025;4;abril;2025-04-17;SWB;F;44;3;in kelp/muddy;12,69;32,63;6,73;78;7,76;;;
LN1155;2025;4;abril;2025-04-17;SWB;F;48;3;in kelp/muddy;12,69;32,63;6,73;78;7,76;;;
LN1156;2025;4;abril;2025-04-17;SWB;M;43;3;in kelp/muddy;12,69;32,63;6,73;78;7,76;;;
LN1157;2025;4;abril;2025-04-17;SWB;F;45;3;in kelp/muddy;12,69;32,63;6,73;78;7,76;;;
LN1158;2025;4;abril;2025-04-17;SWB;M;44;3;in kelp/muddy;12,69;32,63;6,73;78;7,76;;;
LN1159;2025;4;abril;2025-04-17;SWB;F;40;3;in kelp/muddy;12,69;32,63;6,73;78;7,76;;;
LN1160;2025;4;abril;2025-04-17;SWB;M;45;3;in kelp/muddy;12,69;32,63;6,73;78;7,76;;;
LN1161;2025;4;abril;2025-04-17;SWB;F;44;3;in kelp/muddy;12,69;32,63;6,73;78;7,76;;;
LN1162;2025;4;abril;2025-04-17;SWB;M;42;3;in kelp/muddy;12,69;32,63;6,73;78;7,76;;;
LN1163;2025;4;abril;2025-04-17;SWB;F;43;3;in kelp/muddy;12,69;32,63;6,73;78;7,76;;;
LN1164;2025;4;abril;2025-04-17;SWB;M;38;3;in kelp/muddy;12,69;32,63;6,73;78;7,76;;;
LN1165;2025;4;abril;2025-04-17;SWB;M;42;3;in kelp/muddy;12,69;32,63;6,73;78;7,76;;;
LN1166;2025;4;abril;2025-04-17;SWB;F;41;3;in kelp/muddy;12,69;32,63;6,73;78;7,76;;;
LN1167;2025;4;abril;2025-04-17;SWB;F;49;3;in kelp/muddy;12,69;32,63;6,73;78;7,76;;;
LN1168;2025;4;abril;2025-04-17;SWB;F;41;3;in kelp/muddy;12,69;32,63;6,73;78;7,76;;;
LN1169;2025;4;abril;2025-04-17;SWB;M;46;3;in kelp/muddy;12,69;32,63;6,73;78;7,76;;;
LN1170;2025;4;abril;2025-04-17;SWB;M;45;3;in kelp/muddy;12,69;32,63;6,73;78;7,76;;;
LN1171;2025;4;abril;2025-04-17;SWB;M;52;3;in kelp/muddy;12,69;32,63;6,73;78;7,76;;;
LN1172;2025;4;abril;2025-04-17;SWB;M;52;3;in kelp/muddy;12,69;32,63;6,73;78;7,76;;;
LN1173;2025;4;abril;2025-04-17;SWB;F;37;3;in kelp/muddy;12,69;32,63;6,73;78;7,76;;;
LN1174;2025;4;abril;2025-04-17;SWB;M;50;3;in kelp/muddy;12,69;32,63;6,73;78;7,76;;;
LN1175;2025;4;abril;2025-04-17;SWB;M;43;3;in kelp/muddy;12,69;32,63;6,73;78;7,76;;;
LN1176;2025;4;abril;2025-04-17;SWB;F;44;3;in kelp/muddy;12,69;32,63;6,73;78;7,76;;;
LN1177;2025;4;abril;2025-04-17;SWB;M;43;3;in kelp/muddy;12,69;32,63;6,73;78;7,76;;;
LN1178;2025;4;abril;2025-04-17;SWB;M;43;3;in kelp/muddy;12,69;32,63;6,73;78;7,76;;;
LN1179;2025;4;abril;2025-04-17;SWB;M;49;3;in kelp/muddy;12,69;32,63;6,73;78;7,76;;;
LN1180;2025;4;abril;2025-04-17;SWB;M;44;3;in kelp/muddy;12,69;32,63;6,73;78;7,76;;;
LN1181;2025;4;abril;2025-04-17;SWB;F;42;3;in kelp/muddy;12,69;32,63;6,73;78;7,76;;;
LN1182;2025;4;abril;2025-04-17;SWB;M;49;3;in kelp/muddy;12,69;32,63;6,73;78;7,76;;;
LN1183;2025;4;abril;2025-04-17;SWB;M;50;3;in kelp/muddy;12,69;32,63;6,73;78;7,76;;;
LN1184;2025;4;abril;2025-04-17;SWB;M;45;3;in kelp/muddy;12,69;32,63;6,73;78;7,76;;;
LN1185;2025;4;abril;2025-04-17;SWB;M;40;3;in kelp/muddy;12,69;32,63;6,73;78;7,76;;;
LN1186;2025;4;abril;2025-04-17;SWB;M;53;3;in kelp/muddy;12,69;32,63;6,73;78;7,76;;;
LN1187;2025;4;abril;2025-04-17;SWB;M;53;3;in kelp/muddy;12,69;32,63;6,73;78;7,76;;;
LN1188;2025;4;abril;2025-04-17;SWB;M;53;3;in kelp/muddy;12,69;32,63;6,73;78;7,76;;;
LN1189;2025;4;abril;2025-04-17;SWB;F;47;3;in kelp/muddy;12,69;32,63;6,73;78;7,76;;;
LN1190;2025;4;abril;2025-04-17;SWB;M;55;3;in kelp/muddy;12,69;32,63;6,73;78;7,76;;;
LN1191;2025;4;abril;2025-04-17;SWB;M;49;3;in kelp/muddy;12,69;32,63;6,73;78;7,76;;;
LN1192;2025;4;abril;2025-04-17;SWB;M;37;3;in kelp/muddy;12,69;32,63;6,73;78;7,76;;;
LN1193;2025;4;abril;2025-04-17;SWB;M;40;3;in kelp/muddy;12,69;32,63;6,73;78;7,76;;;
LN1194;2025;4;abril;2025-04-17;SWB;M;39;3;in kelp/muddy;12,69;32,63;6,73;78;7,76;;;
LN1195;2025;4;abril;2025-04-17;SWB;M;45;3;in kelp/muddy;12,69;32,63;6,73;78;7,76;;;
LN1196;2025;4;abril;2025-04-17;SWB;F;44;3;in kelp/muddy;12,69;32,63;6,73;78;7,76;;;
LN1197;2025;4;abril;2025-04-17;SWB;F;50;3;in kelp/muddy;12,69;32,63;6,73;78;7,76;;;
LN1198;2025;4;abril;2025-04-17;SWB;M;51;3;in kelp/muddy;12,69;32,63;6,73;78;7,76;;;
LN1199;2025;4;abril;2025-04-17;SWB;M;47;3;in kelp/muddy;12,69;32,63;6,73;78;7,76;;;
LN1200;2025;4;abril;2025-04-17;SWB;M;73;3;in kelp/muddy;12,69;32,63;6,73;78;7,76;;;
LN1201;2025;4;abril;2025-04-17;SWB;M;59;3;in kelp/muddy;12,69;32,63;6,73;78;7,76;;;
LN1202;2025;4;abril;2025-04-17;SWB;M;54;3;in kelp/muddy;12,69;32,63;6,73;78;7,76;;;
LN1203;2025;4;abril;2025-04-17;SWB;F;57;3;in kelp/muddy;12,69;32,63;6,73;78;7,76;;;
LN1204;2025;4;abril;2025-04-17;SWB;M;50;3;in kelp/muddy;12,69;32,63;6,73;78;7,76;;;
LN1205;2025;4;abril;2025-04-17;SWB;F;53;3;in kelp/muddy;12,69;32,63;6,73;78;7,76;;;
LN1206;2025;4;abril;2025-04-17;SWB;F;53;3;in kelp/muddy;12,69;32,63;6,73;78;7,76;;;
LN1207;2025;4;abril;2025-04-17;SWB;F;50;3;in kelp/muddy;12,69;32,63;6,73;78;7,76;;;
LN1208;2025;4;abril;2025-04-17;SWB;M;45;3;in kelp/muddy;12,69;32,63;6,73;78;7,76;;;
LN1209;2025;4;abril;2025-04-17;SWB;M;57;3;in kelp/muddy;12,69;32,63;6,73;78;7,76;;;
LN1210;2025;4;abril;2025-04-17;SWB;M;50;3;in kelp/muddy;12,69;32,63;6,73;78;7,76;;;
LN1211;2025;4;abril;2025-04-17;SWB;M;54;3;in kelp/muddy;12,69;32,63;6,73;78;7,76;;;
LN1212;2025;4;abril;2025-04-17;SWB;M;48;3;in kelp/muddy;12,69;32,63;6,73;78;7,76;;;
LN1213;2025;4;abril;2025-04-17;SWB;M;54;3;in kelp/muddy;12,69;32,63;6,73;78;7,76;;;
LN1214;2025;4;abril;2025-04-17;SWB;M;53;3;in kelp/muddy;12,69;32,63;6,73;78;7,76;;;
LN1215;2025;4;abril;2025-04-17;SWB;M;48;3;in kelp/muddy;12,69;32,63;6,73;78;7,76;;;
LN1216;2025;4;abril;2025-04-17;SWB;M;55;3;in kelp/muddy;12,69;32,63;6,73;78;7,76;;;
LN1217;2025;4;abril;2025-04-17;SWB;M;53;3;in kelp/muddy;12,69;32,63;6,73;78;7,76;;;
LN1218;2025;4;abril;2025-04-17;SWB;M;50;3;in kelp/muddy;12,69;32,63;6,73;78;7,76;;;
LN1219;2025;4;abril;2025-04-17;SWB;F;54;3;in kelp/muddy;12,69;32,63;6,73;78;7,76;;;
LN1220;2025;4;abril;2025-04-17;SWB;F;43;3;in kelp/muddy;12,69;32,63;6,73;78;7,76;;;
LN1221;2025;4;abril;2025-04-17;SWB;F;39;3;in kelp/muddy;12,69;32,63;6,73;78;7,76;;;
LN1222;2025;4;abril;2025-04-17;SWB;F;40;3;in kelp/muddy;12,69;32,63;6,73;78;7,76;;;
LN1223;2025;4;abril;2025-04-17;SWB;M;43;3;in kelp/muddy;12,69;32,63;6,73;78;7,76;;;
LN1224;2025;4;abril;2025-04-17;SWB;F;42;3;in kelp/muddy;12,69;32,63;6,73;78;7,76;;;
LN1225;2025;4;abril;2025-04-17;SWB;M;43;3;in kelp/muddy;12,69;32,63;6,73;78;7,76;;;
LN1226;2025;4;abril;2025-04-17;SWB;M;53;3;in kelp/muddy;12,69;32,63;6,73;78;7,76;;;
LN1227;2025;4;abril;2025-04-17;SWB;F;50;3;in kelp/muddy;12,69;32,63;6,73;78;7,76;;;
LN1228;2025;4;abril;2025-04-17;SWB;F;45;3;in kelp/muddy;12,69;32,63;6,73;78;7,76;;;
LN1229;2025;4;abril;2025-04-17;SWB;M;55;3;in kelp/muddy;12,69;32,63;6,73;78;7,76;;;
LN1230;2025;4;abril;2025-04-17;SWB;F;50;3;in kelp/muddy;12,69;32,63;6,73;78;7,76;;;
LN1231;2025;4;abril;2025-04-17;SWB;M;56;3;in kelp/muddy;12,69;32,63;6,73;78;7,76;;;
LN1232;2025;4;abril;2025-04-17;SWB;F;42;3;in kelp/muddy;12,69;32,63;6,73;78;7,76;;;
LN1233;2025;4;abril;2025-04-17;SWB;M;54;3;in kelp/muddy;12,69;32,63;6,73;78;7,76;;;
LN1234;2025;4;abril;2025-04-17;SWB;M;41;3;in kelp/muddy;12,69;32,63;6,73;78;7,76;;;
LN1235;2025;4;abril;2025-04-17;SWB;M;52;3;in kelp/muddy;12,69;32,63;6,73;78;7,76;;;
LN1236;2025;4;abril;2025-04-17;SWB;F;52;3;in kelp/muddy;12,69;32,63;6,73;78;7,76;;;
LN1237;2025;4;abril;2025-04-17;SWB;M;58;3;in kelp/muddy;12,69;32,63;6,73;78;7,76;;;
LN1238;2025;4;abril;2025-04-17;SWB;F;54;3;in kelp/muddy;12,69;32,63;6,73;78;7,76;;;
LN1239;2025;4;abril;2025-04-17;SWB;F;42;3;in kelp/muddy;12,69;32,63;6,73;78;7,76;;;
LN1240;2025;4;abril;2025-04-17;SWB;F;51;3;in kelp/muddy;12,69;32,63;6,73;78;7,76;;;
LN1241;2025;4;abril;2025-04-17;SWB;F;44;3;in kelp/muddy;12,69;32,63;6,73;78;7,76;;;
LN1242;2025;4;abril;2025-04-17;SWB;F;49;3;in kelp/muddy;12,69;32,63;6,73;78;7,76;;;
LN1243;2025;4;abril;2025-04-17;SWB;F;43;3;in kelp/muddy;12,69;32,63;6,73;78;7,76;;;
LN1244;2025;4;abril;2025-04-17;SWB;M;50;3;in kelp/muddy;12,69;32,63;6,73;78;7,76;;;
LN1245;2025;4;abril;2025-04-17;SWB;M;57;3;in kelp/muddy;12,69;32,63;6,73;78;7,76;;;
LN1246;2025;4;abril;2025-04-17;SWB;F;38;3;in kelp/muddy;12,69;32,63;6,73;78;7,76;;;
LN1247;2025;4;abril;2025-04-17;SWB;F;35;3;in kelp/muddy;12,69;32,63;6,73;78;7,76;;;
LN1248;2025;4;abril;2025-04-17;SWB;F;42;3;in kelp/muddy;12,69;32,63;6,73;78;7,76;;;
LN1249;2025;4;abril;2025-04-17;SWB;F;45;3;in kelp/muddy;12,69;32,63;6,73;78;7,76;;;
LN1250;2025;4;abril;2025-04-17;SWB;F;45;3;in kelp/muddy;12,69;32,63;6,73;78;7,76;;;
LN1251;2025;4;abril;2025-04-17;SWB;F;46;3;in kelp/muddy;12,69;32,63;6,73;78;7,76;;;
LN1252;2025;4;abril;2025-04-17;SWB;F;41;3;in kelp/muddy;12,69;32,63;6,73;78;7,76;;;
LN1253;2025;4;abril;2025-04-17;SWB;F;43;3;in kelp/muddy;12,69;32,63;6,73;78;7,76;;;
LN1254;2025;4;abril;2025-04-17;SWB;F;39;3;in kelp/muddy;12,69;32,63;6,73;78;7,76;;;
LN1255;2025;4;abril;2025-04-17;SWB;F;42;3;in kelp/muddy;12,69;32,63;6,73;78;7,76;;;
LN1256;2025;4;abril;2025-04-17;SWB;M;48;3;in kelp/muddy;12,69;32,63;6,73;78;7,76;;;
LN1257;2025;4;abril;2025-04-17;SWB;F;42;3;in kelp/muddy;12,69;32,63;6,73;78;7,76;;;
LN1258;2025;4;abril;2025-04-17;SWB;M;55;3;in kelp/muddy;12,69;32,63;6,73;78;7,76;;;
LN1259;2025;4;abril;2025-04-17;SWB;M;41;3;in kelp/muddy;12,69;32,63;6,73;78;7,76;;;
LN1260;2025;4;abril;2025-04-17;SWB;F;50;3;in kelp/muddy;12,69;32,63;6,73;78;7,76;;;
LN1261;2025;4;abril;2025-04-17;SWB;F;50;3;in kelp/muddy;12,69;32,63;6,73;78;7,76;;;
LN1262;2025;4;abril;2025-04-17;SWB;M;45;3;in kelp/muddy;12,69;32,63;6,73;78;7,76;;;
LN1263;2025;4;abril;2025-04-17;SWB;F;50;3;in kelp/muddy;12,69;32,63;6,73;78;7,76;;;
LN1264;2025;4;abril;2025-04-17;SWB;F;56;3;in kelp/muddy;12,69;32,63;6,73;78;7,76;;;
LN1265;2025;4;abril;2025-04-17;SWB;M;45;3;in kelp/muddy;12,69;32,63;6,73;78;7,76;;;
LN1266;2025;4;abril;2025-04-17;SWB;F;43;3;in kelp/muddy;12,69;32,63;6,73;78;7,76;;;
LN1267;2025;4;abril;2025-04-17;SWB;F;42;3;in kelp/muddy;12,69;32,63;6,73;78;7,76;;;
LN1268;2025;4;abril;2025-04-17;SWB;M;38;3;in kelp/muddy;12,69;32,63;6,73;78;7,76;;;
LN1269;2025;4;abril;2025-04-17;SWB;M;52;3;in kelp/muddy;12,69;32,63;6,73;78;7,76;;;
LN1270;2025;4;abril;2025-04-17;SWB;F;41;3;in kelp/muddy;12,69;32,63;6,73;78;7,76;;;
LN1271;2025;4;abril;2025-04-17;SWB;F;52;3;in kelp/muddy;12,69;32,63;6,73;78;7,76;;;
LN1272;2025;4;abril;2025-04-17;SWB;F;49;3;in kelp/muddy;12,69;32,63;6,73;78;7,76;;;
LN1273;2025;4;abril;2025-04-17;SWB;F;52;3;in kelp/muddy;12,69;32,63;6,73;78;7,76;;;
LN1274;2025;4;abril;2025-04-17;SWB;F;41;3;in kelp/muddy;12,69;32,63;6,73;78;7,76;;;
LN1275;2025;4;abril;2025-04-17;SWB;F;41;3;in kelp/muddy;12,69;32,63;6,73;78;7,76;;;
LN1276;2025;4;abril;2025-04-17;SWB;F;55;3;in kelp/muddy;12,69;32,63;6,73;78;7,76;;;
LN1277;2025;4;abril;2025-04-17;SWB;F;42;3;in kelp/muddy;12,69;32,63;6,73;78;7,76;;;
LN1278;2025;4;abril;2025-04-17;SWB;M;41;3;in kelp/muddy;12,69;32,63;6,73;78;7,76;;;
LN1279;2025;4;abril;2025-04-17;SWB;F;40;3;in kelp/muddy;12,69;32,63;6,73;78;7,76;;;
LN1280;2025;4;abril;2025-04-17;SWB;F;50;3;in kelp/muddy;12,69;32,63;6,73;78;7,76;;;
LN1281;2025;4;abril;2025-04-17;SWB;M;49;3;in kelp/muddy;12,69;32,63;6,73;78;7,76;;;
LN1282;2025;4;abril;2025-04-17;SWB;M;50;3;in kelp/muddy;12,69;32,63;6,73;78;7,76;;;
LN1283;2025;4;abril;2025-04-17;SWB;F;45;3;in kelp/muddy;12,69;32,63;6,73;78;7,76;;;
LN1284;2025;4;abril;2025-04-17;SWB;F;44;3;in kelp/muddy;12,69;32,63;6,73;78;7,76;;;
LN1285;2025;4;abril;2025-04-17;SWB;F;44;3;in kelp/muddy;12,69;32,63;6,73;78;7,76;;;
LN1286;2025;4;abril;2025-04-17;SWB;M;45;3;in kelp/muddy;12,69;32,63;6,73;78;7,76;;;
LN1287;2025;4;abril;2025-04-17;SWB;M;45;3;in kelp/muddy;12,69;32,63;6,73;78;7,76;;;
LN1288;2025;4;abril;2025-04-17;SWB;M;39;3;in kelp/muddy;12,69;32,63;6,73;78;7,76;;;
LN1289;2025;4;abril;2025-04-17;SWB;M;42;3;in kelp/muddy;12,69;32,63;6,73;78;7,76;;;
LN1290;2025;4;abril;2025-04-17;SWB;F;42;3;in kelp/muddy;12,69;32,63;6,73;78;7,76;;;
LN1291;2025;4;abril;2025-04-17;SWB;F;45;3;in kelp/muddy;12,69;32,63;6,73;78;7,76;;;
LN1292;2025;4;abril;2025-04-17;SWB;F;50;3;in kelp/muddy;12,69;32,63;6,73;78;7,76;;;
LN1293;2025;4;abril;2025-04-17;SWB;M;60;3;in kelp/muddy;12,69;32,63;6,73;78;7,76;;;
LN1294;2025;4;abril;2025-04-17;SWB;M;50;3;in kelp/muddy;12,69;32,63;6,73;78;7,76;;;
LN1295;2025;4;abril;2025-04-17;SWB;M;38;3;in kelp/muddy;12,69;32,63;6,73;78;7,76;;;
LN1296;2025;4;abril;2025-04-17;SWB;F;44;3;in kelp/muddy;12,69;32,63;6,73;78;7,76;;;
LN1297;2025;4;abril;2025-04-17;SWB;F;44;3;in kelp/muddy;12,69;32,63;6,73;78;7,76;;;
LN1298;2025;4;abril;2025-04-17;SWB;F;44;3;in kelp/muddy;12,69;32,63;6,73;78;7,76;;;
LN1299;2025;4;abril;2025-04-17;SWB;M;55;3;in kelp/muddy;12,69;32,63;6,73;78;7,76;;;
LN1300;2025;4;abril;2025-04-17;SWB;M;45;3;in kelp/muddy;12,69;32,63;6,73;78;7,76;;;
LN1301;2025;4;abril;2025-04-17;SWB;M;41;3;in kelp/muddy;12,69;32,63;6,73;78;7,76;;;
LN1302;2025;4;abril;2025-04-17;SWB;M;46;3;in kelp/muddy;12,69;32,63;6,73;78;7,76;;;
LN1303;2025;4;abril;2025-04-17;SWB;F;39;3;in kelp/muddy;12,69;32,63;6,73;78;7,76;;;
LN1304;2025;4;abril;2025-04-17;SWB;M;48;3;in kelp/muddy;12,69;32,63;6,73;78;7,76;;;
LN1305;2025;4;abril;2025-04-17;SWB;F;40;5;in kelp/muddy;12,69;32,63;6,73;78;7,76;;;
LN1306;2025;4;abril;2025-04-17;SWB;M;46;5;in kelp/muddy;12,69;32,63;6,73;78;7,76;;;
LN1307;2025;4;abril;2025-04-17;SWB;M;39;5;in kelp/muddy;12,69;32,63;6,73;78;7,76;;;
LN1308;2025;4;abril;2025-04-17;SWB;F;40;5;in kelp/muddy;12,69;32,63;6,73;78;7,76;;;
LN1309;2025;4;abril;2025-04-17;SWB;M;40;5;in kelp/muddy;12,69;32,63;6,73;78;7,76;;;
LN1310;2025;4;abril;2025-04-17;SWB;M;44;5;in kelp/muddy;12,69;32,63;6,73;78;7,76;;;
LN1311;2025;4;abril;2025-04-17;SWB;F;42;5;in kelp/muddy;12,69;32,63;6,73;78;7,76;;;
LN1312;2025;4;abril;2025-04-17;SWB;M;46;5;in kelp/muddy;12,69;32,63;6,73;78;7,76;;;
LN1313;2025;4;abril;2025-04-17;SWB;M;52;5;in kelp/muddy;12,69;32,63;6,73;78;7,76;;;
LN1314;2025;4;abril;2025-04-17;SWB;M;42;5;in kelp/muddy;12,69;32,63;6,73;78;7,76;;;
LN1315;2025;4;abril;2025-04-17;SWB;F;49;5;in kelp/muddy;12,69;32,63;6,73;78;7,76;;;
LN1316;2025;4;abril;2025-04-17;SWB;M;45;5;in kelp/muddy;12,69;32,63;6,73;78;7,76;;;
LN1317;2025;4;abril;2025-04-17;SWB;F;54;5;in kelp/muddy;12,69;32,63;6,73;78;7,76;;;
LN1318;2025;4;abril;2025-04-17;SWB;F;43;5;in kelp/muddy;12,69;32,63;6,73;78;7,76;;;
LN1319;2025;4;abril;2025-04-17;SWB;M;43;5;in kelp/muddy;12,69;32,63;6,73;78;7,76;;;
LN1320;2025;4;abril;2025-04-17;SWB;F;40;5;in kelp/muddy;12,69;32,63;6,73;78;7,76;;;
LN1321;2025;4;abril;2025-04-17;SWB;F;38;5;in kelp/muddy;12,69;32,63;6,73;78;7,76;;;
LN1322;2025;4;abril;2025-04-17;SWB;F;39;5;in kelp/muddy;12,69;32,63;6,73;78;7,76;;;
LN1323;2025;4;abril;2025-04-17;SWB;F;45;5;in kelp/muddy;12,69;32,63;6,73;78;7,76;;;
LN1324;2025;4;abril;2025-04-17;SWB;F;47;5;in kelp/muddy;12,69;32,63;6,73;78;7,76;;;
LN1325;2025;4;abril;2025-04-17;SWB;F;39;5;in kelp/muddy;12,69;32,63;6,73;78;7,76;;;
LN1326;2025;4;abril;2025-04-17;SWB;M;53;5;in kelp/muddy;12,69;32,63;6,73;78;7,76;;;
LN1327;2025;4;abril;2025-04-17;SWB;F;50;5;in kelp/muddy;12,69;32,63;6,73;78;7,76;;;
LN1328;2025;4;abril;2025-04-17;SWB;F;49;5;in kelp/muddy;12,69;32,63;6,73;78;7,76;;;
LN1329;2025;4;abril;2025-04-17;SWB;M;50;5;in kelp/muddy;12,69;32,63;6,73;78;7,76;;;
LN1330;2025;4;abril;2025-04-17;SWB;F;45;5;in kelp/muddy;12,69;32,63;6,73;78;7,76;;;
LN1331;2025;4;abril;2025-04-17;SWB;M;50;5;in kelp/muddy;12,69;32,63;6,73;78;7,76;;;
LN1332;2025;4;abril;2025-04-17;SWB;M;37;5;in kelp/muddy;12,69;32,63;6,73;78;7,76;;;
LN1333;2025;4;abril;2025-04-17;SWB;M;45;5;in kelp/muddy;12,69;32,63;6,73;78;7,76;;;
LN1334;2025;4;abril;2025-04-17;SWB;M;50;5;in kelp/muddy;12,69;32,63;6,73;78;7,76;;;
LN1335;2025;4;abril;2025-04-17;SWB;F;68;5;in kelp/muddy;12,69;32,63;6,73;78;7,76;;;
LN1336;2025;4;abril;2025-04-17;SWB;F;34;5;in kelp/muddy;12,69;32,63;6,73;78;7,76;;;
LN1337;2025;4;abril;2025-04-17;SWB;M;55;5;in kelp/muddy;12,69;32,63;6,73;78;7,76;;;
LN1338;2025;4;abril;2025-04-17;SWB;M;50;5;in kelp/muddy;12,69;32,63;6,73;78;7,76;;;
LN1339;2025;4;abril;2025-04-17;SWB;M;45;5;in kelp/muddy;12,69;32,63;6,73;78;7,76;;;
LN1340;2025;4;abril;2025-04-17;SWB;F;45;5;in kelp/muddy;12,69;32,63;6,73;78;7,76;;;
LN1341;2025;4;abril;2025-04-17;SWB;F;45;5;in kelp/muddy;12,69;32,63;6,73;78;7,76;;;
LN1342;2025;4;abril;2025-04-17;SWB;M;40;5;in kelp/muddy;12,69;32,63;6,73;78;7,76;;;
LN1343;2025;4;abril;2025-04-17;SWB;F;44;5;in kelp/muddy;12,69;32,63;6,73;78;7,76;;;
LN1344;2025;4;abril;2025-04-17;SWB;M;47;5;in kelp/muddy;12,69;32,63;6,73;78;7,76;;;
LN1345;2025;4;abril;2025-04-17;SWB;F;44;5;in kelp/muddy;12,69;32,63;6,73;78;7,76;;;
LN1346;2025;4;abril;2025-04-17;SWB;F;41;5;in kelp/muddy;12,69;32,63;6,73;78;7,76;;;
LN1347;2025;4;abril;2025-04-17;SWB;M;49;5;in kelp/muddy;12,69;32,63;6,73;78;7,76;;;
LN1348;2025;4;abril;2025-04-17;SWB;M;41;5;in kelp/muddy;12,69;32,63;6,73;78;7,76;;;
LN1349;2025;4;abril;2025-04-17;SWB;F;42;5;in kelp/muddy;12,69;32,63;6,73;78;7,76;;;
LN1350;2025;4;abril;2025-04-17;SWB;F;52;5;in kelp/muddy;12,69;32,63;6,73;78;7,76;;;
LN1351;2025;4;abril;2025-04-17;SWB;F;40;5;in kelp/muddy;12,69;32,63;6,73;78;7,76;;;
LN1352;2025;4;abril;2025-04-17;SWB;M;47;5;in kelp/muddy;12,69;32,63;6,73;78;7,76;;;
LN1353;2025;4;abril;2025-04-17;SWB;F;50;5;in kelp/muddy;12,69;32,63;6,73;78;7,76;;;
LN1354;2025;4;abril;2025-04-17;SWB;M;52;5;in kelp/muddy;12,69;32,63;6,73;78;7,76;;;
LN1355;2025;4;abril;2025-04-17;SWB;M;50;5;in kelp/muddy;12,69;32,63;6,73;78;7,76;;;
LN1356;2025;4;abril;2025-04-17;SWB;M;53;5;in kelp/muddy;12,69;32,63;6,73;78;7,76;;;
LN1357;2025;4;abril;2025-04-17;SWB;M;53;5;in kelp/muddy;12,69;32,63;6,73;78;7,76;;;
LN1358;2025;4;abril;2025-04-17;SWB;F;40;5;in kelp/muddy;12,69;32,63;6,73;78;7,76;;;
LN1359;2025;4;abril;2025-04-17;SWB;M;51;5;in kelp/muddy;12,69;32,63;6,73;78;7,76;;;
LN1360;2025;4;abril;2025-04-17;SWB;M;55;5;in kelp/muddy;12,69;32,63;6,73;78;7,76;;;
LN1361;2025;4;abril;2025-04-17;SWB;F;52;5;in kelp/muddy;12,69;32,63;6,73;78;7,76;;;
LN1362;2025;4;abril;2025-04-17;SWB;M;50;5;in kelp/muddy;12,69;32,63;6,73;78;7,76;;;
LN1363;2025;4;abril;2025-04-17;SWB;M;54;5;in kelp/muddy;12,69;32,63;6,73;78;7,76;;;
LN1364;2025;4;abril;2025-04-17;SWB;M;55;5;in kelp/muddy;12,69;32,63;6,73;78;7,76;;;
LN1365;2025;4;abril;2025-04-17;SWB;F;24;5;in kelp/muddy;12,69;32,63;6,73;78;7,76;;;
LN1366;2025;4;abril;2025-04-17;SWB;M;48;5;in kelp/muddy;12,69;32,63;6,73;78;7,76;;;
LN1367;2025;4;abril;2025-04-17;SWB;M;48;5;in kelp/muddy;12,69;32,63;6,73;78;7,76;;;
LN1368;2025;4;abril;2025-04-17;SWB;M;42;5;in kelp/muddy;12,69;32,63;6,73;78;7,76;;;
LN1369;2025;4;abril;2025-04-17;SWB;M;46;5;in kelp/muddy;12,69;32,63;6,73;78;7,76;;;
LN1370;2025;4;abril;2025-04-17;SWB;F;42;5;in kelp/muddy;12,69;32,63;6,73;78;7,76;;;
LN1371;2025;4;abril;2025-04-17;SWB;M;44;5;in kelp/muddy;12,69;32,63;6,73;78;7,76;;;
LN1372;2025;4;abril;2025-04-17;SWB;F;49;5;in kelp/muddy;12,69;32,63;6,73;78;7,76;;;
LN1373;2025;4;abril;2025-04-17;SWB;M;44;5;in kelp/muddy;12,69;32,63;6,73;78;7,76;;;
LN1374;2025;4;abril;2025-04-17;SWB;F;45;5;in kelp/muddy;12,69;32,63;6,73;78;7,76;;;
LN1375;2025;4;abril;2025-04-17;SWB;F;46;5;in kelp/muddy;12,69;32,63;6,73;78;7,76;;;
LN1376;2025;4;abril;2025-04-17;SWB;M;46;5;in kelp/muddy;12,69;32,63;6,73;78;7,76;;;
LN1377;2025;4;abril;2025-04-17;SWB;M;50;5;in kelp/muddy;12,69;32,63;6,73;78;7,76;;;
LN1378;2025;4;abril;2025-04-17;SWB;M;38;5;in kelp/muddy;12,69;32,63;6,73;78;7,76;;;
LN1379;2025;4;abril;2025-04-17;SWB;M;78;5;in kelp/muddy;12,69;32,63;6,73;78;7,76;;;
LN1380;2025;4;abril;2025-04-17;SWB;F;42;5;in kelp/muddy;12,69;32,63;6,73;78;7,76;;;
LN1381;2025;4;abril;2025-04-17;SWB;M;36;5;in kelp/muddy;12,69;32,63;6,73;78;7,76;;;
LN1382;2025;4;abril;2025-04-17;SWB;M;50;5;in kelp/muddy;12,69;32,63;6,73;78;7,76;;;
LN1383;2025;4;abril;2025-04-17;SWB;M;42;5;in kelp/muddy;12,69;32,63;6,73;78;7,76;;;
LN1384;2025;4;abril;2025-04-17;SWB;F;48;5;in kelp/muddy;12,69;32,63;6,73;78;7,76;;;
LN1385;2025;4;abril;2025-04-17;SWB;F;43;5;in kelp/muddy;12,69;32,63;6,73;78;7,76;;;
LN1386;2025;4;abril;2025-04-17;SWB;F;46;5;in kelp/muddy;12,69;32,63;6,73;78;7,76;;;
LN1387;2025;4;abril;2025-04-17;SWB;F;44;5;in kelp/muddy;12,69;32,63;6,73;78;7,76;;;
LN1388;2025;4;abril;2025-04-17;SWB;F;51;5;in kelp/muddy;12,69;32,63;6,73;78;7,76;;;
LN1389;2025;4;abril;2025-04-17;SWB;F;42;5;in kelp/muddy;12,69;32,63;6,73;78;7,76;;;
LN1390;2025;4;abril;2025-04-17;SWB;M;52;5;in kelp/muddy;12,69;32,63;6,73;78;7,76;;;
LN1391;2025;4;abril;2025-04-17;SWB;M;44;5;in kelp/muddy;12,69;32,63;6,73;78;7,76;;;
LN1392;2025;4;abril;2025-04-17;SWB;F;44;5;in kelp/muddy;12,69;32,63;6,73;78;7,76;;;
LN1393;2025;4;abril;2025-04-17;SWB;M;44;5;in kelp/muddy;12,69;32,63;6,73;78;7,76;;;
LN1394;2025;4;abril;2025-04-17;SWB;M;39;5;in kelp/muddy;12,69;32,63;6,73;78;7,76;;;
LN1395;2025;4;abril;2025-04-17;SWB;M;57;5;in kelp/muddy;12,69;32,63;6,73;78;7,76;;;
LN1396;2025;4;abril;2025-04-17;SWB;F;42;5;in kelp/muddy;12,69;32,63;6,73;78;7,76;;;
LN1397;2025;4;abril;2025-04-17;SWB;M;40;5;in kelp/muddy;12,69;32,63;6,73;78;7,76;;;
LN1398;2025;4;abril;2025-04-17;SWB;M;55;5;in kelp/muddy;12,69;32,63;6,73;78;7,76;;;
LN1399;2025;4;abril;2025-04-17;SWB;F;45;1;in kelp/muddy;12,69;32,63;6,73;78;7,76;;;
LN1400;2025;4;abril;2025-04-17;SWB;F;49;1;in kelp/muddy;12,69;32,63;6,73;78;7,76;;;
LN1401;2025;4;abril;2025-04-17;SWB;M;37;1;in kelp/muddy;12,69;32,63;6,73;78;7,76;;;
LN1402;2025;4;abril;2025-04-17;SWB;F;52;1;in kelp/muddy;12,69;32,63;6,73;78;7,76;;;
LN1403;2025;4;abril;2025-04-17;SWB;M;42;1;in kelp/muddy;12,69;32,63;6,73;78;7,76;;;
LN1404;2025;4;abril;2025-04-17;SWB;F;47;1;in kelp/muddy;12,69;32,63;6,73;78;7,76;;;
LN1405;2025;4;abril;2025-04-17;SWB;M;50;1;in kelp/muddy;12,69;32,63;6,73;78;7,76;;;
LN1406;2025;4;abril;2025-04-17;SWB;M;49;1;in kelp/muddy;12,69;32,63;6,73;78;7,76;;;
LN1407;2025;4;abril;2025-04-17;SWB;M;43;1;in kelp/muddy;12,69;32,63;6,73;78;7,76;;;
LN1408;2025;4;abril;2025-04-17;SWB;M;48;1;in kelp/muddy;12,69;32,63;6,73;78;7,76;;;
LN1409;2025;4;abril;2025-04-17;SWB;M;48;1;in kelp/muddy;12,69;32,63;6,73;78;7,76;;;
LN1410;2025;4;abril;2025-04-17;SWB;M;57;1;in kelp/muddy;12,69;32,63;6,73;78;7,76;;;
LN1411;2025;4;abril;2025-04-17;SWB;M;47;1;in kelp/muddy;12,69;32,63;6,73;78;7,76;;;
LN1412;2025;4;abril;2025-04-17;SWB;M;44;1;in kelp/muddy;12,69;32,63;6,73;78;7,76;;;
LN1413;2025;4;abril;2025-04-17;SWB;M;50;1;in kelp/muddy;12,69;32,63;6,73;78;7,76;;;
LN1414;2025;4;abril;2025-04-17;SWB;F;38;1;in kelp/muddy;12,69;32,63;6,73;78;7,76;;;
LN1415;2025;4;abril;2025-04-17;SWB;M;37;1;in kelp/muddy;12,69;32,63;6,73;78;7,76;;;
LN1416;2025;4;abril;2025-04-17;SWB;F;42;1;in kelp/muddy;12,69;32,63;6,73;78;7,76;;;
LN1417;2025;4;abril;2025-04-17;SWB;M;40;1;in kelp/muddy;12,69;32,63;6,73;78;7,76;;;
LN1418;2025;4;abril;2025-04-17;SWB;F;42;1;in kelp/muddy;12,69;32,63;6,73;78;7,76;;;
LN1419;2025;4;abril;2025-04-17;SWB;M;42;1;in kelp/muddy;12,69;32,63;6,73;78;7,76;;;
LN1420;2025;4;abril;2025-04-17;SWB;F;44;1;in kelp/muddy;12,69;32,63;6,73;78;7,76;;;
LN1421;2025;4;abril;2025-04-17;SWB;M;52;1;in kelp/muddy;12,69;32,63;6,73;78;7,76;;;
LN1422;2025;4;abril;2025-04-17;SWB;M;41;1;in kelp/muddy;12,69;32,63;6,73;78;7,76;;;
LN1423;2025;4;abril;2025-04-17;SWB;F;49;1;in kelp/muddy;12,69;32,63;6,73;78;7,76;;;
LN1424;2025;4;abril;2025-04-17;SWB;M;47;1;in kelp/muddy;12,69;32,63;6,73;78;7,76;;;
LN1425;2025;4;abril;2025-04-17;SWB;M;48;1;in kelp/muddy;12,69;32,63;6,73;78;7,76;;;
LN1426;2025;4;abril;2025-04-17;SWB;F;51;1;in kelp/muddy;12,69;32,63;6,73;78;7,76;;;
LN1427;2025;4;abril;2025-04-17;SWB;F;42;1;in kelp/muddy;12,69;32,63;6,73;78;7,76;;;
LN1428;2025;4;abril;2025-04-17;SWB;M;36;1;in kelp/muddy;12,69;32,63;6,73;78;7,76;;;
LN1429;2025;4;abril;2025-04-17;SWB;F;44;1;in kelp/muddy;12,69;32,63;6,73;78;7,76;;;
LN1430;2025;4;abril;2025-04-17;SWB;F;39;1;in kelp/muddy;12,69;32,63;6,73;78;7,76;;;
LN1431;2025;4;abril;2025-04-17;SWB;F;41;1;in kelp/muddy;12,69;32,63;6,73;78;7,76;;;
LN1432;2025;4;abril;2025-04-17;SWB;F;52;1;in kelp/muddy;12,69;32,63;6,73;78;7,76;;;
LN1433;2025;4;abril;2025-04-17;SWB;F;45;1;in kelp/muddy;12,69;32,63;6,73;78;7,76;;;
LN1434;2025;4;abril;2025-04-17;SWB;F;41;1;in kelp/muddy;12,69;32,63;6,73;78;7,76;;;
LN1435;2025;4;abril;2025-04-17;SWB;M;50;1;in kelp/muddy;12,69;32,63;6,73;78;7,76;;;
LN1436;2025;4;abril;2025-04-17;SWB;F;44;1;in kelp/muddy;12,69;32,63;6,73;78;7,76;;;
LN1437;2025;4;abril;2025-04-17;SWB;M;49;1;in kelp/muddy;12,69;32,63;6,73;78;7,76;;;
LN1438;2025;4;abril;2025-04-17;SWB;M;52;1;in kelp/muddy;12,69;32,63;6,73;78;7,76;;;
LN1439;2025;4;abril;2025-04-17;SWB;M;47;1;in kelp/muddy;12,69;32,63;6,73;78;7,76;;;
LN1440;2025;4;abril;2025-04-17;SWB;M;40;1;in kelp/muddy;12,69;32,63;6,73;78;7,76;;;
LN1441;2025;4;abril;2025-04-17;SWB;M;48;1;in kelp/muddy;12,69;32,63;6,73;78;7,76;;;
LN1442;2025;4;abril;2025-04-17;SWB;M;45;1;in kelp/muddy;12,69;32,63;6,73;78;7,76;;;
LN1443;2025;4;abril;2025-04-17;SWB;M;55;1;in kelp/muddy;12,69;32,63;6,73;78;7,76;;;
LN1444;2025;4;abril;2025-04-17;SWB;M;55;1;in kelp/muddy;12,69;32,63;6,73;78;7,76;;;
LN1445;2025;4;abril;2025-04-17;SWB;M;50;1;in kelp/muddy;12,69;32,63;6,73;78;7,76;;;
LN1446;2025;4;abril;2025-04-17;SWB;M;44;1;in kelp/muddy;12,69;32,63;6,73;78;7,76;;;
LN1447;2025;4;abril;2025-04-17;SWB;F;42;1;in kelp/muddy;12,69;32,63;6,73;78;7,76;;;
LN1448;2025;4;abril;2025-04-17;SWB;M;49;1;in kelp/muddy;12,69;32,63;6,73;78;7,76;;;
LN1449;2025;4;abril;2025-04-17;SWB;M;50;1;in kelp/muddy;12,69;32,63;6,73;78;7,76;;;
LN1450;2025;4;abril;2025-04-17;SWB;F;40;1;in kelp/muddy;12,69;32,63;6,73;78;7,76;;;
LN1451;2025;4;abril;2025-04-17;SWB;M;50;1;in kelp/muddy;12,69;32,63;6,73;78;7,76;;;
LN1452;2025;4;abril;2025-04-17;SWB;M;39;1;in kelp/muddy;12,69;32,63;6,73;78;7,76;;;
LN1453;2025;4;abril;2025-04-17;SWB;F;58;1;in kelp/muddy;12,69;32,63;6,73;78;7,76;;;
LN1454;2025;4;abril;2025-04-17;SWB;F;45;1;in kelp/muddy;12,69;32,63;6,73;78;7,76;;;
LN1455;2025;4;abril;2025-04-17;SWB;M;57;1;in kelp/muddy;12,69;32,63;6,73;78;7,76;;;
LN1456;2025;4;abril;2025-04-17;SWB;M;50;1;in kelp/muddy;12,69;32,63;6,73;78;7,76;;;
LN1457;2025;4;abril;2025-04-17;SWB;M;43;1;in kelp/muddy;12,69;32,63;6,73;78;7,76;;;
