especie,especie_codigo,populacao,id_individuo,da,dalc,dauc,dlc,dod,dopl,dpc,dpl,dso,dsv,duc,dvpl,eh,ev,fl,hd,hh,hl,hmax,hmin,la,lbd,ld,llc,lpec,lpl,luc,mo,pa,pd,poo,ppec,ppl,pre,sl
Gobio sp.,gobio_sp,POP01,Gobio_01_01,31.66102941,25.30948529,27.54919118,55.18573529,24.39264706,25.12595588,33.88625,20.99161765,20.26426471,22.31595588,51.82720588,28.02191176,4.706470588,4.31375,108.7038235,30.17985294,15.39713235,24.45647059,20.78522059,8.726029412,14.22110294,12.51720588,18.38779412,21.86625,18.44411765,15.41316176,22.57029412,6.087205882,70.96536765,45.10713235,11.37044118,25.57963235,51.59698529,9.135073529,97.99463235
Gobio sp.,gobio_sp,POP01,Gobio_01_02,37.12470588,26.45632353,31.70507353,59.14985294,30.75919118,30.63801471,42.68985294,24.42463235,23.7125,20.55566176,60.28786765,38.97088235,5.296176471,4.558823529,124.4848529,37.88330882,18.82867647,27.16095588,25.88235294,10.60455882,16.87338235,16.36852941,20.06963235,22.25404412,19.26860294,15.75794118,25.32875,6.477279412,83.56257353,53.94676471,12.23330882,27.57970588,59.73735294,10.92698529,113.83625
Gobio sp.,gobio_sp,POP01,Gobio_01_03,28.88765303,25.28860178,27.14425669,50.29088525,24.87632405,24.76745385,31.55865584,20.87018076,20.79472296,16.77197661,48.41865673,31.6771019,4.86159195,3.830345173,104.3049397,32.7692659,14.27267638,22.99908661,16.98861209,7.809410863,13.0060107,11.1234697,17.05424358,17.56338485,16.7220348,12.87018076,18.72427408,6.07419084,68.61046863,45.63738417,9.276506725,23.79314663,46.55364693,9.138614299,94.58293434
Gobio sp.,gobio_sp,POP01,Gobio_01_04,23.76585583,22.63578807,23.08926654,42.27102077,20.13462179,19.29127328,28.03902403,16.17890333,16.56344182,14.11810878,39.58991447,25.97341627,4.245473731,3.159465363,85.84116406,25.02165945,11.84790255,19.08134326,15.79747492,7.010700137,11.02314043,9.875226776,14.84705098,15.82220741,15.90699396,9.148061757,16.59469066,5.027731497,54.36328631,36.26294939,8.481839387,20.14735829,40.69510163,7.057573401,76.87755933
Gobio sp.,gobio_sp,POP01,Gobio_01_05,19.05621579,17.4873401,18.77689313,34.214062,15.34569564,14.96794778,21.31604367,11.97230922,13.85943857,10.96412786,33.01451863,20.29542195,3.610119135,2.733732401,66.85310131,19.83966572,9.50509323,15.31422884,12.68580043,5.301276235,9.074656792,7.540175043,11.15051371,12.07878406,12.37310833,6.641322483,12.36966894,3.227321957,43.23727424,28.5675292,6.555484003,15.19004479,30.73990867,5.585135966,60.39187132
Gobio sp.,gobio_sp,POP01,Gobio_01_06,32.15324649,22.98918329,27.39315924,52.20733001,28.36835745,27.30260249,35.33356421,20.15694539,22.21130891,19.34097675,50.95243007,33.3051372,4.568363347,3.53679743,112.2450559,35.3953108,16.07982847,24.32977689,21.22078458,9.008665154,12.97577294,11.61955849,18.35524183,22.26841345,20.09055675,14.33169265,22.32249698,4.905316985,74.83627575,49.8572018,10.49205694,24.50720622,51.69184179,10.71627516,100.384332
Gobio sp.,gobio_sp,POP01,Gobio_01_07,31.27437362,25.38251788,29.71372713,54.85987697,28.15102272,27.13719783,37.86798374,21.74982912,23.00840077,19.30339044,54.87171007,35.01569172,4.559198583,3.968866448,114.8573046,34.45395012,16.02518025,25.99151839,22.7846743,8.967874231,12.68765756,13.12217494,18.47816021,22.52096517,18.96691876,13.70214392,24.03626368,6.839606347,74.78682042,50.33713316,11.50420038,26.12418142,51.93438141,10.18940313,101.6400238
Gobio sp.,gobio_sp,POP01,Gobio_01_08,25.8197048,19.1103321,21.69402214,41.98309963,20.71682657,19.54191882,28.47210332,15.09904059,17.08088561,15.85055351,41.6202214,26.29535055,3.947084871,3.050405904,86.76280443,24.07505535,11.51461255,19.11461255,15.4501845,6.599483395,10.55830258,9.546420664,15.10671587,16.22066421,14.91608856,10.13579336,17.03904059,4.687822878,57.83468635,36.92228782,8.5699631,19.97845018,41.23166052,7.497564576,78.77247232
Gobio sp.,gobio_sp,POP01,Gobio_01_09,25.84971884,21.09692388,25.3991266,44.28033074,20.21657689,19.7519452,28.54654814,15.64060503,18.78758322,15.57838812,43.4779396,27.42908234,3.546806766,2.955672305,91.33958458,24.54294222,12.11862591,20.29638004,16.35499102,6.798785219,10.13056682,10.94840135,14.7009968,17.24169271,14.45996172,9.163101387,18.06211345,4.253655797,59.55236343,38.58090783,9.462732667,21.02960845,41.43209712,8.168813224,81.87862532
Gobio sp.,gobio_sp,POP01,Gobio_01_10,21.08571386,17.51193994,20.26663383,37.41142055,16.80158801,17.1953076,24.6077729,14.39442106,14.63993612,14.12786185,36.44592699,21.98941823,3.483925853,2.588877944,76.21899346,21.81740844,10.96123996,17.13239903,15.22342617,5.977433509,8.557505746,8.654144652,13.35669085,14.85246709,12.85431778,7.748798543,15.29640906,4.858213188,48.8039163,31.38339154,7.73924659,17.46350855,35.53483478,6.137577983,67.16575625
Gobio sp.,gobio_sp,POP01,Gobio_01_11,21.14393621,17.41839828,19.68937868,35.48938901,17.09435187,17.36720588,24.018087,13.77075542,15.13089469,13.98297521,35.07881712,21.54115677,3.835741737,3.467731823,74.16554176,22.12927925,10.62618484,16.72250621,13.67242766,6.104951795,8.963538324,8.278563367,12.9422352,14.03549536,13.77495998,7.051937418,14.14156838,5.650785221,48.24123865,31.83171421,7.082033238,17.41057927,34.40925889,6.06681567,66.02100806
Gobio sp.,gobio_sp,POP01,Gobio_01_12,23.76548871,16.53830635,19.8982459,39.39549113,18.98884153,17.94745761,26.19467533,14.20368428,16.09673609,12.17065638,38.93286577,26.07237967,3.912654337,2.862100081,83.22759319,24.30763926,12.36139947,18.4915156,15.06378889,6.686719145,10.97689808,9.941749994,13.82681995,17.78275829,14.56125421,9.500840003,18.39372309,5.128641542,54.14873559,34.1107337,8.263650969,18.35755526,38.51469822,7.06585772,73.75873933
Gobio sp.,gobio_sp,POP01,Gobio_01_13,19.20728022,15.00085816,17.65430164,31.89266232,15.42023924,14.78400382,21.49208623,11.89669196,13.41571709,12.5157641,30.87846157,19.47719149,3.966285343,2.835672763,67.83563545,19.1639989,9.552933802,15.62634788,12.6112815,5.449491444,8.433738536,7.425283754,11.47081869,13.98322476,13.59145418,8.262628072,14.70542584,5.039662107,43.82912833,28.62895222,6.36750319,16.07789145,31.83393405,5.805293753,60.45363302
Gobio sp.,gobio_sp,POP01,Gobio_01_14,19.2325774,16.86546225,18.33672868,34.97742655,16.90187826,16.71241055,23.83465043,12.93581679,12.88902819,12.50688397,32.48606416,21.65110778,4.029640243,3.433477356,71.28747006,20.03522204,9.4024939,15.6715694,12.76052744,5.455685151,10.08402546,7.585499265,12.12593372,15.04070683,12.43539517,7.068735215,15.3197221,3.659584947,44.24142022,29.62763139,6.575701269,16.24586775,32.87350661,5.262411665,62.69082958
Gobio sp.,gobio_sp,POP01,Gobio_01_15,18.85570275,14.77505676,15.77725366,31.80454221,15.57975327,14.62318425,21.3088809,13.03487851,13.29549379,11.04885343,29.8460702,20.86193342,4.57674815,3.832007112,67.43124591,19.6056605,9.362458762,15.44720465,13.59306691,5.601428351,8.457616035,9.248499276,12.48749091,12.80174282,12.8488402,7.110381261,14.18138,4.008934541,43.07940427,28.27591274,6.601274054,15.53574184,32.06405537,5.036112887,58.94210917
Gobio sp.,gobio_sp,POP01,Gobio_01_16,18.14069101,17.97097735,18.79296838,34.04713617,16.33797764,15.03642474,21.92447083,11.84115153,12.01218307,12.17940739,32.04725332,19.54855289,3.710857134,2.245301392,69.99114092,19.64021877,9.282194709,15.69404684,12.20261672,5.173923548,9.883367623,7.275209946,11.95807677,13.63127183,12.79163586,7.912112049,13.56684214,5.248969491,43.9733349,29.15216389,5.993132381,16.81534305,31.76354305,6.143224267,62.23336726
Gobio sp.,gobio_sp,POP01,Gobio_01_17,19.5446439,17.27173722,17.97026664,34.30190913,16.59820489,15.61279383,20.92277219,11.32528359,13.61617062,11.0195445,32.12701731,18.8732312,3.513770319,2.925242662,69.3533651,20.01827272,9.551002807,14.86141972,11.6949772,5.568573851,9.373903637,6.760978248,12.48786692,12.57806105,11.58519471,7.601450123,13.36408022,4.175900479,42.96061864,29.18035902,6.749722255,14.04821074,30.19084025,5.019295989,60.65591744
Gobio sp.,gobio_sp,POP01,Gobio_01_18,17.80560122,17.65302078,18.28080965,33.18224519,16.48991604,14.28817814,20.48188704,11.17308596,13.54017438,11.99638915,31.71016322,18.64284876,3.327046148,2.837819986,68.96863257,19.98209253,9.510113316,15.5695896,11.84043271,4.843603217,10.08095056,8.502157703,12.05840477,13.70112142,12.75650247,9.028666628,14.694252,4.677225223,42.35644669,28.80981388,7.294651245,15.53494892,31.02270726,5.707638563,60.33407703
Gobio sp.,gobio_sp,POP01,Gobio_01_19,15.26899493,16.09409473,16.84732481,29.16139696,13.88509699,12.7951713,18.82108572,10.29471012,12.54399622,9.385934491,27.91688496,18.006759,3.026202194,2.509906068,60.30887746,17.21161722,7.743187503,13.54271969,11.21580839,4.57486921,9.452122518,6.535126879,9.049534027,11.28575961,9.994392096,6.6589435,11.29564723,3.9633125,36.70240476,24.76140581,6.233702028,13.65259034,26.45336954,5.015975148,53.74017694
Gobio sp.,gobio_sp,POP02,Gobio_02_01,24.40089457,23.3110646,26.43525819,43.54259254,22.55555237,20.9939215,27.8965364,17.10747771,16.21247527,14.0479399,42.48157812,26.52528887,3.873397941,2.867219084,91.75280271,27.06755168,12.38230066,18.70351521,17.77733177,7.026120366,11.62635835,10.15841385,15.10472518,16.3456576,17.93445537,12.17557416,16.9929323,4.460317688,56.07592396,37.90943889,8.981563781,18.7446598,41.38070935,6.928921639,80.17160306
Gobio sp.,gobio_sp,POP02,Gobio_02_02,38.50704266,29.31309105,34.19473729,65.78754893,31.91380246,32.48578612,44.22937916,23.67396646,26.09368304,22.28736322,63.42933059,38.87281792,5.863975315,4.865432416,135.221208,42.07765492,19.59636868,28.80431988,24.85643267,10.90275992,14.6408674,16.67223794,21.52959915,24.89414588,23.67746636,16.88930316,25.61255393,7.607496929,86.70252279,57.48485758,12.79392017,30.72805063,63.20276564,12.58806891,118.773535
Gobio sp.,gobio_sp,POP02,Gobio_02_03,24.22919773,19.60158848,21.50053045,41.07667164,20.89875559,19.38302844,27.46000115,14.40195263,16.65615323,15.28063711,39.61191077,24.49915415,4.015368735,4.014221814,84.98709714,26.48870283,11.96582177,18.8004645,14.62445521,6.638949421,10.99502523,10.40909221,14.64072715,18.36986753,16.56984746,11.10419773,17.87389609,4.434783232,55.74779218,37.44817353,9.283246359,20.65008889,40.57417708,6.627265168,76.2918626
Gobio sp.,gobio_sp,POP02,Gobio_02_04,28.00102856,21.59426294,26.0549135,46.13512664,21.6919044,20.85877345,29.84850216,17.15275496,19.29386723,16.87683033,44.89064442,26.5848345,4.437722318,3.431522407,93.85680205,26.98182883,12.44889359,21.3963372,18.57173469,7.583463093,11.01469979,11.78011743,14.59643434,15.6032771,16.02077113,11.43555092,16.39355152,4.651004986,61.38248025,40.28542449,9.558506307,21.76090342,44.06729904,8.836230911,83.99894287
Gobio sp.,gobio_sp,POP02,Gobio_02_05,27.52116594,20.68648606,25.60701971,46.06510721,22.73002946,20.83846501,28.21453406,15.91542228,21.32264701,17.04307743,44.99824364,25.82724581,4.175191587,2.993770297,96.99970608,29.36419749,14.22967461,23.16008689,18.79599693,8.183779831,14.66926656,11.50322955,17.0189902,19.54391977,18.79105045,13.74993727,19.26268702,5.584294552,63.95890833,42.62887743,9.766439893,22.76931459,43.63258371,9.941645817,86.57015047
Gobio sp.,gobio_sp,POP02,Gobio_02_06,32.03703172,25.64360557,30.83809387,53.38208698,27.24659107,24.63901249,34.70561217,20.25017942,20.12322377,17.94395005,53.76718817,32.24738051,3.74293096,3.159178987,109.2891488,33.5305727,15.52554902,23.85273432,22.29582317,9.377996268,14.58999569,13.71594661,15.87433616,19.74006028,13.16377207,13.36500646,20.77867088,5.305368164,70.82165925,46.99741639,10.36278169,24.52798909,49.22204679,11.02418545,100.0117698
Gobio sp.,gobio_sp,POP02,Gobio_02_07,41.84846027,34.5337046,40.97069821,68.90012415,32.65187343,30.79494485,41.23328764,24.48031117,25.08507783,21.54159161,69.26749101,38.57316119,5.318387002,4.018859936,137.1226398,41.64493372,19.10250246,29.30875609,26.12294841,11.3398592,15.6980975,17.31016269,23.14231788,23.84597719,26.01077916,18.67887156,24.56427664,7.444220377,90.45908298,57.50852214,13.68364396,29.8357291,59.37470845,12.13236402,125.020489
Gobio sp.,gobio_sp,POP02,Gobio_02_08,30.09870189,22.66050706,27.70813771,48.82274516,26.96998803,24.18669496,32.77383145,18.08466716,20.92487331,18.07563561,48.80991463,31.50124363,4.882625743,4.444094014,106.5311696,32.39063586,14.74077313,24.39778942,19.78546495,8.606274774,10.07182229,11.99589996,15.26338425,16.20961788,15.73610683,11.91253736,17.28222147,6.322368845,72.14320018,47.00912473,10.98909763,25.26761331,51.21409781,9.563188566,97.20043581
Gobio sp.,gobio_sp,POP02,Gobio_02_09,30.92914098,24.40663734,27.81078424,51.85849727,26.73013572,25.45620923,31.56481236,19.27612267,20.79887751,18.77164778,50.86332742,28.14444532,4.976997553,4.306230398,104.6920686,32.0049091,14.64147043,23.94759318,19.80865983,8.51679071,11.29186912,12.8047914,14.97362434,15.73955919,14.83532257,11.96787552,18.1041103,5.42003689,69.16774921,45.82970294,10.75229845,23.98541623,47.02733739,8.944686471,95.60068326
Gobio sp.,gobio_sp,POP02,Gobio_02_10,31.52712467,23.35674963,27.74027985,50.62722216,25.85911515,24.17565088,33.30585503,18.98805769,22.97998624,17.77210689,48.54140383,31.09552414,5.073689643,3.919815919,106.2819704,32.23484631,14.57284379,24.93089804,19.689758,9.655135337,11.51730416,13.22033777,16.68217399,18.85795389,20.04946095,14.30367588,19.16618878,5.96721241,71.55020645,47.05714531,10.50342643,26.23265283,50.78184138,10.43009519,96.24620083
Gobio sp.,gobio_sp,POP02,Gobio_02_11,25.2690316,21.72722448,23.60054796,43.02827306,23.1278958,21.02233443,28.36608667,15.44955747,17.62009955,16.31467589,40.35574427,24.88223143,4.40835999,3.962603819,90.1856899,26.35577295,12.12356375,19.21786467,16.03452728,6.991450662,11.13422174,10.02065612,14.76087674,18.12359244,17.47184887,11.48200479,16.48308063,4.81294737,58.40969403,39.47161935,7.895729634,20.96940312,42.00471935,7.78369888,80.51410784
Gobio sp.,gobio_sp,POP02,Gobio_02_12,28.53132383,23.64101095,27.69735806,46.56490299,23.60972292,21.65647598,31.12601131,17.33185366,19.34345242,16.12450777,45.84313024,27.5026849,3.868905277,3.725782201,98.81685401,28.79351328,13.31789217,21.55974798,18.61530751,7.589317677,12.88830815,10.94014463,17.35555237,20.74146202,19.53805398,12.19259684,21.05742106,5.206486719,64.5242357,42.37495525,9.503830458,23.23333572,46.747333,8.971146273,87.64931625
Gobio sp.,gobio_sp,POP02,Gobio_02_13,29.94194131,25.89016156,29.43102484,50.91596542,25.44497326,25.29717448,32.59579684,19.34601545,22.33388764,16.36258727,48.98669668,30.71139814,5.168728586,3.727224508,108.4263945,33.51742477,14.77944866,24.69866823,20.64509655,9.175853319,14.77944866,11.20461029,16.70312657,18.77947733,15.07956191,14.48521295,20.37451439,5.926286968,67.99217283,47.15476583,10.24262798,22.80466476,45.40390212,9.741818025,96.68757257
Gobio sp.,gobio_sp,POP02,Gobio_02_14,28.93675985,25.04828364,29.39402597,49.64030113,25.35555619,23.69819865,31.69621302,18.99432881,19.99964287,18.30778681,51.94848792,27.57174693,4.626730283,4.002399897,105.2820593,31.55164779,13.99940003,24.1219662,20.14399383,8.143793837,13.19186321,12.30347271,15.1892776,17.44889505,17.18554919,13.88304787,18.71841207,5.430195849,66.74549662,45.50854963,10.206634,23.87147694,46.35158493,11.02824165,94.71036956
Gobio sp.,gobio_sp,POP02,Gobio_02_15,30.20050736,28.38354378,31.68969372,54.13548221,28.85328136,27.64328608,36.67364167,20.83105213,23.0766199,21.22325255,54.64491995,31.7003712,5.016267037,4.158772018,116.4465481,35.41792671,16.06803491,27.06770527,22.08834363,10.04177834,14.93027389,13.55209035,18.53066372,19.80386396,17.41225116,14.47837989,22.10131426,6.169506829,73.439296,50.96219168,12.37061614,27.0590343,52.12209594,10.8338469,103.6887478
Gobio sp.,gobio_sp,POP02,Gobio_02_16,24.62995294,20.97927219,24.44731832,44.94370801,22.86352696,22.0418867,28.19398642,15.23763337,17.58587491,15.77555053,43.28641736,25.33944031,4.177030571,2.733987139,93.0128965,27.66239178,13.2323167,21.51855444,16.45716133,7.760821928,11.50353846,9.830154111,14.95865215,17.27492187,16.46528002,12.64583109,16.48539713,4.226173797,60.50185006,41.79609872,9.497934404,21.64773503,41.88612279,9.255666918,84.38136293
Gobio sp.,gobio_sp,POP02,Gobio_02_17,30.78234458,28.28690778,31.31210816,54.14345389,26.88497861,25.254565,33.633386,19.77627715,21.0432223,17.62591174,52.33303754,30.30863797,4.763759929,3.754301669,112.2854937,32.12085795,15.05053784,23.66411993,19.78681038,8.514382183,16.5002994,12.52920085,17.56141376,18.70780397,20.43128513,13.63987908,19.33979756,5.931721605,72.66714283,46.55231623,11.57659315,24.73230454,48.59518502,9.645910439,99.09796622
Gobio sp.,gobio_sp,POP02,Gobio_02_18,24.87069952,21.08520808,24.56136585,42.15839487,22.30672906,20.11191253,27.56525846,15.41995821,18.7748297,16.3171189,40.92785792,24.42440895,3.821054439,3.434655676,89.34691453,26.98473009,12.78493331,20.63025932,15.9330099,7.737420574,12.71817219,10.51040414,16.3936831,17.23281241,16.68641594,13.4551205,18.0359494,3.740411586,57.08705421,39.78876868,8.63944702,20.81644628,40.50031484,8.789856317,79.01375293
Gobio sp.,gobio_sp,POP02,Gobio_02_19,24.78191105,19.21303161,24.24752326,43.16126906,22.52072006,21.37794683,27.50800507,15.41651444,17.57233218,16.91659682,41.98103138,24.26299615,4.302251449,3.443720944,88.82606609,26.47067672,11.93934054,20.286535,15.95505698,6.781997006,10.60566336,10.86734146,14.13863996,16.33249522,14.82403169,11.33374881,17.49138604,6.236864161,58.69927435,39.11188476,8.918975064,20.79019191,41.34671452,7.59124349,80.3255754
Gobio sp.,gobio_sp,POP02,Gobio_02_20,23.0313414,19.70128176,23.58870505,39.86178815,19.75225096,18.31715605,23.85344383,14.09760853,16.97439353,15.0901818,41.08741469,21.32254688,4.12778861,3.251204336,83.91272868,23.54081837,11.58477662,19.04749957,14.83031772,6.510796008,10.74138327,9.148004244,12.36078454,15.55055342,14.91483627,12.40250617,16.0546539,4.359193095,53.36260538,35.72933991,7.5606469,19.31610942,37.75434421,7.529176464,75.57184435
Gobio sp.,gobio_sp,POP03,Gobio_03_01,29.58292844,25.2370893,27.52411734,50.88118073,26.65434394,25.19343163,35.61944597,19.1618432,21.37761066,19.0710775,49.53673581,32.31941921,4.086498514,4.086498514,105.4826285,32.91985297,15.70880336,23.98270593,19.85769009,8.876800879,12.40990325,11.45246243,14.47547425,18.18468602,17.04754461,12.43229541,17.52770854,5.978283831,70.23511766,46.74236343,10.69760728,25.25948146,49.57997099,10.45664512,94.35689439
Gobio sp.,gobio_sp,POP03,Gobio_03_02,23.58436084,20.74380862,23.54838936,41.49878807,21.04225946,20.21941195,28.19657849,15.50300348,15.14567745,15.24958724,39.53096568,26.05866442,4.77837496,3.467242772,85.9006569,24.96856009,11.34871957,19.32989075,16.0196719,6.937717357,11.06368778,9.237854358,12.47261742,15.73112727,15.08181403,10.09702463,15.5834475,5.303263428,55.74012014,35.75248533,7.820634419,20.0625988,41.20806548,7.207573682,76.81406541
Gobio sp.,gobio_sp,POP03,Gobio_03_03,31.67554895,26.23501334,31.46737256,52.05367389,27.40191351,25.74987856,36.46156446,20.32729526,20.90711968,18.80015207,52.82041354,33.9407081,5.498475814,4.507860296,111.7985399,33.77998212,15.35781418,25.61097696,22.24720683,9.012482136,16.89685518,13.39397225,17.02780144,21.66710081,21.43160874,14.66781186,20.90711968,6.641650768,72.6619404,48.13922545,10.46591525,25.73755835,52.11457094,10.32764726,100.2766768
Gobio sp.,gobio_sp,POP03,Gobio_03_04,20.0189476,19.47771734,21.73800568,36.05596185,16.19139177,15.50291555,21.56146435,12.90821249,14.58860627,13.37686854,35.71217821,19.37731601,3.565785242,3.356732342,71.53035112,19.70341057,10.07418232,16.51531889,13.2143806,5.665053906,10.60946961,8.275418455,11.65585278,13.46811069,12.65734901,8.829793184,13.31534127,5.352243648,44.54616643,29.83310727,7.185546684,17.50171298,31.95824535,6.325912771,64.53511949
Gobio sp.,gobio_sp,POP03,Gobio_03_05,21.81997118,20.09482971,22.5355875,39.15391375,19.43861376,19.35074338,26.44968542,15.02962989,16.43218165,13.66412428,38.89944114,23.7132614,4.141084672,3.385891533,81.84858177,23.90074163,11.81315244,18.29988401,15.0902956,7.138729746,11.00622122,9.708903026,12.37390601,16.02643141,16.985765,9.015500334,15.75079962,4.758989139,51.28684405,34.81501529,8.090049559,17.41281502,37.50131806,6.958630628,74.05876771
Gobio sp.,gobio_sp,POP03,Gobio_03_06,29.19854203,25.15161185,29.44964473,53.96190557,24.76924932,25.2593286,32.06704109,19.47205321,20.07523862,19.0157994,51.35606802,29.76385993,5.105731183,3.973677119,107.2207094,31.15524259,14.90249472,23.1215164,20.56524699,8.651377838,14.32086684,13.46225305,16.50307053,19.95468664,19.72606334,14.08720873,20.71097307,6.299692238,69.00906267,44.79633806,10.76848346,23.30865563,47.86849906,8.748457644,96.73190657
Gobio sp.,gobio_sp,POP03,Gobio_03_07,28.37111232,31.11910093,35.09059187,55.09645473,28.67894807,26.18108484,36.36424641,20.45348911,20.98715114,19.0928805,54.36748158,33.08584506,4.738466755,4.135721804,113.1060472,34.50437596,15.32870897,24.29952885,20.62499559,8.895732823,15.54266824,15.21568988,16.08417097,19.75107545,20.84163906,13.13846958,20.25740098,5.502405188,70.14318106,48.70345909,10.83393963,25.96712557,50.50519535,9.694495264,103.9235285
Gobio sp.,gobio_sp,POP03,Gobio_03_08,19.54580039,16.22042369,19.22788304,33.94398031,16.69095927,15.72773385,22.59503208,12.19715053,13.8778159,12.91071162,33.01186036,19.99157094,3.661942414,3.132925556,70.04363718,20.03162763,9.549157094,15.76062957,12.68111293,5.595032075,8.781142772,8.221542593,11.68051619,13.25413994,12.92533194,8.285245413,13.12844995,4.247277339,44.44114576,29.81985678,6.042518275,16.433761,32.10510219,5.88721468,62.58548411
Gobio sp.,gobio_sp,POP03,Gobio_03_09,27.19420809,23.83227708,26.73612825,46.57420005,23.67302771,22.59811213,31.94151692,18.32883337,17.60526742,16.69418342,46.29553129,28.2434633,4.745546446,3.957829584,96.0189069,27.68760618,13.94281404,20.72927608,18.86375332,8.196936265,11.62033937,11.60743869,15.88940664,17.85912177,17.95506616,11.34216407,18.26898268,5.500835372,61.19010525,39.76926819,8.680112511,21.40504607,43.46316257,7.405835619,85.57534913
Gobio sp.,gobio_sp,POP03,Gobio_03_10,27.37701927,24.09594251,28.51812606,48.11918429,22.86136335,22.71140054,30.29066259,18.1153247,19.83445846,16.59920563,46.55801322,25.70841111,4.914246818,4.212782978,99.07489018,29.04373272,13.75707008,21.9393412,19.22780031,8.141429594,12.51940324,10.62581578,16.19801827,18.31644468,18.11427208,11.79681689,18.07672875,5.728551178,63.58675668,41.75702797,9.529269765,22.36880886,45.22722488,8.098974049,89.62274214
Gobio sp.,gobio_sp,POP03,Gobio_03_11,18.27693646,15.80188348,18.96022512,32.58164798,17.61715625,16.3844718,23.11455278,12.25344206,13.75278943,12.6422787,33.03609774,20.282382,3.792016954,3.228796789,69.33292164,20.85135647,10.10512133,15.93205709,13.12564034,5.559781617,8.146552329,7.337511052,11.6286789,14.43958681,12.48473706,8.024799652,14.93993067,5.041332753,45.20090946,30.70406029,6.827483123,16.69576567,33.01469453,5.839707513,62.24867019
Gobio sp.,gobio_sp,POP03,Gobio_03_12,23.63647886,21.27215497,24.411278,41.65951933,22.98582504,21.07583215,29.41074987,16.27733063,17.90312018,15.47351966,40.64544296,26.23296787,4.041588328,3.850617206,88.07007908,26.77348938,12.68373577,20.28356958,16.80623332,7.230073727,11.86724972,9.382371788,13.82984417,16.66504707,16.10797755,10.51939638,16.45421834,4.507678983,55.71969777,38.8712142,8.985994043,20.26357113,40.73381639,7.364218265,78.97529065
Gobio sp.,gobio_sp,POP03,Gobio_03_13,19.26938517,17.42911473,19.36256074,34.47376576,18.01500106,15.29586591,22.00549334,11.57109656,14.67356856,12.73941827,33.75730685,18.78160434,4.170011973,3.194098176,71.39777449,19.28952743,10.15719417,17.18839355,11.74131981,5.37305444,9.955489823,7.516937813,10.67194873,12.76702585,12.97936474,8.001619832,13.90527502,4.251637439,46.19776041,30.26804705,6.918937953,17.85696176,32.13648849,6.242974857,62.38918234
Gobio sp.,gobio_sp,POP03,Gobio_03_14,25.09044493,23.16497295,25.60963053,44.73148612,23.22308338,20.55388261,28.67185241,15.83784089,18.07840676,16.11725047,43.74678242,26.1438374,4.314134796,3.747064507,91.65438402,26.82402556,12.46313444,20.76544969,16.36499552,7.363803694,12.9856346,9.465299473,16.42938244,15.716754,17.79822143,11.03399883,16.60152751,4.515405609,58.20513544,39.33321109,8.863250093,21.53364974,42.69614031,7.992510525,82.14916889
Gobio sp.,gobio_sp,POP03,Gobio_03_15,21.04789863,20.13278192,23.75103568,38.76032113,20.72219365,19.60672552,28.41175966,14.45980115,15.6881232,14.33980458,39.1659524,23.17040942,4.477086369,3.999885718,79.14888146,24.11881089,11.64366732,18.03569898,14.57129796,6.190323134,10.71769378,8.478114911,12.56421245,14.00702837,13.95545842,9.288234622,12.43321619,5.268135196,50.4283449,35.20206566,7.856204108,18.4786149,37.47050084,6.190323134,72.76042113
Gobio sp.,gobio_sp,POP03,Gobio_03_16,25.51932299,20.51988717,24.54231312,43.46234133,22.00465444,20.95077574,29.81332863,17.03977433,17.25634697,14.9787024,42.21671368,27.48758815,4.082440056,3.876939351,90.46607898,28.09125529,12.70782793,20.248378,17.5796897,7.12764457,11.87785614,11.00585331,14.78201693,18.73801128,14.61812412,12.44668547,17.58370945,4.257334274,58.53131171,38.55021157,9.461495063,21.48025388,43.09005642,8.267066291,80.74555712
Gobio sp.,gobio_sp,POP03,Gobio_03_17,19.31476476,15.53354732,17.75558183,33.32467551,18.64325534,16.68609398,23.26463384,12.46107498,13.92614804,13.14764761,33.16791959,20.60830025,3.758763409,3.02664921,69.73547878,21.00458935,9.396908523,16.04893431,12.88537883,4.952839485,8.830067292,7.46635414,11.09595405,11.13994707,12.57651266,8.41639215,13.1123828,4.477433342,45.60252837,30.92610581,6.669411831,16.94125348,32.7406594,6.085888448,62.44214038
Gobio sp.,gobio_sp,POP03,Gobio_03_18,18.58551983,17.25692585,19.82414114,34.62524307,17.67001099,16.02443424,22.35500099,11.70320999,13.99071386,11.39644337,33.91074599,21.51347124,3.589535834,2.657047037,73.16327537,22.17857847,9.922286729,15.0494603,12.57137221,5.453456585,9.398373869,7.487106502,12.36324437,14.52822478,14.12253755,9.680128512,14.18615957,3.465673703,45.98497872,30.48262548,6.685736832,16.14047572,32.23966406,5.615294648,64.2611955
Gobio sp.,gobio_sp,POP03,Gobio_03_19,18.45044272,17.0473806,19.29516348,33.22507367,17.44558299,16.30766093,22.79740346,11.94881461,13.85191541,12.7647005,31.65884843,20.63943062,3.854939552,3.100169493,68.12362419,20.8856522,9.041557364,16.12902545,12.31987003,5.518992327,9.006463229,7.507050475,10.93959448,12.8179395,14.03603654,8.166806152,12.46847506,4.19047887,44.76809036,30.69337291,6.491993052,16.97585608,32.84586009,5.992587331,61.49962374
Gobio sp.,gobio_sp,POP03,Gobio_03_20,18.69728468,15.29719983,18.20223448,33.38085136,17.72500354,16.78136049,21.86076934,11.28631028,13.01124311,11.92582379,32.01378871,20.0012728,3.520152737,3.03026446,68.9813322,20.57679253,9.203931551,15.17967756,11.72019516,5.22733701,8.974614623,8.049922218,11.627634,13.44399661,12.09305614,8.174303493,13.98168576,4.472210437,44.56222599,30.31784755,6.97496818,16.21425541,31.67486918,5.485362749,61.87971998
Gobio sp.,gobio_sp,POP04,Gobio_04_01,33.17565797,24.93478514,30.20721731,53.31183766,30.06274019,29.12287469,38.7125888,22.61616397,22.85613427,19.22943112,52.02901188,35.24688483,4.805956679,4.223972284,115.4541021,37.14859672,17.93394084,25.23429312,23.72816467,11.07182369,15.38422907,14.41721498,17.42030104,23.04588331,22.58755968,15.75441074,25.71299639,7.942529405,75.41829219,51.51675498,11.01810877,26.43429021,54.87968732,11.00275125,104.2337982
Gobio sp.,gobio_sp,POP04,Gobio_04_02,25.82008891,24.16407589,26.70765901,44.24085481,23.79216666,24.43850423,29.43145829,17.89326496,17.93924514,17.46346282,41.48240695,25.85974954,3.631926083,3.631926083,93.32771595,29.7573147,13.10398931,21.26013307,18.88601563,8.572580411,13.9723102,10.88902287,14.35896505,17.1924485,10.35142517,11.81131418,18.82107679,6.302408693,59.75622512,41.27197315,9.802713775,20.1138972,42.88629166,8.22965395,83.5751954
Gobio sp.,gobio_sp,POP04,Gobio_04_03,27.918503,20.06239909,24.78371224,44.43448095,23.91267036,22.84344955,30.24748731,17.85930386,18.39442335,15.77606144,43.7144187,29.10830388,4.220593155,3.636310745,94.56298817,30.01716339,13.18809908,21.09511134,18.76336344,8.581693357,12.22149496,11.53575948,14.4026996,17.24084013,17.02040698,10.73788018,18.55645736,4.656732266,62.33872962,41.03947579,9.302119242,21.50775989,44.63753254,7.681488269,83.49085831
Gobio sp.,gobio_sp,POP04,Gobio_04_04,19.55558459,17.92514192,19.78258345,34.98025466,18.33137332,18.15881934,24.21570336,13.71357638,13.08107206,11.97235652,33.80816528,22.93966055,3.19555149,2.61516907,73.21718426,23.86812724,10.2616258,15.40920772,14.61540137,6.100875474,10.07789247,8.465743282,9.926172743,12.86481699,10.34619684,7.984523135,13.14146958,4.432321384,48.68156279,32.02963253,7.020485794,16.36453388,35.71634943,6.234592099,66.05223805
Gobio sp.,gobio_sp,POP04,Gobio_04_05,24.07227428,21.95380257,24.01038716,43.10576015,20.8559599,20.57833951,26.13815646,15.19009225,16.43916612,14.1990993,41.27573182,23.8693252,3.63187332,3.199317208,85.71417157,26.99963681,12.52400668,17.9536573,16.41672114,7.555676618,11.71242827,9.459649887,14.49037554,15.89082589,14.0339217,11.20970437,16.63826542,4.651049611,54.32933827,36.75194305,7.748747004,19.08636595,37.0029055,7.084259461,76.71010387
Gobio sp.,gobio_sp,POP04,Gobio_04_06,25.19635036,22.10218978,26.70613139,43.09240876,22.31240876,21.13562044,29.44459854,16.28766423,16.86430657,14.04043796,42.31182482,28.78912409,3.806861314,2.919708029,89.26583942,27.99343066,12.51138686,19.56255474,17.51883212,7.596861314,13.20423358,9.596277372,13.57978102,17.04029197,16.97452555,9.65270073,18.27153285,4.879051095,58.43248175,38.63649635,8.219416058,20.42386861,40.6870073,8.034525547,80.63167883
Gobio sp.,gobio_sp,POP04,Gobio_04_07,27.81768682,21.32943083,27.29493599,44.31608835,24.48140957,23.89245726,33.0841715,18.94917011,17.7309023,16.27454272,44.78344014,32.26661606,3.944133834,3.661153526,95.80237362,30.51275127,13.75151453,20.89996059,19.41739778,8.62385589,11.69291856,11.23184386,14.24397472,16.54978614,17.03954571,9.335795513,17.7309023,5.789673445,63.47736595,41.62759295,9.311781966,22.87447265,45.50282469,8.51196298,86.58635388
Gobio sp.,gobio_sp,POP04,Gobio_04_08,20.93570145,17.1955878,21.74370803,35.12729469,18.48294127,17.04497333,24.38360849,14.05938721,13.18997068,11.37714007,34.18715484,23.09669158,3.202922066,2.815108013,73.64290548,23.62551569,10.62203046,16.161514,14.74646565,6.499923601,10.10623049,9.110064975,11.80388105,14.61185852,13.5833873,8.68856276,15.34295714,3.641595786,47.43831719,31.87562301,6.849611095,16.88439067,34.86266435,6.813812874,67.24455569
Gobio sp.,gobio_sp,POP04,Gobio_04_09,35.2263138,34.21303032,36.99637723,59.8132602,32.07872607,30.29076704,42.23651283,25.16011465,22.65065763,19.85588954,58.63207822,39.45025607,4.803439446,4.51027178,127.9281121,39.57828959,18.98162428,27.98041669,26.47966013,12.07938078,18.92299075,16.55422511,20.70142001,22.46908281,23.56129605,14.40449863,22.73271547,6.613149625,81.72306931,53.80004947,12.22312751,28.82703835,56.50359367,11.64755863,114.2526043
Gobio sp.,gobio_sp,POP04,Gobio_04_10,28.30046588,25.04752879,28.40572371,48.54519937,23.64380172,23.69690086,33.40796632,19.34443544,19.44643787,17.48227617,47.90120956,31.25318305,3.906476069,3.76179177,101.4236935,31.0205307,14.87716303,21.99389432,20.11321546,8.103622895,13.89041611,11.91865849,14.73508305,17.073326,17.00272006,10.5708519,17.8285057,6.669584467,64.0232363,42.88247294,9.229194398,23.61949476,49.52348226,9.659268476,90.28589617
Gobio sp.,gobio_sp,POP04,Gobio_04_11,25.18321742,20.41000416,25.94411157,42.34778103,23.61501354,22.27516548,28.46047744,16.84571203,17.90268787,14.18302037,41.68176146,26.85716996,3.794983324,3.211139736,92.47724835,29.16773096,13.44825321,20.01583676,18.53703393,8.321084781,12.46148457,10.19850682,14.01297592,15.97053049,15.0403217,11.10163987,16.20428687,5.288966086,60.22952351,40.01882896,8.567028893,21.22016012,41.44931873,8.359399517,82.28494486
Gobio sp.,gobio_sp,POP04,Gobio_04_12,28.80435339,23.19735698,27.50491547,47.19076404,24.663665,25.10039251,32.45831902,20.29441647,20.11731341,18.39028455,46.96381192,28.96267168,4.239363218,3.654623464,101.4010365,31.47288635,14.82315277,22.5167199,21.05063115,9.214255955,12.65742291,12.69367677,15.30687873,16.92843516,17.495852,12.94708836,18.12218137,6.578322235,67.0135148,43.54249962,8.936431479,24.139592,48.43048541,9.846651999,90.42846805
Gobio sp.,gobio_sp,POP04,Gobio_04_13,20.0566858,18.00111775,19.80359567,34.77539793,18.32831314,17.42482417,23.84926367,13.99761934,13.41820478,12.60972441,35.10469817,21.29041857,4.162450917,3.195018036,73.4526082,22.45926388,10.84266605,16.59623885,14.90611641,6.291108095,9.211914906,8.240054581,10.81973043,12.68078126,12.02501143,8.615153473,13.38605137,4.216088317,46.03678408,31.84022007,7.335767218,17.3343156,34.23379809,5.758726057,66.39199576
Gobio sp.,gobio_sp,POP04,Gobio_04_14,21.49241012,22.14665521,24.90749374,39.59625022,20.32792378,20.10394208,27.03550201,16.30681487,16.2052765,13.15169571,39.65248237,25.00801235,3.598639357,3.400588544,82.57436921,25.81041315,11.81909562,18.39891323,17.38549618,7.336183789,12.57385933,9.218649846,13.16138337,14.91499621,14.03939164,9.086227493,15.58271662,4.736029369,52.07636501,36.05901463,8.174785852,18.43220092,38.06538081,6.993983451,73.90798904
Gobio sp.,gobio_sp,POP04,Gobio_04_15,33.10667089,29.1392976,34.74146503,56.42158205,29.33781038,29.71653384,37.76973959,24.47723768,21.66844403,19.01010217,54.68209134,33.48618697,5.478087936,4.46743814,119.3872404,37.98763528,17.6027871,25.81559568,24.93161937,11.24158753,17.62930351,14.61500771,20.28483521,22.74761857,21.32891874,17.00386217,24.81388076,5.809326858,75.02658846,51.3668199,10.89255091,27.06525342,53.02207779,10.24808693,106.8376302
Gobio sp.,gobio_sp,POP04,Gobio_04_16,23.57120494,19.22587973,21.61500768,40.6911164,20.48418922,20.607166,27.47122169,16.98441129,15.48247818,14.63634841,38.71955615,25.6869298,3.528465229,3.011074463,81.25219341,26.12022455,11.86212621,17.88420233,17.76573979,6.812942778,10.230809,9.500520594,12.09810475,15.1000051,13.45325208,10.10987091,15.79432516,4.950161275,53.70932629,35.58463118,8.443750319,18.3233219,38.37974997,7.092170697,74.230576
Gobio sp.,gobio_sp,POP04,Gobio_04_17,27.59463533,23.09822852,28.03339085,45.74648872,23.08585075,22.01379029,28.31378374,17.66875633,17.06311934,14.53441384,45.49267163,26.08360091,4.225479275,3.640520449,92.69828095,28.49595538,12.88147194,19.36756879,18.10445381,8.447245218,13.05883809,11.48191025,14.65644409,15.88402758,15.0349854,11.94891622,17.99640317,5.220069461,60.59398732,39.2501256,8.843406653,20.63709108,40.1237777,7.517456296,83.9332911
Gobio sp.,gobio_sp,POP04,Gobio_04_18,26.74417927,23.80270711,27.09327738,46.35661625,23.77371274,22.95516799,30.76623831,18.52070402,18.13306816,15.6505522,44.81219221,28.36363901,4.565302911,3.982501384,92.86017134,29.50512865,13.79432934,20.65842003,19.13555964,8.556546318,14.52785791,12.32100708,15.11575895,16.87472681,17.72335869,11.65034822,18.10021272,6.168589912,59.95410438,40.97728531,9.615715243,21.96892211,42.59557945,7.6907218,84.79900632
Gobio sp.,gobio_sp,POP04,Gobio_04_19,30.16721366,23.2060394,26.37679584,47.67972933,25.97093322,26.17589312,32.85407927,20.25792055,20.53786578,18.79501837,46.71354155,29.63920103,4.204539692,4.057177219,102.0634369,32.55334101,14.81449282,22.45980859,20.28639324,8.695182827,11.80819695,11.56744695,15.62563846,17.6038746,19.04859194,13.47019061,19.04967869,6.552558557,67.85013077,45.0755287,9.292747071,23.55981076,47.24423482,9.175668529,91.61765452
Gobio sp.,gobio_sp,POP04,Gobio_04_20,20.88892599,17.9080081,21.71376104,36.98395186,20.12622212,18.03807713,25.21052746,14.15371662,15.60494437,13.49691159,36.34057471,23.18161033,3.392754749,3.09690578,76.81512343,22.95115879,10.93755671,17.34505309,15.00177829,6.309146204,9.975612058,8.309901069,11.66200925,13.42106218,11.90088043,8.166113825,14.55270626,4.647354707,49.53619359,33.42621559,7.895523796,17.83782018,34.5814492,6.633302606,69.11245309
Gobio sp.,gobio_sp,POP05,Gobio_05_01,33.80640385,29.22302425,33.07444013,56.58693319,31.49072737,31.62102536,39.4739219,24.0638164,22.52985378,19.26959097,55.35384046,36.91712012,4.444419767,3.713492504,121.9338886,39.74266148,16.38119563,26.37608736,25.51937812,9.477401444,15.26226171,13.16120674,17.17816028,21.99615029,20.46736998,14.73314825,21.85867111,7.729261521,78.50801407,53.13973718,12.26896169,26.83427725,55.44727004,10.49491024,108.9517675
Gobio sp.,gobio_sp,POP05,Gobio_05_02,36.32942294,30.3354629,37.12812294,64.53101232,32.93086689,31.57372986,39.09318909,22.25044335,24.02644525,20.42621078,64.01375687,36.06660285,5.196224651,4.303660337,128.8160482,40.70787792,18.3022802,26.28683154,24.4863433,11.13015604,15.79562065,14.58347246,18.8020242,23.04246526,18.78206412,16.89765451,23.74893336,6.719201003,82.80583814,54.9568521,11.52290215,26.32749371,57.44844883,10.69526375,117.0952519
Gobio sp.,gobio_sp,POP05,Gobio_05_03,35.593028,30.83552754,37.15178936,58.67175969,32.21754126,32.29089561,38.98394215,24.77685889,23.74277767,19.98412757,55.62625626,35.04416837,5.115075097,4.247802707,125.2106805,40.99996291,17.44943445,27.72022993,26.63074356,11.27483775,15.5297608,16.13706657,18.38041906,21.96343408,21.36310032,16.3235305,23.07494901,5.907583905,79.47865752,55.38683479,12.42699796,25.99050621,56.87654367,11.26801409,111.9305025
Gobio sp.,gobio_sp,POP05,Gobio_05_04,38.94749751,31.92298545,37.49349665,64.79159544,34.04917277,32.95326505,42.40638889,23.91754493,23.32637165,20.61874749,62.98366358,38.62619476,5.062803799,4.520981672,133.5931949,42.60914483,18.25531788,26.75828341,26.23333284,11.59454759,18.27947319,14.57962333,22.18445736,22.51267225,26.31739331,17.22072748,24.87714239,7.64058389,85.89813149,56.96653932,12.69179314,28.87986265,59.62414342,11.04804305,119.1505507
Gobio sp.,gobio_sp,POP05,Gobio_05_05,36.90392881,27.41664879,33.03785295,58.81802916,29.04343066,29.99918628,37.45792678,22.63195272,22.95943957,18.98432472,57.10802554,35.21234493,4.60789608,3.106945503,122.7983962,37.9643589,18.40532323,26.40726138,26.06601519,11.24418372,15.60500366,14.71560352,20.65637922,22.63291439,24.007072,16.06120683,26.17542406,5.836027252,79.20343835,52.05014018,11.29174958,25.51993253,54.19282296,10.7586865,107.4344767
Gobio sp.,gobio_sp,POP05,Gobio_05_06,24.01445364,20.34044863,25.09304902,42.00841642,20.97695894,21.00811158,26.9812415,16.41699938,17.54689626,13.004632,40.71108335,25.90584317,3.570212418,3.186194693,88.74036238,28.01812653,12.45459074,19.2971695,18.04251333,7.834035941,10.798742,9.818214262,14.53780326,17.25544428,17.99671373,11.64975204,18.26556331,5.098402219,55.87082432,37.7484591,8.270916512,19.280069,39.62579647,7.983182031,79.81620681
Gobio sp.,gobio_sp,POP05,Gobio_05_07,39.31278247,33.78686965,38.84648549,66.44527533,36.33102402,35.92999227,47.14669065,27.43599845,26.26419779,21.26315711,65.49662524,44.42361441,5.203377735,5.063481208,140.8545433,45.44964617,19.75046087,29.89704745,29.88374167,11.74476689,16.84088071,15.66387667,19.80576534,24.33433932,23.97656993,17.42968007,24.96246135,7.42299001,90.8556583,61.63557029,12.74218007,28.79132969,65.23288832,12.52081351,125.6885555
Gobio sp.,gobio_sp,POP05,Gobio_05_08,37.13815205,29.54171354,36.63442181,61.4176387,32.4982237,33.0099473,41.78933033,25.58144354,24.44031618,21.55278584,60.42372254,38.03414945,5.476937652,4.443202676,131.5958612,40.11079697,18.36469003,28.45935224,26.79303097,12.13896619,17.06080881,14.72237847,22.87694653,25.55058026,25.63192018,17.91165848,26.31772159,7.433758659,83.35617858,56.87740541,11.49653621,29.20717627,58.81579726,11.98272544,115.9042128
Gobio sp.,gobio_sp,POP05,Gobio_05_09,38.38544249,32.34620707,39.53460665,65.10504466,32.62304544,34.80918799,43.53510985,27.32433972,26.75201468,20.949509,61.44235679,42.26650781,5.478084554,4.146729518,134.238861,43.10323903,19.80582093,28.11341419,30.49173777,11.6959588,17.07872984,14.55921204,20.72558146,23.91643788,24.88422517,16.43891573,25.78851946,6.692887748,86.35337038,58.58517165,12.55844242,28.54950308,61.91825831,11.51850399,121.6708724
Gobio sp.,gobio_sp,POP05,Gobio_05_10,34.2426991,29.05980491,35.91514007,60.03003628,32.21971094,30.23471421,40.23278118,23.56703146,22.29918813,19.70246238,58.67119193,36.91250818,5.80101707,4.166121454,124.3213585,39.54967882,17.26454232,25.61046512,24.68372688,11.1560251,17.03443764,13.67966814,19.12679177,23.51067626,24.42804675,14.87018973,23.67371974,6.211413787,78.29440017,53.31313567,10.76057218,27.31651103,56.05305418,9.845357759,110.331663
Gobio sp.,gobio_sp,POP05,Gobio_05_11,37.22136372,32.02612145,37.8731371,61.99536411,34.10528818,35.3747344,42.96429474,26.72902334,26.15793227,22.24231438,59.79153356,40.14189982,5.20267158,4.457586069,134.6703615,43.10641744,19.08047429,28.55990253,27.81102807,12.34067844,17.35665146,14.02155986,19.68135689,24.05625474,25.19531656,18.36948931,24.561745,7.07775516,87.37893939,59.03047503,12.18406859,29.37348628,64.0577406,11.75614032,120.4736185
Gobio sp.,gobio_sp,POP05,Gobio_05_12,35.01981398,29.90304905,34.46323819,58.49592196,30.2145709,30.47761727,40.77820983,23.04860187,23.25209478,20.24750745,57.23087561,37.03526368,5.80114646,4.470821778,124.1883703,37.51459097,16.29036215,26.61734857,24.53557966,9.669965279,16.47392956,14.25714307,20.08520383,22.09002164,24.31015383,14.57922246,23.61677608,6.275343678,80.14312161,52.82124296,12.87499721,27.41288169,57.74834388,9.693905622,110.3353878
Gobio sp.,gobio_sp,POP05,Gobio_05_13,33.60215214,27.16214199,32.91360088,55.6243004,30.78757668,30.95174843,40.67437279,24.5587511,23.91310837,18.90198946,53.2527648,38.71602764,4.487336388,4.189588526,119.2577198,38.77811441,17.56809397,25.08507082,27.61107712,10.44833813,15.94428608,12.50921601,19.00191036,23.19866275,23.31791114,13.89281077,23.70401325,6.169872991,77.73711625,53.10448786,11.70805785,24.50972345,56.58119786,11.14666507,107.9072579
Gobio sp.,gobio_sp,POP05,Gobio_05_14,28.61758463,23.97720925,29.38003203,47.32856664,25.92820169,26.56306558,33.81089636,19.83584702,19.88530146,18.12765799,45.67303467,30.96138234,4.966297993,3.97720925,102.8510781,32.66689011,15.0424906,21.85096637,20.55658586,9.136707258,14.19066771,13.28253826,15.82929282,20.79506945,21.17551112,12.81398726,20.05712583,4.987077794,65.02394518,44.36539679,8.648791569,23.39604513,48.2304398,8.945294753,89.9063047
Gobio sp.,gobio_sp,POP05,Gobio_05_15,37.67304247,28.82700585,38.36982136,59.49806347,31.44284451,30.72168244,39.32128547,24.76906608,24.63748615,18.0587129,60.69008839,37.19236688,5.800370208,4.759996729,128.758168,38.76247965,18.09357786,27.88059679,26.6137869,11.15084115,17.86424223,14.95379835,20.00089207,25.2686981,24.37090671,15.77739948,26.66143816,5.947115277,82.63732261,54.77523621,12.04655104,27.94393357,56.85836202,11.37073573,115.5304455
Gobio sp.,gobio_sp,POP05,Gobio_05_16,31.14871985,24.84319109,30.21046382,51.65016698,28.03109462,28.56890538,37.52044527,23.06204082,20.40742115,18.41113173,50.2406679,34.21461967,5.612244898,4.948423006,110.1605937,35.33061224,15.94300557,23.74849722,24.44029685,10.09328386,14.30686456,12.54931354,17.89113173,21.64103896,20.52987013,13.45736549,22.35673469,5.807717996,71.05476809,47.99050093,10.09714286,23.90300557,51.8193692,9.666641929,98.48949907
Gobio sp.,gobio_sp,POP05,Gobio_05_17,33.78833775,28.7571724,34.27562404,56.10345732,31.14831212,29.1647249,38.65850639,24.30358547,22.53538869,20.23242944,55.67733667,34.55909766,4.951504384,4.66023942,120.6681618,38.01117001,17.2000699,25.6577491,24.61232633,10.93117409,16.64295284,14.70888067,20.59964174,23.15738502,21.55804911,16.40484374,24.67684152,6.178676492,76.0119273,51.87662016,11.11110302,27.53648094,53.53653919,10.70966708,108.2613666
Gobio sp.,gobio_sp,POP05,Gobio_05_18,34.00279096,28.39833139,35.17842751,57.04620758,29.52232769,28.48900033,36.74345542,22.08284827,22.89715232,18.67735291,56.91546521,35.45327005,4.876496224,4.478597654,120.9687024,36.87083968,17.10844452,26.2990657,24.3806155,11.14436882,15.97855288,14.99044805,19.49605982,22.76999194,23.52944688,17.18321841,24.26748455,5.842661413,76.67912898,50.92594251,10.98691084,26.95053879,54.1643533,11.2527238,108.514522
Gobio sp.,gobio_sp,POP05,Gobio_05_19,31.67075967,26.07977267,32.83470467,53.28134854,26.67205805,27.63063591,35.26765245,21.88592033,20.46014705,18.04834438,54.07165592,33.02731057,5.343997388,3.564396103,113.7110763,34.41450331,15.45001966,22.75160814,22.55670225,9.94301952,13.88899194,12.66168582,17.22435322,21.32071552,20.61506273,16.07650816,23.29715172,5.395264981,71.60821469,47.88014809,8.915590245,24.70764117,49.47842087,9.557956122,103.224739
Gobio sp.,gobio_sp,POP05,Gobio_05_20,28.14372593,24.99182193,29.99494446,48.53114359,27.84953831,26.80133228,32.6828543,19.36657101,18.34408874,15.29797927,48.06350646,31.90898547,5.057692594,3.423118671,104.3972016,33.89826476,13.28699091,20.97036563,22.00645324,8.62541448,12.87028088,11.29473778,17.28926591,19.40590011,18.85811785,13.85715135,19.77829985,5.897283393,66.61940731,45.75691791,8.983242383,21.98734629,48.40750598,8.258813733,94.12509479
Barbus petenyi,barbus_petenyi,POP06,Barpel_06_01,49.96568421052632,35.15221052631579,43.56238596491228,80.78168421052631,48.0740350877193,59.44666666666667,45.31922807017544,29.88021052631579,36.66357894736842,31.38119298245614,79.03887719298245,55.60035087719298,5.894736842105263,5.200561403508772,180.3797894736842,58.45221052631579,25.57389473684211,39.12870175438596,31.88470175438596,14.71894736842105,32.14308771929824,19.89087719298245,25.63508771929825,32.84329824561404,28.57585964912281,22.31578947368421,34.97466666666667,11.55059649122807,122.1279298245614,82.92091228070176,18.01964912280702,40.46224561403509,86.85824561403508,18.07859649122807,161.1331228070176
Barbus petenyi,barbus_petenyi,POP06,Barpel_06_02,52.396,34.29733333333333,39.06828070175438,80.21908771929824,46.19677192982456,60.77698245614035,43.91992982456141,28.51368421052631,32.76701754385965,30.58133333333333,76.99178947368421,57.64238596491228,6.036701754385964,5.36280701754386,173.1938947368421,55.05080701754387,22.84743859649123,37.3778947368421,29.33368421052631,14.13642105263158,27.32049122807017,20.55277192982456,23.0381052631579,28.94701754385965,26.14091228070176,19.35059649122807,31.41915789473684,9.315087719298246,122.384,79.17403508771929,16.69642105263158,38.08371929824561,86.76329824561404,15.64708771929824,157.1939649122807
Barbus petenyi,barbus_petenyi,POP06,Barpel_06_03,45.27614035087719,29.4000701754386,33.83270175438597,68.85740350877192,41.48049122807017,52.42533333333333,38.91543859649123,25.22456140350877,31.26294736842105,25.7458947368421,66.26659649122807,50.53880701754386,5.349894736842105,4.650666666666667,151.8939649122807,50.15733333333333,20.76905263157894,33.47887719298246,26.95649122807017,13.39185964912281,27.24757894736842,18.06238596491228,22.94982456140351,27.512,24.21957894736842,18.2720701754386,29.20175438596491,8.285473684210526,107.5693333333333,70.72694736842107,15.76063157894737,34.59045614035088,75.67424561403509,14.31094736842105,138.136701754386
Barbus petenyi,barbus_petenyi,POP06,Barpel_06_04,51.90421052631579,39.04807017543859,45.75908771929825,84.41915789473684,49.43719298245614,60.32364912280702,47.59115789473684,30.0658947368421,37.60378947368422,30.45712280701754,83.12870175438597,61.46821052631579,6.049754385964913,4.872,183.3678596491228,61.87628070175438,23.77073684210526,38.6220350877193,32.45782456140351,15.65957894736842,35.1281403508772,21.9199298245614,26.60049122807018,32.15045614035088,26.15354385964912,21.65957894736842,34.17908771929824,10.2341052631579,127.3968421052631,84.1498947368421,17.46280701754386,39.69922807017544,91.46912280701754,17.4898947368421,167.2342456140351
Barbus petenyi,barbus_petenyi,POP06,Barpel_06_05,49.08870175438597,35.17185964912281,38.71649122807018,77.96301754385965,44.27087719298246,56.02182456140351,41.31038596491229,28.66182456140351,34.35873684210527,31.56519298245614,75.06463157894737,53.3379649122807,5.909754385964913,5.475508771929825,167.6318596491228,53.09978947368421,23.19235087719298,38.60336842105263,29.75473684210527,14.12898245614035,31.5898947368421,20.51087719298245,24.78814035087719,30.20414035087719,25.87943859649123,20.79515789473685,31.2859649122807,10.23115789473684,116.6654035087719,77.85136842105263,17.31501754385965,40.08877192982456,83.72659649122808,16.52568421052632,152.7358596491228
Barbus petenyi,barbus_petenyi,POP06,Barpel_06_06,48.7421754385965,34.40315789473684,40.07845614035088,79.42343859649124,42.19873684210526,55.80989473684211,39.10982456140351,28.58477192982456,32.15228070175439,26.40870175438597,77.85929824561403,47.74898245614035,5.921403508771929,5.489824561403509,164.9361403508772,51.1478596491228,22.52842105263158,34.79171929824561,29.06112280701754,12.91263157894737,29.17473684210526,19.25508771929825,23.19656140350877,29.96056140350877,25.56715789473684,20.08785964912281,31.38245614035088,8.73901754385965,112.4774736842105,72.07108771929823,18.20238596491228,36.56028070175439,80.5322105263158,14.37417543859649,148.5294035087719
Barbus petenyi,barbus_petenyi,POP06,Barpel_06_07,45.27270175438596,29.35614035087719,33.45950877192983,69.63684210526316,40.89101754385965,51.54624561403509,38.99635087719298,25.4619649122807,29.68975438596491,26.20091228070176,65.59536842105263,48,5.761263157894737,5.340701754385965,151.8830877192982,48.88743859649122,21.0179649122807,32.50870175438597,26.24708771929825,12.45326315789474,28.34982456140351,18.65143859649123,22.92919298245614,30.46778947368421,24.74722807017544,18.10743859649123,31.04547368421053,7.70778947368421,105.4268070175439,68.90084210526315,15.83045614035088,33.80098245614035,74.32414035087719,13.18105263157895,135.4490526315789
Barbus petenyi,barbus_petenyi,POP06,Barpel_06_08,54.85473684210526,37.53459649122807,43.74736842105263,83.62294736842104,54.61831578947368,65.46624561403509,48.79712280701754,30.8059649122807,36.76442105263158,34.01157894736842,82.29424561403508,62.19747368421053,6.354666666666668,5.223228070175439,188.1539649122807,61.15045614035088,24.63985964912281,41.27845614035088,31.7800701754386,15.16049122807018,32.85677192982456,20.66329824561404,25.23859649122807,33.98694736842106,27.99284210526316,22.50912280701754,34.17768421052632,10.24659649122807,132.6101754385965,88.30315789473684,20.16561403508772,43.77171929824561,94.71866666666668,17.50505263157895,172.1809824561404
Barbus petenyi,barbus_petenyi,POP06,Barpel_06_09,48.08470175438597,34.04049122807017,38.44280701754386,77.59768421052632,46.77810526315789,56.97431578947368,43.25950877192982,25.80512280701754,32.07438596491228,27.53164912280702,73.76126315789473,52.528,5.90140350877193,6.075719298245613,163.9308070175439,54.29691228070175,22.04,33.83501754385965,26.82021052631579,12.8200701754386,29.36687719298245,19.67536842105263,24.17705263157895,28.36231578947368,24.55277192982457,18.28014035087719,30.78294736842105,9.4619649122807,114.448,75.03852631578948,16.54771929824562,35.05992982456141,81.14140350877193,13.42238596491228,148.9176140350877
Barbus petenyi,barbus_petenyi,POP06,Barpel_06_10,40.31024561403509,26.8139649122807,30.76280701754386,61.60063157894736,41.46435087719298,50.40940350877192,37.47368421052632,24.30505263157895,26.63340350877193,24.32652631578947,57.59515789473684,47.1380350877193,5.054596491228071,5.797052631578947,141.4447719298246,47.33221052631579,18.71936842105263,29.6618947368421,24.70814035087719,12.25768421052632,26.38743859649123,15.03059649122807,21.17950877192982,28.23950877192983,22.53108771929825,16.53817543859649,28.67354385964912,8.814245614035087,98.19277192982456,65.50792982456142,14.38989473684211,32.15045614035088,71.12898245614035,12.19438596491228,124.1673684210526
Barbus petenyi,barbus_petenyi,POP06,Barpel_06_11,42.74252631578947,27.69038596491228,32.13543859649123,67.06322807017544,41.07319298245614,51.42224561403509,38.85564912280702,24.11789473684211,29.88119298245614,26.02666666666666,64.39901754385966,49.12778947368422,5.335157894736842,4.773964912280702,146.719298245614,49.33585964912281,20.01319298245614,32.75263157894737,24.99663157894737,12.73066666666667,23.77901754385965,16.81845614035088,21.79101754385965,28.57235087719298,24.0440701754386,17.70428070175439,29.31719298245614,8.34821052631579,105.3567719298246,69.85031578947368,15.2679298245614,34.34926315789474,74.04849122807018,14.63557894736842,134.0847719298246
Barbus petenyi,barbus_petenyi,POP06,Barpel_06_12,40.25431578947369,24.74161403508772,29.06652631578947,61.69087719298246,39.35459649122807,49.15585964912281,37.11052631578948,23.13578947368421,26.17382456140351,22.41445614035088,60.72280701754386,47.15978947368421,5.054596491228071,4.072561403508772,135.9206315789474,45.76666666666667,19.37656140350877,28.24540350877193,23.86336842105263,11.16863157894737,22.59691228070175,14.80877192982456,19.04280701754386,25.70877192982456,21.52554385964912,15.80926315789474,28.93985964912281,7.471649122807018,95.82182456140352,64.02982456140352,13.49270175438596,29.96877192982456,68.72463157894737,12.17740350877193,121.8362105263158
Barbus petenyi,barbus_petenyi,POP06,Barpel_06_13,40.30049122807018,27.63775438596491,32.39642105263158,64.57740350877192,38.99964912280702,48.09263157894737,36.60680701754386,23.58940350877193,28.37066666666666,23.74582456140351,62.54877192982456,44.07824561403509,5.489824561403509,5.200561403508772,139.511298245614,45.92645614035088,19.2899649122807,30.35508771929825,24.98603508771929,12.07017543859649,23.76077192982456,15.8139649122807,20.664,25.42828070175439,22.31733333333333,17.00329824561404,28.40849122807018,8.285473684210526,97.21978947368422,64.50919298245614,14.11487719298245,31.84322807017544,69.56421052631579,12.90161403508772,126.4574035087719
Barbus petenyi,barbus_petenyi,POP06,Barpel_06_14,44.93417543859649,32.0679298245614,37.09859649122807,71.47389473684211,44.43964912280702,54.316,42.68603508771929,29.35614035087719,32.16364912280702,27.07354385964912,70.03522807017544,50.08792982456141,5.621052631578946,4.944280701754386,156.9547368421053,52.75775438596491,21.93473684210527,34.47866666666667,32.01971929824561,12.85284210526316,27.86912280701754,17.54729824561404,21.70540350877193,27.64912280701754,24.00322807017544,19.2301052631579,29.59838596491228,8.852140350877193,109.6423157894737,74.19782456140351,15.67221052631579,35.40238596491228,78.4039298245614,14.81417543859649,141.7794385964912
Barbus petenyi,barbus_petenyi,POP06,Barpel_06_15,42.02519298245615,28.64329824561403,32.67642105263158,67.56961403508771,40.71045614035087,52.03557894736842,39.36084210526316,24.40736842105263,29.48638596491228,28.48708771929824,65.28364912280702,48.06645614035088,6.317333333333334,5.629824561403508,149.478947368421,47.76589473684211,20.42042105263157,33.31319298245614,25.27291228070176,12.92891228070175,25.36273684210526,17.52708771929824,23.02778947368421,28.54407017543859,24.11424561403509,16.228,29.78512280701754,9.10119298245614,103.4906666666667,69.38287719298246,14.9860350877193,33.55557894736842,74.55501754385966,12.83957894736842,133.860701754386
Barbus petenyi,barbus_petenyi,POP06,Barpel_06_16,41.03073684210527,29.31452631578948,35.84912280701754,65.94343859649123,41.62063157894737,50.11452631578947,41.25501754385965,26.28722807017544,27.68154385964912,25.6458245614035,65.31747368421053,45.35157894736842,5.335157894736842,4.790456140350877,144.479649122807,47.29157894736842,20.37459649122807,31.03782456140351,27.99887719298246,12.77459649122807,25.42828070175439,17.97487719298246,21.11522807017544,25.71522807017544,21.74484210526316,18.21157894736842,27.71887719298246,7.496631578947368,98.23445614035087,67.43915789473684,15.04898245614035,31.13291228070175,71.65501754385964,11.72245614035088,129.684350877193
Barbus petenyi,barbus_petenyi,POP06,Barpel_06_17,44.2000701754386,27.00070175438596,31.2740350877193,67.20035087719299,40.4758596491228,49.50624561403509,37.73038596491228,23.29150877192983,29.64294736842105,26.33550877192982,64.41249122807018,46.87908771929825,6.036701754385964,5.054596491228071,145.6842105263158,46.43087719298245,20.36828070175439,32.03719298245614,24.02624561403509,11.66589473684211,25.12280701754386,16.46175438596491,20.40694736842105,26.7820350877193,22.65487719298246,17.6981052631579,28.49817543859649,7.607508771929824,104.6201403508772,68.10877192982456,14.51326315789474,32.84722807017544,72.00919298245614,13.25333333333333,132.3509473684211
Barbus petenyi,barbus_petenyi,POP06,Barpel_06_18,30.46778947368421,23.51284210526316,27.27901754385965,49.66456140350878,31.87480701754386,37.7958596491228,29.94771929824562,18.94063157894737,23.56764912280702,20.09417543859649,47.96021052631579,35.91059649122807,4.079859649122807,3.799859649122807,113.2945263157895,37.22498245614035,15.33936842105263,24.18112280701754,20.10154385964913,9.91859649122807,17.82624561403509,12.47852631578947,16.93368421052632,23.43354385964912,18.86673684210526,15.46982456140351,24.16645614035087,6.813894736842105,77.0540350877193,53.02385964912281,11.53950877192982,25.63508771929825,55.85136842105263,9.973824561403509,101.0807719298246
Barbus petenyi,barbus_petenyi,POP06,Barpel_06_19,33.20743859649123,26.00849122807017,29.15649122807018,56.24778947368421,32.69571929824561,39.19915789473684,29.86077192982456,19.24035087719298,23.31094736842105,19.4379649122807,54.48884210526316,36.96456140350877,4.359929824561403,3.932350877192983,117.991298245614,37.83649122807017,15.86961403508772,23.91943859649123,19.80736842105263,10.35347368421053,15.89936842105263,13.97382456140351,16.34652631578948,22.68694736842105,18.62575438596491,14.32680701754386,23.57936842105263,5.34442105263158,78.92224561403509,53.44294736842105,11.5880701754386,25.40701754385965,56.19101754385965,9.226947368421053,105.7795789473684
Barbus petenyi,barbus_petenyi,POP06,Barpel_06_20,31.92729824561404,21.0179649122807,23.78940350877193,50.78028070175439,30.00126315789473,37.19375438596491,29.84063157894737,18.25263157894737,22.36161403508772,19.44049122807017,49.38792982456141,34.9498947368421,4.633684210526316,4.072561403508772,111.4393684210526,35.62063157894737,14.37143859649123,23.44028070175439,19.09235087719298,9.644701754385967,14.65101754385965,11.79129824561404,15.63887719298246,22.08912280701754,17.0839298245614,13.61473684210526,22.33164912280701,5.399438596491227,77.42856140350878,50.67908771929825,9.631157894736843,24.53291228070175,54.76722807017544,9.631157894736843,99.93024561403509
Barbus petenyi,barbus_petenyi,POP07,Barpel_07_01,50.72123456790123,35.14855967078189,40.31308641975308,80.33193415637861,52.27473251028806,62.8883950617284,49.26650205761317,30.41843621399177,41.68740740740741,38.08839506172839,77.67382716049381,57.11958847736626,6.748971193415638,6.602880658436213,185.100329218107,60.61925925925926,27.00041152263374,45.48518518518519,31.6477366255144,14.46551440329218,35.76600823045268,22.79259259259259,26.93004115226337,36.8077366255144,30.83069958847737,21.74395061728395,38.15094650205761,13.56,130.7292181069959,91.3432098765432,19.76543209876543,46.51423868312757,94.98345679012345,20.51283950617284,167.9402469135803
Barbus petenyi,barbus_petenyi,POP07,Barpel_07_02,33.25753086419753,21.50584362139917,26.01078189300411,50.32,30.06798353909465,38.48534979423868,28.73497942386831,20.57399176954732,23.31152263374486,21.11851851851851,48.28156378600823,34.89728395061729,4.723868312757202,4.718765432098765,110.6311934156379,35.64115226337449,16.13769547325103,25.68296296296296,21.50888888888889,10.31786008230453,18.46263374485597,13.53711934156379,17.22946502057613,22.90502057613168,18.53168724279836,14.26609053497942,23.08699588477366,5.327736625514403,77.35753086419753,51.99308641975308,11.95407407407407,26.49835390946502,56.21876543209876,10.31786008230453,99.6874074074074
Barbus petenyi,barbus_petenyi,POP07,Barpel_07_03,54.96584362139919,36.29547325102881,41.57102880658436,86.0553086419753,48.55604938271605,62.8325925925926,47.51078189300411,30.29901234567901,42.11810699588477,37.90748971193415,82.61687242798354,60.50189300411522,6.671275720164608,5.931028806584361,188.1353086419753,58.65382716049383,26.68493827160493,44.88806584362139,31.62905349794239,14.48600823045267,35.16674897119341,22.33539094650206,27.83448559670782,36.99588477366255,30.3079012345679,22.72139917695473,37.00164609053498,11.09736625514403,134.7716049382716,88.81646090534979,19.28452674897119,45.71168724279836,96.35390946502058,20.33251028806584,172.5381893004115
Barbus petenyi,barbus_petenyi,POP07,Barpel_07_04,42.88345679012345,32.44971193415638,36.27720164609053,70.16477366255144,42.23275720164609,53.73473251028806,37.62312757201646,25.68584362139918,37.64082304526749,35.94098765432099,66.05399176954732,49.24041152263374,6.584362139917696,6.309053497942387,161.6827983539094,48.85119341563787,24.40716049382716,44.19374485596707,26.69152263374486,12.94921810699589,31.87851851851852,18.83588477366255,26.22197530864197,30.9438683127572,26.66641975308642,20.24962962962963,33.42213991769547,12.7356378600823,112.7754732510288,78.69382716049383,18.12567901234568,45.13292181069959,85.30897119341563,19.94213991769547,146.642633744856
Barbus petenyi,barbus_petenyi,POP07,Barpel_07_05,31.23234567901235,27.98353909465021,30.33432098765432,55.01489711934156,31.16329218106996,39.39415637860083,29.43489711934156,19.82395061728395,26.30543209876543,24.78288065843622,53.98255144032922,37.83465020576131,5.277777777777778,5.049218106995884,122.1034567901235,37.40971193415638,16.79333333333333,28.77308641975308,20.5238683127572,10.20814814814815,20.4038683127572,14.03374485596708,18.4717695473251,26.38156378600823,21.73086419753086,16.38098765432099,28.00329218106996,6.823292181069959,80.22699588477366,56.24502057613168,12.46255144032922,30.39777777777778,60.19975308641975,12.08979423868313,109.7030452674897
Barbus petenyi,barbus_petenyi,POP07,Barpel_07_06,30.16576131687243,19.54469135802469,22.58502057613169,45.46296296296297,25.38395061728395,32.95563786008231,23.77316872427983,18.14954732510288,23.38139917695473,20.14543209876543,43.25300411522634,30.7038683127572,4.629876543209877,4.285432098765432,98.67967078189301,32.19777777777777,14.70674897119342,24.53506172839506,19.93094650205762,9.78897119341564,16.24477366255144,12.23185185185185,16.69333333333334,21.10650205761317,17.57061728395062,11.45555555555556,21.23448559670782,5.728559670781893,69.2477366255144,47.20238683127572,11.05267489711934,25.52781893004116,50.92098765432099,10.29506172839506,88.8954732510288
Barbus petenyi,barbus_petenyi,POP07,Barpel_07_07,31.80288065843621,24.60609053497942,27.37818930041152,53.77909465020576,30.73489711934156,38.9840329218107,28.30592592592593,19.26699588477366,26.40617283950617,22.62757201646091,50.28041152263376,35.95868312757202,5.635308641975309,5.277777777777778,116.5428806584362,36.73662551440329,16.57646090534979,27.85843621399177,20.19234567901234,9.806172839506171,20.11794238683127,13.78707818930041,18.25835390946502,24.25242798353909,19.87465020576132,16.68181069958848,28.15004115226338,7.219506172839506,78.37876543209876,55.31604938271605,11.90707818930041,29.66946502057613,58.28411522633745,11.69275720164609,105.4197530864197
Barbus petenyi,barbus_petenyi,POP07,Barpel_07_08,32.04691358024691,23.06222222222222,25.86921810699588,51.88074074074074,31.21884773662551,37.87292181069959,29.96510288065844,19.00395061728395,25.04008230452675,20.59152263374486,48.84189300411522,35.0240329218107,5.090781893004115,4.609053497942387,117.0093827160494,37.54962962962963,16.37473251028807,27.37465020576131,20.30205761316872,9.47835390946502,17.44995884773662,13.33275720164609,17.7764609053498,25.74600823045268,20.19028806584362,15.80592592592593,25.43991769547326,6.282057613168725,79.29720164609054,54.45604938271605,12.40395061728395,28.29703703703704,56.85991769547325,11.29037037037037,104.4926748971193
Barbus petenyi,barbus_petenyi,POP07,Barpel_07_09,32.05086419753086,20.81958847736626,23.86979423868313,49.78987654320988,30.46921810699589,38.0125925925926,27.25251028806584,17.80246913580247,25.41144032921811,22.63135802469136,47.90897119341565,36.01473251028806,4.939506172839506,4.401893004115226,113.7511934156379,35.60872427983539,16.47884773662551,28.00098765432099,18.04534979423868,8.88954732510288,18.45711934156379,13.08526748971193,17.98156378600823,22.70543209876543,18.29094650205761,13.82757201646091,22.69563786008231,7.246090534979425,80.2551440329218,54.45662551440329,12.0598353909465,29.50032921810699,58.73769547325103,12.00732510288066,102.8785185185185
Barbus petenyi,barbus_petenyi,POP07,Barpel_07_10,30.89374485596707,21.23390946502058,24.34930041152263,48.44493827160494,27.56641975308642,36.07234567901234,25.78411522633745,17.62296296296296,22.40757201646091,21.10650205761317,46.45604938271605,32.93078189300411,4.500658436213992,4.401893004115226,105.4597530864198,33.11744855967078,15.17621399176955,24.49176954732511,18.23292181069959,9.01530864197531,16.57975308641975,12.54732510288066,16.2995061728395,21.76082304526749,17.50090534979424,14.59530864197531,23.43827160493827,7.077942386831275,74.219670781893,48.7925925925926,10.52181069958848,25.58436213991769,53.68502057613169,10.21102880658436,95.03432098765431
Barbus petenyi,barbus_petenyi,POP07,Barpel_07_11,29.01152263374485,21.25234567901235,24.00584362139917,46.01654320987655,25.42666666666667,34.94353909465021,24.25860082304527,17.32213991769547,23.03218106995885,20.12543209876543,45.20847736625514,32.59423868312757,4.500658436213992,4.446831275720165,101.0705349794239,31.73349794238683,14.80954732510288,24.41769547325103,17.57506172839506,9.004609053497942,17.28493827160494,11.90304526748971,15.45925925925926,20.12543209876543,16.43637860082304,11.5482304526749,20.66485596707819,5.93909465020576,70.64123456790125,47.56288065843621,10.70279835390946,25.97374485596708,51.93316872427985,10.23111111111111,90.31786008230453
Barbus petenyi,barbus_petenyi,POP07,Barpel_07_12,26.80271604938272,18.41037037037037,22.18362139917696,42.45325102880659,26.52353909465021,32.28057613168724,25.17440329218107,16.36921810699588,22.77506172839506,19.52279835390947,41.32864197530864,30.22938271604938,4.520658436213992,4.279835390946502,97.49358024691358,32.14074074074074,13.83802469135802,23.67037037037037,17.56683127572017,9.041316872427984,15.58913580246913,11.15028806584362,15.85308641975309,21.1956378600823,16.22732510288066,12.51802469135803,22.57670781893004,5.625679012345679,66.84650205761316,47.14271604938271,10.22164609053498,24.14288065843622,49.85662551440329,9.915473251028807,87.34238683127572
Barbus petenyi,barbus_petenyi,POP07,Barpel_07_13,26.96024691358025,19.80530864197531,22.10456790123457,43.21746913580247,25.57444444444444,31.1046913580247,23.23407407407407,14.95722222222222,18.75253086419753,16.42432098765432,41.8220987654321,27.55481481481482,4.226481481481481,4.210432098765432,94.08271604938273,29.94944444444444,12.67598765432099,20.43882716049382,16.22148148148148,8.427654320987655,12.72,10.37981481481481,14.84246913580247,19.21981481481481,14.4491975308642,12.18135802469136,19.46376543209876,4.941358024691358,64.24345679012345,43.7691975308642,10.01617283950617,21.67820987654321,45.22728395061728,8.17283950617284,84.45617283950618
Barbus petenyi,barbus_petenyi,POP07,Barpel_07_14,27.03338065836828,18.78321203345141,22.29296869472523,42.21778320731667,25.21303340895905,32.33622157549916,22.9411958926272,16.9659778594305,21.66620284987902,19.21899542000575,40.18310543420327,28.96858152248253,4.631124150389842,4.00233008976034,95.11294331844404,30.49667702786203,14.3765123178733,24.07058190925857,17.92475791122075,8.632888226443217,16.47637600290554,11.89826846973478,16.07610997646326,21.20263762387446,15.29090746147569,12.2134437688966,21.69657891881949,6.371663467116963,66.44364154351938,45.50236074883614,10.92420604785646,25.0700206123325,48.88169841846337,9.985330811427817,85.1984113881958
Barbus petenyi,barbus_petenyi,POP07,Barpel_07_15,24.0084903022446,18.50085157223112,21.33302829253413,38.99603446961031,24.86031673402984,30.59631239567181,23.95218485472432,14.59044036028708,20.31148054941237,17.6313158273808,37.73079302134438,27.36906547361821,3.990569155291187,4.324715930755739,90.89330350712187,29.53303337654745,13.44810493403493,20.80395197302084,15.50831659845615,7.60585339400256,13.73624138895244,9.539303659642256,14.12588864316158,18.69463721328283,15.10634061194574,10.7036274435039,20.19238753738868,5.267800401637053,63.41065270257675,43.83682011913538,9.94670259369413,22.32114864807613,45.58415313048121,7.996432717320387,81.70530516789954
Barbus petenyi,barbus_petenyi,POP07,Barpel_07_16,25.81761457528108,18.43207413544902,20.47033609983475,40.49797025509519,24.0877257136509,32.92010164925453,22.96277952387786,16.38399903720196,18.21785157172151,16.54119433245231,38.21993454824868,29.93038229562529,4.629762494387536,4.49066595073992,88.90143817957109,28.72998606720145,13.26467225521554,20.27453630628087,17.23940806435935,8.664349162411995,13.27596661682952,9.901452066081273,14.97141693321051,19.16518929627795,14.46131912589047,9.628443275920327,19.15083990242412,5.017983030684558,62.10704647814957,41.62143521711559,8.665691525062837,21.47502511143924,46.73977142804241,7.790748806917334,79.90020228016498
Barbus petenyi,barbus_petenyi,POP07,Barpel_07_17,26.9520987654321,19.96082304526749,23.21423868312757,44.55901234567902,25.70057613168725,31.80189300411522,24.48765432098765,16.39530864197531,20.32074074074074,17.65201646090535,43.17711934156378,28.89144032921811,4.314897119341564,3.662716049382716,97.01267489711933,31.54699588477366,13.35489711934157,21.60971193415638,17.44995884773662,8.724279835390947,13.58510288065844,11.83958847736625,14.64600823045268,19.05201646090535,16.239670781893,11.96362139917696,21.07909465020576,5.055144032921811,64.86008230452674,44.7556378600823,9.617695473251029,22.61588477366255,47.14362139917695,8.833827160493827,87.47991769547326
Barbus petenyi,barbus_petenyi,POP07,Barpel_07_18,25.58002121104995,18.54810363112974,20.54648755113378,40.91848896520378,23.08398565729004,30.27604666430988,21.47608706630978,15.30917630422706,21.57370839856573,18.46957224382607,39.45886571385284,28.29331851926671,4.656077975859805,4.243422049391445,91.32023635169942,29.23670521690824,13.45795666885511,23.2471592343821,15.96676935508308,7.732841775667896,14.35548709661128,9.99782839250543,14.79268723801828,19.96863794757841,16.41952426645119,11.92030705519923,21.55572950861067,5.402605928993486,62.52239785869401,43.37548608656129,10.20150497449624,23.96394121509015,46.06004747234988,9.787081460532297,81.59017221352457
Barbus petenyi,barbus_petenyi,POP07,Barpel_07_19,27.77125,18.57007575757576,22.19984848484849,43.52450757575758,27.73939393939394,34.65034090909091,25.40276515151515,16.24405303030303,21.7517803030303,19.35159090909091,42.24003787878787,31.76333333333334,4.77814393939394,5,99.38299242424242,31.42306818181818,13.66662878787879,23.48867424242424,16.7107196969697,8.497007575757575,15.39174242424242,11.87098484848485,17.50333333333333,20.935,16.06060606060606,11.71833333333333,21.74613636363636,5.795454545454546,69.89560606060606,47.59246212121212,10.78348484848485,24.91231060606061,51.78253787878788,8.589128787878787,89.64996212121213
Barbus petenyi,barbus_petenyi,POP07,Barpel_07_20,25.58223529411764,18.33635294117647,20.64866666666667,40.45435294117647,23.57788235294118,30.2938431372549,22.04901960784314,16.48611764705883,18.66439215686275,18.11192156862745,37.71776470588235,26.60098039215686,3.884117647058823,4.236941176470588,87.60164705882353,27.67105882352941,12.82839215686275,20.5815294117647,16.97423529411765,7.37921568627451,13.51250980392157,11.12094117647059,14.00937254901961,19.49145098039216,15.60843137254902,11.56776470588235,19.8938431372549,4.94678431372549,61.42301960784314,41.14686274509803,9.55478431372549,21.64705882352941,43.73827450980392,8.63886274509804,78.54780392156863
Barbus petenyi,barbus_petenyi,POP08,Barpel_08_01,32.70941160131476,26.34933567890376,29.98027869080136,55.3706772834591,33.16948289431045,38.6171936484422,32.21443451692052,19.68214434516921,28.90329151428175,24.50858756539049,52.24637748252397,36.72394796537198,5.675107633905839,5.928521827693163,121.7827878338966,40.14156752002222,17.69038470441183,30.28980139808342,21.388732003148,11.21272163325772,17.22170269894912,13.2404055367807,20.88986620989769,26.05990463404472,19.59196333503079,16.61052729040322,25.74325262719319,7.700476829776399,82.68469052358688,60.61386046942271,12.83273922503588,30.59960187028378,60.18693579000973,13.42660062034165,111.1617054765983
Barbus petenyi,barbus_petenyi,POP08,Barpel_08_02,26.80214290885398,20.65416636501846,23.36704553681315,44.74212698182871,26.45305147324984,33.67132411496416,25.34974299572866,16.56106566278144,20.01368276261493,17.10330847752117,43.43068124230797,31.80272207340911,4.201404474046189,4.157532758995149,97.21190183160792,31.88199522189242,14.52913921667994,21.42959530876711,17.23260696445378,8.85629479475856,14.00101353797148,11.58647650763773,14.37689133425034,18.79287627597191,16.28111199594585,13.0384420473467,19.63947006443206,5.361688264678203,65.74162021284297,45.0728299428075,9.666401216245566,22.49453413451097,48.62166075436184,8.035908202418012,87.85890103525665
Barbus petenyi,barbus_petenyi,POP08,Barpel_08_03,41.66517543859649,33.98342105263158,37.39859649122807,69.43078947368421,39.95859649122807,46.70947368421053,36.83342105263158,23.05517543859649,36.31236842105263,28.53535087719298,65.32236842105263,43.86728070175438,6.784649122807017,5.615263157894736,149.4160526315789,47.88771929824561,21.2980701754386,38.13026315789473,25.26745614035088,13.95175438596491,22.47956140350877,19.48868421052632,24.40526315789474,30.20350877192982,23.1909649122807,21.54394736842105,30.74087719298246,9.786929824561403,102.6578947368421,72.84298245614035,15.73526315789474,38.27578947368421,73.18359649122807,17.45236842105263,136.9902631578947
Barbus petenyi,barbus_petenyi,POP08,Barpel_08_04,33.25359649122807,23.45780701754386,26.70789473684211,52.96850877192982,32.27605263157895,40.57061403508772,29.78622807017544,18.79008771929825,25.59482456140351,22.52491228070175,50.86982456140351,38.40263157894737,5.657719298245615,4.679824561403509,120.1005263157895,38.01166666666667,16.75824561403509,27.92605263157895,20,9.91263157894737,20.9359649122807,14.27526315789474,17.15912280701754,24.57394736842105,19.34921052631579,15.08815789473684,26.23666666666667,7.279736842105264,82.7459649122807,56.37789473684211,12.34070175438596,28.7719298245614,60.64982456140351,11.57657894736842,107.0243859649123
Barbus petenyi,barbus_petenyi,POP08,Barpel_08_05,27.10657894736842,21.21649122807018,23.89605263157895,44.38631578947368,28.06157894736842,34.14973684210526,26.83078947368421,16.55552631578947,22.13535087719298,20.64166666666667,42.71956140350877,31.93412280701754,4.662368421052632,4.123771929824562,103.8030701754386,32.32070175438596,15.08798245614035,24.47666666666667,17.63245614035088,8.773684210526316,17.75684210526316,11.23114035087719,15.30070175438596,22.79438596491228,16.97877192982456,14.39026315789474,23.9788596491228,7.063947368421052,70.73429824561403,48.97763157894737,10.49482456140351,25.03456140350877,51.28008771929824,10.18228070175439,92.22570175438597
Barbus petenyi,barbus_petenyi,POP08,Barpel_08_06,24.47508771929824,19.79131578947369,22.10140350877193,41.25614035087719,24.45543859649122,30.54157894736842,22.9759649122807,15.10912280701754,20.34631578947369,17.91640350877193,39.65350877192983,27.74649122807018,4.652456140350877,4.385964912280701,92.88728070175438,29.37350877192983,13.59675438596491,22.52271929824562,16.2340350877193,8.340701754385965,14.55719298245614,10.55614035087719,14.61438596491228,19.17368421052632,15.61482456140351,13.07017543859649,20.30333333333333,5.581754385964912,63.6438596491228,44.02991228070175,10.12578947368421,23.24631578947368,46.68587719298246,9.066140350877193,83.08482456140352
Barbus petenyi,barbus_petenyi,POP08,Barpel_08_07,30.45877192982456,22.76815789473684,26.55921052631579,49.80763157894737,30.93745614035088,38.22394736842105,28.67026315789474,18.46885964912281,25.90315789473684,23.25868421052632,48.56710526315788,35.00535087719298,5.088508771929825,4.912280701754385,112.9057894736842,35.80771929824562,16.93008771929824,27.12473684210526,19.47859649122807,9.937105263157894,20.69614035087719,14.24456140350877,17.12771929824562,23.25868421052632,19.00543859649123,15.11315789473684,24.06342105263158,7.639649122807017,77.65342105263157,54.85508771929824,12.33473684210526,28.24614035087719,57.3880701754386,11.455,101.6818421052632
Barbus petenyi,barbus_petenyi,POP08,Barpel_08_08,26.33929824561403,20.39333333333333,23.4421052631579,43.93903508771929,26.2180701754386,33.26605263157895,24.04535087719299,15.85684210526316,20.12921052631579,17.38745614035088,43.03482456140351,31.2311403508772,4.038859649122807,3.775964912280702,95.88043859649122,30.27526315789473,14.47473684210526,21.70850877192983,16.84236842105263,8.165438596491228,15.02666666666667,11.44026315789474,13.18157894736842,19.05447368421053,15.6821052631579,11.93789473684211,20.03149122807017,5.33578947368421,64.59438596491228,44.76438596491228,9.293684210526315,22.47684210526316,47.88228070175438,9.062719298245614,86.24096491228072
Barbus petenyi,barbus_petenyi,POP08,Barpel_08_09,30.77201754385965,22.2430701754386,25.89201754385965,50.5869298245614,29.46131578947368,35.81894736842105,28.09280701754386,18.52122807017544,26.36254385964913,22.1959649122807,48.17166666666667,33.50921052631578,5.362368421052631,4.912280701754385,112.8157894736842,35.02184210526316,16.08157894736842,27.82526315789474,20.18473684210526,9.587105263157895,17.37929824561403,12.95429824561404,19.30561403508772,26.58140350877193,19.25315789473684,14.66201754385965,26.40236842105264,6.991754385964912,77.15254385964913,54.17754385964913,11.82157894736842,28.33824561403508,55.09421052631579,12.40535087719298,101.1622807017544
Barbus petenyi,barbus_petenyi,POP08,Barpel_08_10,37.21745614035088,30.76649122807018,34.88149122807017,62.72017543859648,39.30377192982456,45.7959649122807,37.43421052631579,24.2669298245614,31.32078947368421,26.82342105263157,59.54815789473685,42.73631578947368,6.683070175438597,5.73219298245614,140.2943859649123,46.09938596491229,19.89543859649123,33.34157894736842,26.43921052631579,12.72412280701754,22.5730701754386,16.17131578947368,23.78184210526316,31.0928947368421,24.18535087719298,20.07684210526316,31.725,8.479298245614036,95.20535087719297,67.6848245614035,13.75798245614035,32.98429824561403,67.63508771929824,14.33789473684211,126.6231578947368
Barbus petenyi,barbus_petenyi,POP08,Barpel_08_11,26.28666666666667,20.74701754385965,23.11280701754386,44.14815789473684,27.83245614035088,34.2309649122807,24.84008771929825,16.09377192982456,20.18017543859649,17.68035087719298,42.02087719298245,32.45236842105263,4.370175438596491,3.781140350877193,97.20491228070175,31.21438596491228,13.85245614035088,21.70359649122807,17.82087719298246,8.262368421052631,14.83728070175439,11.95043859649123,14.17938596491228,20.38789473684211,15.44570175438596,12.535,20.38789473684211,5.825263157894737,66.37894736842105,46.0061403508772,9.850350877192982,22.71368421052631,49.13605263157894,8.515964912280701,87.53535087719298
Barbus petenyi,barbus_petenyi,POP08,Barpel_08_12,20.92289473684211,16.44184210526316,18.72166666666666,34.81087719298245,19.56447368421053,24.45850877192982,18.94771929824561,13.81605263157894,17.60114035087719,15.40280701754386,33.62271929824561,23.1969298245614,3.700877192982456,3.509298245614035,75.82798245614035,24.07491228070175,12.16385964912281,17.95473684210526,15.36622807017544,6.593508771929825,11.58929824561404,9.043596491228069,11.89131578947368,16.59798245614035,12.70929824561404,9.959035087719299,16.93938596491228,4.008333333333333,51.11228070175439,36.12377192982456,8.297719298245614,18.89622807017544,36.86885964912281,7.901666666666666,68.1048245614035
Barbus petenyi,barbus_petenyi,POP08,Barpel_08_13,22.42517543859649,18.4840350877193,21.40956140350877,39.06719298245613,24.27605263157895,30.45771929824561,22.38412280701755,14.45578947368421,20.33956140350877,17.41719298245614,37.8969298245614,28.47736842105263,4.308859649122807,3.987368421052632,90.0251754385965,28.44447368421053,13.21508771929824,21.23675438596491,15.62964912280702,7.779385964912281,14.93745614035088,10.00964912280702,13.43105263157895,18.82254385964912,14.39263157894737,10.86710526315789,19.80184210526316,6.140087719298246,60.81342105263158,43.32587719298246,9.648245614035087,22.15938596491228,45.58289473684211,8.994649122807019,80.81263157894738
Barbus petenyi,barbus_petenyi,POP08,Barpel_08_14,18.45771929824561,15.24877192982456,17.36245614035088,31.70877192982456,19.90728070175439,25.05631578947369,19.37780701754386,12.12684210526316,15.65561403508772,13.20666666666667,30.00280701754386,23.23526315789474,3.579210526315789,3.224912280701755,72.59710526315789,23.50184210526315,11.11245614035088,16.44473684210526,13.50991228070176,6.724122807017544,11.1830701754386,7.49780701754386,10.96438596491228,15.17052631578947,10.97754385964912,9.193157894736842,15.77008771929824,3.724824561403508,49.12561403508772,34.67219298245614,7.561052631578947,16.66833333333333,36.01982456140351,6.078508771929824,64.52035087719298
Barbus petenyi,barbus_petenyi,POP08,Barpel_08_15,19.37311946570292,16.22987479558244,18.22640667184596,32.73110452014988,18.63352490997043,24.37760484850566,17.94286180299512,12.61564347001232,16.87345211370982,13.88374059464587,31.43519372990699,23.02456444572258,3.719949008279716,3.720378231514428,72.0608295168234,22.75939033131741,10.98824357560123,17.02046107159873,13.64771073787766,6.354821679207139,11.35458560642805,7.976169526008782,10.88419986350701,15.05938303452242,11.78827276278119,9.27280999575069,15.83777937067289,4.276951999965662,48.07467625837521,33.84309315431862,7.397490760969872,17.29104339876126,35.80979401576966,6.581666158752505,64.72141265951008
Barbus petenyi,barbus_petenyi,POP08,Barpel_08_16,23.19008771929825,17.85035087719298,20.70245614035088,38.51,26.70833333333334,32.40219298245614,24.04754385964912,14.55456140350877,21.85070175438597,18.7721052631579,36.24333333333333,31.15526315789474,4.399999999999999,3.688421052631579,92.23166666666668,31.02149122807017,13.98070175438597,22.88868421052631,15.62982456140351,8.083684210526314,15.80921052631579,10.46245614035088,14.11219298245614,19.28631578947368,16.30815789473684,11.93789473684211,20.69614035087719,5.649561403508772,64.25745614035088,46.12543859649123,9.603596491228071,23.77771929824561,48.52394736842105,9.887017543859649,83.30991228070175
Barbus petenyi,barbus_petenyi,POP08,Barpel_08_17,23.99729524910086,17.47428183839322,19.41646883465431,37.75572666105619,22.88880794175156,30.04295780839813,20.78634561357232,14.30922085589037,20.25360179870122,17.40791914218365,35.617298682376,28.30371086799057,4.033386507228719,3.604645807426761,87.29143900284292,27.40754231930296,13.31545518110526,21.76717370278723,15.34263667156536,7.386105284312863,15.57735545702335,10.13029697829919,14.43729876611441,18.43651999882766,15.42243938385272,12.23041463077638,19.59014231344127,5.597955107834148,60.37544119678947,41.95705056544367,9.640092279736558,22.69696322627377,45.14618634310143,9.22340991211653,77.7998986765143
Barbus petenyi,barbus_petenyi,POP08,Barpel_08_18,37.28228070175439,29.47789473684211,33.67157894736842,62.17561403508772,39.97499999999999,46.51578947368421,37.2740350877193,22.89175438596491,31.35289473684211,26.44543859649123,59.77473684210526,43.89271929824561,5.734561403508771,5.750087719298246,139.4695614035088,46.64675438596491,19.31561403508772,33.65763157894737,24.79640350877193,12.0609649122807,21.98956140350877,16.26026315789474,23.85649122807017,30.89710526315789,25.13815789473684,18.95640350877193,32.46938596491228,9.498947368421053,94.79754385964912,67.98368421052632,14.94377192982456,33.87578947368421,67.86894736842106,15.06956140350877,125.5056140350877
Barbus petenyi,barbus_petenyi,POP08,Barpel_08_19,23.87850629312437,19.62527304878471,22.22591102943726,40.13015325404805,25.75669186227939,30.67564404840331,23.48167539267016,15.00624111507923,17.96799694878818,14.82442529731979,38.18985992163933,28.25842550535695,4.257914080649076,3.642470788114143,87.56215110433064,28.98048784716202,12.55330952463507,19.30545924205125,16.24679276030651,7.6299798897403,14.46746818764953,11.09566242501994,13.56887763947159,17.2832946153046,15.27820637287195,12.36676952948927,18.36023369508685,4.67832252695815,59.58635276169343,41.61805242536666,8.59080822440276,20.17336430775632,43.14898928608578,7.77417565271662,78.54777053500226
Barbus petenyi,barbus_petenyi,POP08,Barpel_08_20,21.18455619396281,15.46024643650108,17.96723784342638,33.43218759004085,21.61111676073287,26.08887984949408,20.80418128506297,14.12234538397654,18.14723479263063,14.59759156624464,31.92335723123337,25.26012270978458,3.898239012898086,3.446721242012847,77.17458178674939,27.18220877612244,12.65944645006017,19.03518584430773,16.18989508652396,7.288520533550279,11.05379569837799,8.791376417348859,11.93717055643125,15.92239962034542,12.70601345739903,10.96040745072117,17.19640345078897,4.341748444941611,53.56892256063457,38.28909679496958,7.879146116167522,19.25259741360316,39.02323689428993,8.317994610260843,69.54721106421925
Barbus petenyi,barbus_petenyi,POP09,Barpel_09_01,40.88720720720721,27.00207207207207,31.78531531531532,62.44792792792793,38.58891891891892,49.06441441441441,38.23783783783784,25.26954954954955,27.20738738738739,24.2863963963964,59.41531531531531,45.7454054054054,5.496216216216217,4.878198198198199,137.8454054054054,45.42342342342343,17.89144144144144,29.23936936936937,27.36918918918919,12.61297297297297,19.41036036036036,16.09585585585585,19.07567567567568,27.38045045045045,21.03504504504505,17.92792792792793,25.77918918918919,7.499189189189189,97.77207207207206,64.15180180180181,13.00081081081081,30.31216216216216,70.34675675675676,11.44990990990991,124.9024324324324
Barbus petenyi,barbus_petenyi,POP09,Barpel_09_02,58.47846846846846,41.2363963963964,47.00891891891892,91.05081081081082,50.60081081081081,69.83513513513513,50.54495495495495,38.84567567567568,38.0599099099099,33.34954954954955,87.10234234234234,65.52171171171172,6.971081081081082,6.136756756756756,193.8968468468468,61.09153153153153,26.81369369369369,42.16288288288288,39.82630630630631,16.97738738738739,32.92540540540541,24.24693693693694,27.56756756756756,36.36801801801802,30.4063963963964,22.88504504504505,36.21918918918919,9.946036036036036,133.9399099099099,87.28963963963963,20.58855855855856,42.91396396396397,97.27864864864864,16.61873873873874,174.8408108108108
Barbus petenyi,barbus_petenyi,POP09,Barpel_09_03,40.36198198198198,26.69072072072072,31.68306306306306,61.99432432432432,40.31189189189189,49.63855855855856,39.22981981981982,25.14072072072072,25.67990990990991,23.81954954954955,60.4490990990991,47.66648648648648,4.926396396396396,4.804774774774775,139.4762162162162,46.20180180180181,17.81828828828829,28.54162162162162,26.91657657657658,12.61387387387387,20.90126126126126,16.25576576576577,20.83387387387388,27.97351351351351,23.34288288288288,18.13855855855856,27.37522522522523,6.863693693693693,98.5636936936937,64.65378378378378,13.50162162162162,29.33117117117117,70.17783783783784,11.16792792792793,124.9528828828829
Barbus petenyi,barbus_petenyi,POP09,Barpel_09_04,39.0154054054054,26.25657657657658,30.36216216216216,60.87765765765766,35.90225225225225,46.57720720720719,34.41810810810811,24.8590990990991,24.43522522522522,23.12432432432432,58.45297297297297,43.43567567567568,5.187477477477477,5.050720720720721,130.5345045045045,42.57423423423424,17.59666666666667,27.19198198198198,26.54657657657658,13.05279279279279,18.40351351351351,16.01972972972973,18.53477477477477,24.80414414414415,20.82324324324325,16.69846846846847,24.88549549549549,7.543693693693694,90.34072072072073,58.92072072072072,12.60342342342342,28.60018018018018,65.32954954954955,10.94081081081081,117.5484684684685
Barbus petenyi,barbus_petenyi,POP09,Barpel_09_05,42.98423423423423,28.14837837837838,32.31792792792793,66.20927927927929,35.49,45.76936936936937,35.27036036036036,25.72477477477478,26.2845945945946,22.48783783783784,62.61612612612613,42.25261261261261,5.645675675675675,4.686216216216216,136.6975675675676,43.43135135135135,18.22738738738739,28.36459459459459,27.64045045045045,12.99297297297297,19.63810810810811,16.07459459459459,20.20306306306306,27.33468468468469,23.40126126126126,18.1445045045045,26.88144144144145,6.563873873873874,94.61558558558558,60.33864864864866,13.43252252252252,30.11207207207207,64.86000000000001,10.37009009009009,123.1233333333333
Barbus petenyi,barbus_petenyi,POP09,Barpel_09_06,37.31405405405405,26.59648648648649,31.72009009009009,58.72927927927928,35.95342342342342,46.19945945945946,35.84531531531531,24.15612612612613,25.29945945945946,21.77756756756757,56.0209009009009,44.63585585585585,5.045045045045045,4.330990990990991,128.4164864864865,44.20693693693693,18.53477477477477,27.38972972972973,25.73378378378379,12.61261261261261,18.17036036036036,15.50342342342342,17.72576576576576,24.6609009009009,20.7263963963964,16.82369369369369,25.43288288288288,6.298018018018018,89.15738738738739,59.38648648648649,12.87972972972973,28.60774774774775,65.59054054054053,11.18405405405405,116.3966666666667
Barbus petenyi,barbus_petenyi,POP09,Barpel_09_07,44.3254954954955,31.1445045045045,36.95216216216216,68.15081081081081,42.22387387387387,55.86873873873874,41.04387387387387,28.52216216216216,29.08918918918918,24.5145045045045,64.60549549549549,53.41900900900902,5.426756756756756,5.166576576576576,149.918018018018,50.71288288288288,20.72549549549549,32.0945945945946,30.0263963963964,13.33459459459459,24.1563963963964,17.36765765765766,21.65927927927928,27.2690990990991,24.36045045045045,17.69072072072072,25.81936936936937,7.065675675675676,106.2237837837838,70.37288288288289,15.70954954954955,33.78981981981982,78.78504504504504,12.82585585585585,136.2353153153153
Barbus petenyi,barbus_petenyi,POP09,Barpel_09_08,43.23153153153153,30.69648648648649,35.95945945945945,68.5763963963964,39.22927927927928,50.24558558558559,38.68765765765766,27.06648648648649,27.36,24.6245945945946,65.74162162162162,47.59315315315315,5.290720720720721,4.723063063063063,146.6726126126126,47.34198198198199,19.79324324324324,30.17405405405405,28.60477477477477,13.33459459459459,21.82648648648648,17.36144144144144,21.55279279279279,28.94972972972973,24.71585585585586,18.76333333333334,28.64027027027027,7.33126126126126,99.33648648648649,65.15792792792793,14.59351351351351,31.37873873873874,71.78342342342343,12.04621621621622,132.3767567567568
Barbus petenyi,barbus_petenyi,POP09,Barpel_09_09,45.39855855855856,28.86531531531531,34.70864864864865,67.89972972972973,41.87783783783784,52.59558558558559,39.96747747747748,27.84531531531532,28.27342342342342,24.76342342342343,66.15477477477478,49.58558558558558,5.5890990990991,5.297567567567567,148.5351351351351,48.93846846846847,20.5209009009009,31.06630630630631,29.67837837837838,13.79441441441441,22.67468468468469,17.28342342342342,22.36720720720721,29.13378378378378,23.56135135135135,18.74027027027027,31.03702702702703,7.936126126126125,104.4310810810811,68.66522522522521,14.86045045045045,33.12396396396396,73.48567567567568,12.46009009009009,134.6908108108108
Barbus petenyi,barbus_petenyi,POP09,Barpel_09_10,36.78126126126126,27.50432432432433,30.42810810810811,59.86567567567568,37.63900900900901,47.38153153153153,35.99621621621622,24.82306306306306,26.04063063063063,22.75351351351351,58.27126126126126,42.96423423423423,5.77081081081081,4.818288288288288,133.0931531531531,42.0154054054054,17.29774774774775,27.62792792792793,25.59009009009009,12.85342342342343,20.48288288288288,14.35675675675676,20.47720720720721,25.90945945945946,21.86315315315315,16.6118018018018,25.82333333333334,6.247387387387388,89.9063963963964,61.22333333333333,13.33333333333333,29.58198198198198,66.82621621621621,10.22153153153153,120.8410810810811
Barbus petenyi,barbus_petenyi,POP09,Barpel_09_11,54.01864864864865,36.18441441441441,41.7509009009009,79.71315315315316,47.43666666666667,61.52801801801802,46.01126126126126,33.4281981981982,33.9127027027027,31.61324324324324,77.03054054054053,56.83252252252252,6.136756756756756,5.588468468468468,173.3872972972973,55.95252252252252,24.03162162162162,36.43252252252253,34.9554054054054,15.51225225225225,29.64225225225225,21.69657657657658,24.11585585585586,32.34873873873874,27.81144144144144,21.62234234234234,33.00891891891892,8.996396396396397,121.9521621621622,78.7636936936937,17.08954954954955,37.77639639639639,88.37720720720719,15.38405405405405,156.4898198198198
Barbus petenyi,barbus_petenyi,POP09,Barpel_09_12,32.77522522522523,24.3381981981982,28.40855855855856,52.08792792792793,30.08522522522523,39.27117117117118,30.95027027027027,21.35603603603604,22.1763963963964,20.93576576576577,49.71072072072072,35.5654954954955,4.446036036036036,4.470360360360361,111.614954954955,36.34801801801802,16.35225225225225,23.81405405405406,22.3427027027027,11.05171171171171,16.82540540540541,15.39135135135135,15.78018018018018,21.43459459459459,18.02162162162162,12.75315315315315,21.81432432432432,6.563873873873874,76.80666666666666,50.86702702702703,11.4209009009009,25.69171171171171,55.53513513513514,9.043333333333333,101.6421621621622
Barbus petenyi,barbus_petenyi,POP09,Barpel_09_13,56.81963963963963,34.35540540540541,41.81576576576576,84.12405405405406,53.23126126126126,68.35198198198198,53.34333333333333,35.62738738738739,35.67747747747747,29.29027027027027,81.1190990990991,66.40927927927927,6.688558558558558,5.970450450450451,187.966036036036,63.41981981981982,26.32666666666667,38.73918918918919,37.12414414414414,16.98387387387388,32.61711711711712,22.57648648648649,25.33882882882883,33.64405405405405,30.36072072072072,23.44072072072072,34.93315315315315,8.845405405405405,135.2437837837838,86.11504504504504,18.93864864864865,40.22657657657658,95.05657657657657,15.71810810810811,168.664954954955
Barbus petenyi,barbus_petenyi,POP09,Barpel_09_14,51.62252252252252,36.31693693693693,42.60333333333334,80.8963063063063,47.64432432432432,64.18054054054055,46.50252252252252,31.56603603603604,36.6736036036036,29.7445045045045,78.08540540540541,63.29351351351352,6.308918918918919,5.274684684684685,177.868018018018,58.90594594594594,24.41756756756757,39.16918918918919,32.08018018018018,15.33225225225225,35.04585585585586,21.9272972972973,24.96198198198198,32.2945045045045,29.5627027027027,21.99378378378378,34.00585585585586,9.301531531531532,125.2003603603603,83.61063063063062,18.0054054054054,41.84567567567568,93.2409009009009,17.49234234234234,161.8981981981982
Barbus petenyi,barbus_petenyi,POP09,Barpel_09_15,28.37306306306306,22.00396396396397,25.9372972972973,45.66144144144144,29.31963963963964,36.42945945945946,28.90504504504504,18.65846846846847,19.02684684684685,16.4845045045045,43.92540540540541,34.54225225225225,4.091171171171172,3.843873873873874,101.1456756756757,34.39720720720721,13.84720720720721,21.0881981981982,19.10252252252252,9.37018018018018,15.28927927927928,11.43414414414415,15.20603603603604,18.50081081081081,16.17387387387387,11.93063063063063,19.22594594594594,4.246846846846847,70.42495495495496,47.49378378378378,10.08225225225225,21.94126126126126,51.1463963963964,7.93972972972973,91.89576576576577
Barbus petenyi,barbus_petenyi,POP09,Barpel_09_16,23.31243243243243,16.01702702702703,18.56513513513514,35.39207207207207,22.87387387387387,28.59432432432433,21.62027027027027,15.05477477477477,14.9509009009009,13.75162162162162,34.41684684684684,27.56990990990991,3.514684684684685,3.344234234234235,80.13567567567569,27.19702702702703,11.56,17.39108108108108,16.31027027027027,7.041441441441441,12.20882882882883,10.13063063063063,12.64378378378378,16.46747747747748,12.88036036036036,10.09045045045045,15.36324324324324,3.948558558558559,55.82306306306306,37.21153153153153,8.120630630630629,18.20648648648649,40.40063063063063,6.126756756756757,71.240990990991
Barbus petenyi,barbus_petenyi,POP09,Barpel_09_17,41.97765765765766,25.40450450450451,31.21666666666667,62.48675675675675,39.05252252252252,49.31675675675677,38.87459459459459,26.63198198198198,27.93918918918919,23.70297297297297,58.80549549549549,47.13666666666667,5.767027027027027,5.046486486486486,139.3150450450451,47.4863963963964,19.79324324324324,29.11099099099099,27.27153153153153,13.48774774774775,20.01144144144144,17.89144144144144,20.42927927927928,29.04675675675676,23.30702702702703,19.10063063063063,29.13378378378378,6.303693693693694,99.139009009009,65.84261261261261,13.30027027027027,31.21387387387387,70.75729729729728,11.97954954954955,125.4124324324324
Barbus petenyi,barbus_petenyi,POP09,Barpel_09_18,40.84522522522523,26.01981981981982,31.75585585585586,62.07405405405406,37.57990990990991,47.59558558558559,38.27666666666666,25.78585585585586,27.85648648648649,23.33792792792793,60.25198198198198,45.5827027027027,5.286666666666667,5.046486486486486,140.3192792792793,44.80675675675676,18.41756756756757,29.19540540540541,27.63414414414414,12.73333333333333,21.95702702702703,16.71702702702703,21.76063063063063,30.65414414414414,23.70513513513514,18.76990990990991,30.33126126126126,7.065675675675676,96.4127927927928,63.25135135135135,13.54009009009009,30.7281981981982,69.27963963963964,11.66900900900901,124.7596396396396
Barbus petenyi,barbus_petenyi,POP09,Barpel_09_19,53.78909909909909,31.73828828828829,37.08954954954955,77.66351351351352,48.43630630630631,61.99297297297296,48.86306306306306,34.10171171171171,35.44099099099099,29.69477477477477,74.22459459459459,59.91765765765766,5.945945945945946,5.611711711711712,174.448018018018,59.96837837837838,24.2072972972973,37.48135135135135,35.32684684684685,16.21720720720721,31.53612612612612,21.27351351351351,29.17468468468469,34.01585585585585,30.46801801801802,22.77405405405406,35.57630630630631,9.048558558558558,125.3765765765766,82.41504504504505,18.47351351351352,38.7827027027027,88.8354054054054,15.75936936936937,156.4067567567567
Barbus petenyi,barbus_petenyi,POP09,Barpel_09_20,40.31189189189189,28.69333333333333,32.31585585585586,61.73342342342342,37.0390990990991,46.15018018018019,38.30549549549549,26.67909909909909,25.65765765765766,22.52693693693694,59.15234234234234,44.21216216216216,4.926396396396396,4.446036036036036,135.2606306306306,46.24855855855856,17.89144144144144,27.26756756756757,29.3509009009009,13.09531531531532,20.01072072072072,16.53738738738739,18.85693693693694,27.62684684684685,23.78315315315315,18.26459459459459,29.30927927927928,7.135765765765765,92.58603603603603,61.34045045045045,12.90666666666667,28.27900900900901,66.19765765765766,10.30585585585585,121.5618018018018
Barbus petenyi,barbus_petenyi,POP10,Barpel_10_01,39.89639293937068,24.32448196469685,29.24934765924789,60.4697620874904,34.40990023023791,45.85479662317728,31.88979278587874,23.444128933231,29.12993092862624,26.79393706830391,57.64274750575595,43.75195702225633,5.374443591711434,4.604758250191864,135.4050652340752,41.62010744435916,19.96868764389869,32.08127398311589,24.41297006907137,11.51289332310054,22.66277820414428,16.3783576362241,20.77536454336147,27.34612432847275,22.79186492709133,17.19178818112049,28.56968534151957,8.81880276285495,95.44213353798925,62.68227168073675,14.12540291634689,33.78388334612433,70.57574827321565,13.88741366078281,120.49907904835
Barbus petenyi,barbus_petenyi,POP10,Barpel_10_02,45.68027628549501,30.81059094397544,33.82716807367613,70.68902532617037,43.74950115118956,56.01343054489639,40.84873369148119,26.50790483499616,36.37889485801995,31.18342287029931,68.48426707597851,54.53200306983884,6.448503453568687,5.534228702993093,164.0829623944743,52.51350729086722,22.44658480429777,39.38050652340752,27.78250191864927,12.7407521105142,33.22379125095932,18.06776669224865,23.7615502686109,31.19363008442056,26.3720644666155,19.04850345356869,33.28372985418265,9.616270145817344,116.4947045280123,78.17682271680737,17.79716039907905,39.64374520337682,85.04466615502686,17.05072908672295,146.588718342287
Barbus petenyi,barbus_petenyi,POP10,Barpel_10_03,46.29355333844973,31.06838066001535,35.67659247889485,71.69255564082886,43.80575594781273,56.54190330007674,41.136147352264,27.15594781273983,35.61312356101305,32.34420567920183,66.61657712970069,51.72701458173446,5.986185725249424,5.067536454336147,159.3708365310821,52.12762854950114,23.19554873369148,38.80161166538756,28.10414428242517,13.66162701458173,31.17244819646968,19.24781273983116,23.47620874904067,31.26415963161934,26.35817344589409,19.13729854182655,33.29961627014582,11.13745203376823,113.8148887183423,77.70107444359171,16.57214121258634,40.3096699923254,82.75195702225632,17.70023023791251,145.8270913277053
Barbus petenyi,barbus_petenyi,POP10,Barpel_10_04,43.19861857252494,27.03722179585572,32.70675364543361,63.85065234075211,39.33706830391404,52.44420567920184,37.37551803530314,26.69570222563316,33.74098234842671,28.59608595548734,60.30222563315426,49.58641596316193,6.003837298541827,5.067536454336147,148.7432847275518,48.75778971603989,22.19270913277052,37.3897160399079,29.02010744435917,12.73983115886416,27.18365310821181,16.25564082885649,22.5857252494244,30.69838833461243,25.05732924021489,19.06331542594014,32.57866462010745,8.727475057559477,104.9907137375288,72.3546431312356,16.27666922486569,37.9823484267076,77.96193399846507,16.64804297774367,133.2341519570222
Barbus petenyi,barbus_petenyi,POP10,Barpel_10_05,48.46193399846507,31.37590176515733,34.74819646968534,76.09148119723714,43.96730621642363,57.82325402916346,39.8857252494244,26.8575594781274,35.14428242517268,31.70007674597084,73.70813507290868,55.57444359171143,5.99401381427475,4.760706062931695,167.1686108979278,52.54044512663085,22.80429777436684,38.30844205679202,28.39639293937068,12.28795088257866,29.03591711435149,19.25510360706063,23.60237912509593,32.01619339984651,25.10706062931696,19.20184190330007,33.05249424405218,9.214658480429776,118.0237145049885,77.96485034535687,17.50076745970836,40.74044512663085,86.22762854950113,16.7615502686109,150.5819646968534
Barbus petenyi,barbus_petenyi,POP10,Barpel_10_06,35.21696085955487,25.01872601688411,28.91074443591711,56.7048349961627,34.97766692248656,43.65487336914811,31.54696853415195,21.27398311588642,28.28419033000767,23.79171143514965,53.59946277820413,42.22033768227168,5.840752110514198,4.949961627014582,127.2604758250192,42.0130468150422,18.41964696853415,31.45387567152724,23.11013046815042,10.14090560245587,24.86569455103607,14.41926323867997,13.25732924021489,25.51151189562548,21.58349961627014,15.13668457405986,25.28196469685341,7.981580966999232,89.28112049117422,62.54205679201841,13.90775134305449,32.38679969301612,66.17283192632387,12.70368380660015,115.4309286262471
Barbus petenyi,barbus_petenyi,POP10,Barpel_10_07,39.93177283192632,26.00859554873369,30.18334612432847,61.7344589409056,36.39347659247889,45.2512663085188,34.80475825019186,21.37674597083653,29.84305448963929,24.99846508058327,58.39355333844973,43.9010744435917,5.391941673062163,4.911742133537989,137.2528012279355,45.81496546431312,20.36415963161934,32.55801995395241,23.06523407521105,11.52824251726784,23.02432847275518,14.53967766692249,21.62056792018419,26.8575594781274,23.20775134305449,18.61304681504221,28.26960859554873,9.061243284727551,98.83284727551802,65.89386032233307,14.23177283192632,33.68334612432847,69.24389869531849,13.83561013046815,124.0401381427475
Barbus petenyi,barbus_petenyi,POP10,Barpel_10_08,32.24389869531849,21.12148887183423,25.9487336914812,50.75556408288564,33.22402148887183,39.85541059094398,30.05587106676899,19.78979278587874,24.34627782041443,20.10422102839601,49.88158096699923,38.68012279355334,4.708211818879509,5.116423637759018,114.9245587106677,38.22217958557176,16.10491174213354,26.58181120491174,20.97720644666155,10.0703760552571,20.71304681504221,13.05471987720645,17.90007674597084,24.75088257866462,19.94658480429777,13.68480429777436,25.13561013046815,5.953491941673061,79.95748273215655,55.67214121258633,12.24267075978511,27.63330775134305,58.45801995395241,10.85740598618573,102.5339217191097
Barbus petenyi,barbus_petenyi,POP10,Barpel_10_09,33.32072141212586,24.49255564082885,28.13630084420568,53.47766692248656,31.00874904067536,40.136147352264,29.47705295471987,19.68104374520338,24.89746738296239,20.25165003837298,51.88388334612433,38.98710667689946,5.325019186492709,4.401304681504221,116.8589409056025,37.96308518802762,16.33307751343054,26.60291634689179,20.58419033000767,9.48119723714505,17.80920951650038,13.62808902532617,17.03568687643898,24.54551036070606,20.46968534151957,15.47897160399079,24.9304681504221,6.443438219493476,78.5777436684574,54.35456638526477,11.26254796623177,26.70936300844206,58.72056792018419,10.86462010744436,105.3982348426707
Barbus petenyi,barbus_petenyi,POP10,Barpel_10_10,37.51803530314658,27.96085955487337,31.30069071373753,60.39125095932463,35.19785111281657,45.38096699923253,33.98557175748272,23.24174980813507,29.78733691481197,25.72532617037605,55.98250191864927,42.39155794320798,5.527858787413661,5.391941673062163,132.7705295471987,41.27820414428243,19.95633154259401,32.69416730621642,24.41726784343821,11.81987720644666,24.47459708365311,16.23537989255564,20.08165771297007,28.14267075978511,22.8640828856485,17.6575594781274,29.07160399079048,8.657022256331542,92.77429009976976,63.84689178818111,14.46738296239447,33.06070606293169,67.81389102072141,13.92302379125096,119.8964696853415
Barbus petenyi,barbus_petenyi,POP10,Barpel_10_11,53.53438219493476,32.17475057559478,38.62908672294704,79.61511895625479,48.26707597851112,61.03077513430544,45.41419800460475,31.61557943207982,35.59554873369148,31.26415963161934,76.06838066001535,58.71419800460476,6.339831158864159,5.697851112816577,172.6887950882579,57.69746738296239,24.9584036838066,38.00222563315425,32.87628549501151,14.14213353798925,29.50283960092095,20.62793553338449,26.62854950115119,33.10376055257099,28.56845740598618,21.73415195702226,34.54796623177283,8.429470452801226,122.3848042977744,81.19608595548732,18.25072908672295,38.86377590176515,88.67866462010744,15.92547966231773,155.9340752110514
Barbus petenyi,barbus_petenyi,POP10,Barpel_10_12,39.73660782808902,25.66300844205679,29.27229470452801,59.70422102839601,38.15533384497314,47.85648503453569,36.48104374520337,23.415963161934,28.48917881811204,21.82663085188027,56.98357636224098,45.74474290099769,5.527858787413661,5.067536454336147,134.83944742901,45.56646201074443,18.78879508825787,30.93729854182655,25.18019953952417,11.82287029930928,23.9176515732924,15.65318495778972,18.63898695318496,25.3224865694551,22.13108211818879,15.04535686876439,26.73138910207214,7.070606293169607,94.70353031465848,65.1712202609363,13.85172678434382,30.87060629316961,68.62256331542594,12.56853415195702,121.1813507290867
Barbus petenyi,barbus_petenyi,POP10,Barpel_10_13,35.82808902532616,26.47060629316961,29.16830391404451,58.00874904067537,35.20890253261703,42.8113584036838,33.64658480429777,19.71519570222563,25.53691481197237,22.3914044512663,55.87145049884881,42.46400613967766,5.527858787413661,5.372217958557175,126.6264773599386,41.13238679969301,16.7313123561013,28.22455871066769,21.04858019953952,10.75433614735226,18.87950882578664,12.78503453568687,16.88687643898695,23.92947045280123,20.46976208749041,15.96316193399846,25.76699923254029,6.812663085188028,87.66016884113583,59.20514198004604,12.39869531849578,28.11588641596316,62.21273983115886,11.25947812739831,114.4555640828856
Barbus petenyi,barbus_petenyi,POP10,Barpel_10_14,37.18342287029931,29.26669224865694,31.64504988488104,62.53906369915579,37.50990023023791,46.28841135840368,35.80015349194167,23.0447429009977,29.86001534919417,24.38396009209516,58.56899462778203,44.70414428242517,5.534228702993093,4.914121258633922,136.512663085188,45.55894090560246,19.82187260168841,31.88979278587874,24.86761320030698,11.0897160399079,27.42524942440522,16.85894090560245,22.37513430544896,27.87344589409055,22.7168073676132,18.44205679201842,28.18656945510361,8.727475057559477,92.89240214888716,65.82371450498849,13.62540291634689,33.15571757482732,68.74535686876439,14.14128933231005,123.284957789716
Barbus petenyi,barbus_petenyi,POP10,Barpel_10_15,33.03607060629317,24.68119723714505,27.61151189562548,53.07260168841135,33.38871834228703,41.88265541059094,31.57099002302379,21.19946277820414,26.23207981580967,22.84182655410591,50.47851112816577,38.99178818112049,5.227782041442824,5.400153491941673,120.6717574827321,38.71435149654643,17.30429777436684,29.24504988488104,22.10498848810438,9.747505755947811,22.31128165771297,12.78610897927859,18.26201074443592,25.8296239447429,20.30560245587107,15.14451266308519,25.3544128933231,7.054719877206446,82.33491941673063,58.10445126630852,12.93261703760552,29.08710667689946,61.1939370683039,12.26569455103607,108.9023791250959
Barbus petenyi,barbus_petenyi,POP10,Barpel_10_16,32.8096699923254,23.93906369915579,27.21864927091328,51.35817344589409,32.80644666155027,40.00130468150422,31.59171143514965,20.01158864159631,24.28449731389102,21.35932463545664,48.76868764389869,39.19171143514965,5.014044512663085,4.206676899462778,116.6797390636991,39.6886415963162,16.38587874136608,26.71074443591711,20.57022256331542,9.92632386799693,17.52555640828856,13.64689178818112,16.57398311588641,23.29930928626247,19.44988488104374,13.45917114351496,24.79654643131235,6.475825019186492,81.32402148887182,56.04405218726016,11.33023791250959,28.25287797390637,59.3745970836531,11.3584036838066,105.197160399079
Barbus petenyi,barbus_petenyi,POP10,Barpel_10_17,38.14512663085188,25.34620107444359,28.73622409823484,59.98726016884113,35.76991557943208,46.77981580966999,34.64228702993093,22.81818879508826,29.14405218726017,25.04604758250192,57.3914044512663,43.5960092095165,5.220951650038373,4.758250191864927,137.1796623177283,43.3298541826554,18.90199539524175,31.80990023023791,23.82294704528012,10.92494244052187,24.73123561013047,15.93507290867229,21.74881043745203,29.05057559478127,22.51105141980046,16.11957022256331,29.07935533384497,6.727398311588642,94.73077513430545,63.62386799693016,14.18948580199539,33.5512663085188,70.66853415195702,13.56730621642364,121.1986185725249
Barbus petenyi,barbus_petenyi,POP10,Barpel_10_18,42.02455871066768,26.94167306216423,32.05778971603991,64.47137375287797,39.2273215656178,49.4951650038373,36.87421335379892,24.57405986185725,30.98296239447429,28.00667689946278,61.4130468150422,45.74704528012279,5.681273983115886,5.254719877206446,144.4719109746738,46.28288564850345,20.90253261703761,33.78534151957022,26.24712202609363,12.28027628549501,26.93507290867229,15.92547966231773,21.91872601688411,30.14896392939371,24.42256331542594,19.49409056024559,30.93768227168074,8.899923254029162,102.0854182655411,68.96569455103607,14.61404451266308,35.58925556408288,74.61243284727551,15.05471987720645,130.3219493476592
Barbus petenyi,barbus_petenyi,POP10,Barpel_10_19,32.38242517267843,20.52386799693016,25.34635456638526,49.77513430544897,29.61120491174213,38.38372985418265,28.81089792785879,19.28764389869532,22.4418265541059,20.35809669992325,48.51220260936301,37.04274750575594,5.117421335379893,4.810514198004604,109.7049117421335,35.4584036838066,15.15318495778971,24.55871066768994,19.55425940138143,9.419186492709132,15.04259401381427,13.63231005372218,15.5743668457406,22.18626247122026,17.19900230237912,12.69524174980813,23.01128165771296,5.458019953952417,77.17137375287797,51.37359938603223,10.3897160399079,25.90537221795856,56.69424405218726,9.707674597083653,98.35848042977744
Barbus petenyi,barbus_petenyi,POP10,Barpel_10_20,33.94528012279355,22.51588641596316,26.52524942440522,54.32640061396776,31.33207981580967,40.78165771297006,28.32432847275518,18.9464313123561,26.58833461243285,21.34535686876439,53.90706062931695,40.5735226400614,4.622947045280123,3.485188027628549,117.2679201841903,37.95871066768994,16.7048349961627,27.87306216423637,19.03737528779739,9.98940905602456,17.36139677666922,13.92939370683039,16.5783576362241,23.95111281657713,18.93315425940138,14.53630084420568,24.52141212586339,6.252033768227168,82.11788181120491,55.89178818112049,12.8073676132003,30.3914044512663,62.06346891788181,12.03691481197237,106.9344589409056
Lepomis gibbosus,lepomis_gibbosus,POP11,Lepgib_11_01,94.24943120379169,32.30977626503457,52.1873722104329,34.53864621427338,26.60208873404059,15.13555016271329,6.308213944525627,27.8786668525086,20.67836810390492,7.739311348132171,6.223592916543811,13.97695836558702,5.745319638501525,23.31038586917901,33.00887932659913,15.61660020599399,51.63064468252169,56.2778703474093,40.88447705508655,12.23519691579836,22.46840759230916,35.49175144297428,35.75749408808193,15.62748747607337,32.24233569447529,20.95926189474163,40.30049842382613,22.2799000560755,33.77846660589108,18.90166831390189,11.2413257180223,18.66867100932636,23.32286218936225,38.49891247718333,95.94
Lepomis gibbosus,lepomis_gibbosus,POP11,Lepgib_11_02,96.34953555712204,36.99295076056023,51.43182744951518,33.49194420469186,26.0504845148054,12.92807506893337,7.222771173701136,29.07979929164701,21.05514035576942,8.71209180309736,6.794868338180306,13.84031742850659,6.482898661089997,23.65569186424654,36.75467006069661,16.28422981699487,55.40594911650135,60.18103598199337,43.70760464687935,18.64694672359499,25.50010324373072,38.90821771576793,39.45777601441677,16.66992246767382,35.12626358422744,20.91681111518132,40.80089014880446,19.77151506034468,34.16695486667385,19.70900882332256,11.89783263632251,19.81535934473702,25.26510136260073,40.12062183795442,82.18
Lepomis gibbosus,lepomis_gibbosus,POP11,Lepgib_11_03,97.16795173194637,35.41779953564638,51.59956505604814,33.29004439781331,24.76005130200112,14.92730774631536,6.597419017056375,28.91683065019359,20.32353952051896,7.145247147156628,7.222285606292229,14.98155824195734,6.765445650747698,25.8925557162004,36.64107722718042,20.53596139972764,55.90037497906531,59.88397320939975,44.26139277887811,16.08544338830992,25.64970737488137,39.80164742632268,39.79356737773998,16.46199522101795,34.06484619276456,18.45286643562594,37.25202182244809,19.51324443572277,31.55638443343471,19.80377443541322,12.00643238028566,20.62542384631816,26.09606132864352,39.89456599673861,102.01
Lepomis gibbosus,lepomis_gibbosus,POP11,Lepgib_11_04,96.42916820464292,35.14688717546294,53.53319183967898,34.49195171511717,27.65315237280352,13.91795290111449,5.293870652160658,28.13367981942386,18.70375346293151,8.078635820828747,6.471170840894572,13.8647289701893,6.085018687426799,23.97029920563874,36.30963288441702,16.87929221369913,57.24610715265363,61.74949479705505,44.4793913003554,17.09890879621702,24.74767755320178,38.0451333154846,39.03404678854206,15.95842140409982,34.4420032488923,20.80496117126978,39.03705357162833,19.72263249822455,32.56139933733413,19.23217566610496,12.56994825061713,18.35874321402251,25.3158950869138,41.32921132306689,106.8
Lepomis gibbosus,lepomis_gibbosus,POP11,Lepgib_11_05,99.47266582799345,33.93177630625112,54.34478337999091,34.99544653897546,25.93276623252482,16.11265337765735,6.896858451162367,28.39043313121789,16.04341338119694,5.426040109145531,7.202341231990691,15.73020495896184,7.390988167781077,24.74669281276258,36.53030193012913,17.82872623544717,56.54166278425672,59.68603690425604,43.74581538214179,17.89957997301512,25.37274254622273,39.05224135324011,39.56420809828967,16.77086709770367,35.25085485975501,19.80475696575888,39.81077031992884,23.1922948292048,32.52845566530156,22.75182809087313,11.74163012299947,21.94642208272387,22.47863242366187,42.40678828046039,101.91
Lepomis gibbosus,lepomis_gibbosus,POP11,Lepgib_11_06,97.96246165631098,36.63871681046196,51.27938333719482,33.0981294750869,26.9736917449133,14.0342740924138,7.127992789145862,29.76645007278354,17.95301951293003,6.814346527578707,8.503446745553832,14.90771996571428,8.392119751711586,23.71472550556282,36.72084775124688,19.21225293334223,53.68954627610501,59.58671124180638,44.45387578481014,17.25441582417631,26.39411232053183,39.59650032876304,40.351887330895,17.7560833720298,36.40587349344509,18.98490203290531,39.77671585983931,22.20154193383238,34.11650541097678,19.7780325643422,11.98110631761562,19.95412949715649,24.03161979491203,41.8525754957445,85.52
Lepomis gibbosus,lepomis_gibbosus,POP11,Lepgib_11_07,96.67230648130858,33.0992921667924,52.70630274779209,33.63163712023758,25.20572688688848,10.55551301051693,5.8520972587874,27.40174899283235,17.97900796741645,6.568403832044235,7.343449890128836,14.15459121788804,6.819323320989466,22.0922764227421,34.60722378389336,17.60789512560066,57.86528478609061,60.4667926361098,43.62132610819663,15.95401230408073,24.19969228304968,37.70632095412994,37.93014547127064,15.46963936886002,33.97919590238969,20.0008907030523,39.46310295525296,21.03643930146364,32.56792631483962,19.44560545041183,12.31496892085379,19.77041329589565,24.44021590650701,40.35919664379138,87.74
Lepomis gibbosus,lepomis_gibbosus,POP11,Lepgib_11_08,99.46996643524372,34.59991663669237,56.25713292842534,35.36604468265701,26.33846527363686,15.28870805254342,5.966070567202131,27.98059943620374,17.51765922281793,6.413944554261592,6.615306194593236,15.40981110786182,6.747985598614037,22.8262298456385,36.43046245028003,17.10159770903467,55.46400971165176,59.97791876918546,45.72277817753537,17.99956625574261,25.42539996752175,39.89650685408463,39.90715675906024,18.05283448472884,35.3202877333558,20.75166950389132,39.98129707703345,21.52463668134906,33.49259128945287,20.27957953244598,11.93891357955651,20.05154084302546,21.78856437450448,39.48978053822842,82.3
Lepomis gibbosus,lepomis_gibbosus,POP11,Lepgib_11_09,98.01513890343988,34.64972324168409,54.19252618430886,35.57472398874069,28.3459387837257,15.68414829377829,7.969375371397362,31.07889488386823,19.34560400353632,7.277583893900508,7.838140326055088,15.66327816738016,6.939858798410547,25.05062616986824,35.78606868393585,16.42432848504173,56.43146847056104,58.00051803201517,43.88661957292828,16.68863488912273,24.80945248651829,37.77007808443631,38.72701140629582,14.89624671593152,35.62462674355749,19.12912970210267,37.99711422997339,20.97691389868436,31.1142521293058,20.31709613049767,11.97177161014455,20.67323433597886,25.40264507405886,41.16625129811502,84.97
Lepomis gibbosus,lepomis_gibbosus,POP11,Lepgib_11_10,98.2691408944361,32.86147534124907,51.09319655899837,34.69413374833247,27.81988836349691,15.65867096169135,7.200798908279601,28.42945907215567,18.43903290500395,6.952111188062182,6.730478102179239,15.42992291940332,7.044712402006552,22.98997757696622,33.58912406470986,15.66920355527752,53.76313447934397,56.88374909999258,42.56308481351024,13.94397811365709,22.30965562726072,37.85675323238355,38.07390872353815,15.50456104372262,34.67188940738667,19.04942227496742,41.74132756190106,23.05719469987536,35.41987912698946,21.27531509770455,11.31185914570611,19.9800413340245,24.67940814945003,38.97927331560251,86.93
Lepomis gibbosus,lepomis_gibbosus,POP11,Lepgib_11_11,98.27275754058176,35.70369482815851,54.24028507977738,34.8321252340479,26.95663884020725,13.87391771334544,4.916603877813471,29.95122959445017,16.99563424504912,7.818955842702248,6.96605624538512,15.32728391576396,6.55179434671198,24.21683901115136,36.70221234067425,18.02756849005802,55.21531438648899,59.03995017391193,44.27333920730552,18.34622227011866,24.33333514412313,38.98262691187993,39.32103462254808,16.42645955888256,35.44884399054149,22.59244662791202,39.86020124917736,22.26782499440466,32.23238250536313,22.11596869947381,12.35935783726415,19.82285055593598,24.47845802973651,40.48684844165338,81.74
Lepomis gibbosus,lepomis_gibbosus,POP11,Lepgib_11_12,93.7244975513552,32.91677807935836,53.35616577067697,33.85361657504608,26.03590070036941,15.06290197905654,6.471355810759252,29.23157185444023,17.95450417737509,7.051561842151709,7.243168807801232,14.93616958790684,6.553387653141041,22.4459575905353,34.88140298254721,16.44483014303976,54.36439298636902,58.53879466444918,44.15697826354555,15.69065077533493,24.96005219092325,37.33940169701454,38.11475505634179,16.90117355769013,33.90023005491797,20.33320984566672,36.60961814669822,20.40782876093263,31.48494662113639,21.61785542151089,11.35316713948794,20.43399323995604,23.05917796542621,39.37146272663642,99.08
Lepomis gibbosus,lepomis_gibbosus,POP11,Lepgib_11_13,96.44530625248775,30.8870363481701,54.11325733972869,34.37415270612305,27.38291699698146,16.31497094516141,6.945271234177548,27.85722149485353,16.88512840204471,6.321695813911799,7.71120758753833,14.25644592898221,6.740116999606911,24.21476015029105,34.14476032202799,17.10494001249189,54.19956087147673,56.8099910572297,43.03921601990064,13.23324249679508,22.95968706637992,36.16226377906266,36.38872013815142,17.26820511163994,32.89446895714826,19.93647108819215,41.31963177243085,19.68723941051053,33.34414400937973,20.69985501129395,11.88070773329294,21.25027968057284,25.38245443702823,40.56305984011885,87.01
Lepomis gibbosus,lepomis_gibbosus,POP11,Lepgib_11_14,98.45395280081893,34.82820653744302,54.06179545001277,34.42476582782384,25.70121020909745,14.50446275314569,6.539724720265925,28.90186065669528,20.00474983843281,6.689472833152064,6.356099230159644,15.7345871091729,7.258923443985487,23.67937738369936,36.57468084149327,18.04259799638945,55.61387010262388,60.93360708265729,46.27768780137558,17.55292921546959,24.6789871730245,40.02232510905318,39.91706539851375,15.23362177277563,35.61256823970967,20.41351294598188,39.53092063604211,22.55739981027599,33.86482131294967,20.48648219311004,12.76329911196411,18.97410807220981,25.3550652663582,42.28799667166945,88.05
Lepomis gibbosus,lepomis_gibbosus,POP11,Lepgib_11_15,96.51074108498308,33.84828335012028,52.81069984020579,33.83384579744659,28.57797562817793,14.79438003909798,6.318407217060667,29.34708054205075,18.50358359636315,7.731416593437937,6.673207196405251,15.26383570696631,6.934613734683128,22.49995123766837,34.91256522496755,17.48264604802185,54.50743371952677,58.57791735088376,43.57623587496145,16.51753202746317,23.281286673405,37.60505405163254,37.59516754700555,16.85666324935045,34.0234216564277,20.93020055163536,40.2579724584665,21.80811488032871,34.48247438725291,19.09619218932765,12.45214924822242,17.95307019229474,25.2543857514746,40.59206130105438,82.97
Lepomis gibbosus,lepomis_gibbosus,POP11,Lepgib_11_16,96.69912928573018,34.1768944924747,54.11256002645791,34.3218480551662,27.65914422254503,14.86048842981966,7.094904558856731,28.62439189303461,17.38397100846514,7.313200536630851,6.778402547239171,14.27120471734305,6.147032826317495,23.94134758188648,36.22982032354106,15.89155444690175,52.60644700826509,57.32470274336944,44.5907595062083,17.70488582111917,25.46357881087777,39.38952685683534,39.36958088376807,16.24769272007542,34.73825259739807,20.50665078754415,40.71051254327607,21.09409501922435,32.52491760742989,19.90199365915598,11.38436446655922,20.33461424957155,24.36121996098545,39.23494200514855,83.05
Lepomis gibbosus,lepomis_gibbosus,POP11,Lepgib_11_17,98.76015825125572,34.40157887062978,52.72518870272685,34.59212413986304,25.80074626332496,14.29974969422922,7.242191617211663,28.50339988336705,18.93068954490444,6.311112373947355,7.521943231210134,13.71067086150795,7.32166770437979,24.23984826113755,35.37019460390307,17.14420277439119,56.05789073032119,59.64727732910076,42.90699145123922,15.89962069782906,24.14155191306991,38.53027979956134,38.8532368258472,15.40228027008968,35.1067786273682,20.71897774037177,39.79197850183039,22.59292906040474,32.43483632610577,22.29259378392996,12.25805222798215,21.35936561350273,25.63863121479298,44.26569485145534,82.75
Lepomis gibbosus,lepomis_gibbosus,POP11,Lepgib_11_18,96.70084090329554,33.45075477468719,50.74705084860932,33.34552762028619,25.44503239861147,15.10603732450931,7.399656493443025,27.50129284680439,16.33771209976947,6.598732978302408,5.938521785649899,14.31227578170305,6.045247429812913,23.09769063617674,35.54863029855011,17.59192421053965,55.85287516750282,59.69244281157366,43.79946077299522,18.43159668355266,24.07982527148355,37.98591603505398,38.98162664239448,17.54847776639662,34.29369956234876,18.61385880240177,40.02134292308315,23.37566940118147,33.77427700759305,22.35082064326444,11.48144944028515,19.34449383200958,24.19812625223531,40.5595570683944,93.74
Lepomis gibbosus,lepomis_gibbosus,POP11,Lepgib_11_19,97.54017453447044,34.38470771393975,53.86830818872917,34.96224218131135,28.56334538688715,16.12650427889739,7.834261268691898,28.01426264584429,17.20914137663399,7.092634076675626,6.27314418787597,14.59446141933337,6.049962668743828,25.40083296816015,35.53343757063012,17.29408487049798,56.66166348401416,59.4484490401591,43.61016424652352,16.14232657913211,24.17307808467371,38.26616484570452,38.74892518820552,16.74656102054267,34.78195054730875,20.23275588743088,39.41391027108901,22.12265376790366,30.99886364772161,21.18049775637439,11.33571170022154,20.75931115088345,22.25069115959863,41.0202657919718,91.05
Lepomis gibbosus,lepomis_gibbosus,POP11,Lepgib_11_20,98.37893124408029,34.23281904429058,51.96608901681869,34.13485792318222,28.72798507438441,15.9653553839112,7.747108919133684,29.27166533149242,19.82666236360951,7.304357067782623,7.807872798429973,14.86981913563059,7.510435936280603,24.10082876097889,35.53640599821649,17.46924088560188,57.80203905958189,59.97919747710582,44.29972046567662,15.40995346175563,25.01421167065756,38.11954595390046,38.3328261785105,17.13083706227472,33.57957922269494,19.06042649340209,39.39571808408625,21.50203676652563,32.72090673796797,21.69616841528548,11.5274302939657,21.85357661944859,24.78567083745311,41.06891412725653,85.25
Lepomis gibbosus,lepomis_gibbosus,POP12,Lepgib_12_01,98.05378863850582,33.14534284376533,52.30698577271114,34.3507783998114,25.44243237931311,15.58469240453084,7.500793163048334,26.21438402663709,19.41152087713682,4.833453730399965,6.422701841102896,14.8688405470301,7.012730377452297,23.25652568487872,35.91684431515968,18.82263068636416,53.92474165698219,58.83548637171109,43.79954195861562,18.32741104719789,25.1760757466872,37.57556874923903,38.44930749257298,17.07337497212272,33.72486546167384,18.87374615018625,40.88014056176708,21.61352626315719,32.32255982805958,21.33799125119693,12.61275008499664,21.1927767290422,27.22866366404884,39.79852172830415,101.99
Lepomis gibbosus,lepomis_gibbosus,POP12,Lepgib_12_02,94.58685605257719,35.90597222548502,51.63494580157254,33.72241177502514,25.68124835556155,15.50303195886218,7.104315937059237,29.15734685851695,18.02789089685762,5.902566475031546,6.526789821100978,15.87790524655025,6.727847943755886,24.5881660637987,37.85737260268762,19.39419861387998,55.81008628574313,61.50816921535246,46.33312044746151,19.70183892040275,27.21965126919487,41.11712856499241,41.44478291554273,18.13197769694493,35.41374623256275,18.11496066808352,44.31098730832156,23.83881652513493,36.54781600659214,20.51293814885587,12.77827126980075,20.50288653562132,25.76769582793531,39.78030731999443,113.31
Lepomis gibbosus,lepomis_gibbosus,POP12,Lepgib_12_03,94.84568732606444,33.52405788784269,52.47019942136337,33.7853033189146,25.50631466810712,16.91097104076757,6.940306818623818,28.34052291451338,16.16161851163,4.751661544796212,6.64652641929606,15.462872414129,6.284224655650164,25.66394833070422,36.45234177018504,17.7639090177255,55.86798454651328,60.38412656320273,44.32517986169686,17.80775330546041,24.0433938688587,37.73164279077636,38.29825690907501,17.87247833639878,34.4447730746393,19.77885304819545,43.3144327321354,22.37328524740324,35.05978179625401,17.71820368272761,14.4115794345869,17.00166322611298,24.35746291791081,39.73891668675555,123.79
Lepomis gibbosus,lepomis_gibbosus,POP12,Lepgib_12_04,96.44547056267315,35.03376377521078,51.76554562824612,33.04890253746253,27.41104304925253,17.9031283412811,7.121350351939318,30.38533789877297,17.92525141451176,7.466464322033895,6.837870338916503,16.14533491058323,6.304298492239085,25.34232064311324,35.79316497923984,18.45379161261799,55.45545576664522,59.08485252971119,44.38007711870135,18.1558621022157,25.28503866612066,37.13315631599824,37.9921765093864,17.24619639373605,33.2287649048671,15.79282551552863,39.53088559035682,19.29159875012194,31.65888173588351,20.69999773460649,12.76537374705362,19.67219774063923,22.14883529178624,39.87083564004007,95.83
Lepomis gibbosus,lepomis_gibbosus,POP12,Lepgib_12_05,98.14136458480041,33.68457117860319,50.68187138876474,32.87176638957411,25.2349073167067,17.10495228341681,6.307816762641141,26.90138303659788,18.53581055282843,5.787068779720565,7.017851157457723,14.95358054254678,6.275902906749073,24.9637189460508,35.11179566837645,18.80732046451668,57.85000730517177,60.98069598036148,41.85129702898089,16.5446950301443,24.33343435334855,37.11961262868684,37.69974373856159,16.34235722979458,33.52625286045022,18.18786029986861,39.88038996989011,20.48542376908793,33.67325842843983,20.48314178240171,11.47858170212952,20.39498674063089,26.17425828560101,41.5326611306496,93.51
Lepomis gibbosus,lepomis_gibbosus,POP12,Lepgib_12_06,97.22400655956525,33.9194321856218,52.59965035917337,32.68498150713427,25.62963857403823,14.45529064932469,6.173537148463981,26.92925075296953,17.11717975402158,6.27492386324966,6.982848678924645,13.95010525124274,7.029955546377804,22.72869343707093,34.62516686024023,15.90612848743901,53.18545732198773,56.66773979084412,42.8573831165613,16.84252824906581,23.33433313592484,36.31979098327026,36.4935072469591,16.99747535924417,32.47909461974982,18.88733756803489,41.87803648035897,22.7094930847535,33.57687509812981,20.9261405581405,11.44730683076992,20.39814041790353,23.8887606612445,37.89231973139074,95.49
Lepomis gibbosus,lepomis_gibbosus,POP12,Lepgib_12_07,96.15029228421055,33.83732164354215,51.33219708027268,32.62988413919705,25.79444400158218,16.22717428999653,6.409009397262556,28.62251532532286,17.03770787889637,6.266386526938486,6.803976379525356,15.33388310461169,6.841658140165091,24.49995880408028,34.21291974379837,17.41583976016486,58.13029763719474,59.42442960952126,42.37675137515554,15.99535504228457,23.1637636562321,35.51834987600698,36.40491023391426,17.85796287051283,33.32320606073588,17.26602364159032,41.57443236284039,23.5565877115406,34.14340389838301,18.07315283659817,12.31719269056968,19.01929866848957,22.02888883606713,39.96943891944553,90.43
Lepomis gibbosus,lepomis_gibbosus,POP12,Lepgib_12_08,97.06501238618033,34.56245303635175,50.29087534158428,32.70748125149625,26.09384802622969,15.20981019478037,6.76440112692841,31.0301843195416,19.16041935593553,6.906011011107791,6.324450992235293,17.3901194632597,6.535464146897936,24.99327770649784,36.04397115346005,18.41423224789466,54.13121632695148,58.70837575259624,43.16822974593435,18.41274480171555,25.55800229383086,37.05277106400511,38.18002083401917,17.42154906830285,33.9110173465448,18.09711869879566,40.25858898182379,21.59072560916452,34.06520549422473,21.36652296573926,11.92931584610233,21.729805315854,26.88419982063174,41.03725724065791,109.93
Lepomis gibbosus,lepomis_gibbosus,POP12,Lepgib_12_09,97.66363261369324,34.67288797250716,51.33210405540065,34.42057411583424,26.10279672284211,15.77187870052223,4.950008812433698,29.19011429274536,19.96255170913708,5.888752176147982,7.253180337699868,16.02366186815926,6.825678706053996,25.00901298267609,36.45093192845009,19.96332690288638,55.61267938210747,59.443486532776,44.34523055131469,17.34967804479756,24.64291084269703,39.12816241414217,39.06334465976539,18.99701060758988,35.25159336935435,18.65517439146638,40.4335611143472,22.48523830398125,32.39674499477222,21.98042298249419,13.12436306399142,21.52899528488218,27.55303240829904,42.67700335108845,95.77
Lepomis gibbosus,lepomis_gibbosus,POP12,Lepgib_12_10,97.37203733675874,34.2389253512171,51.73828047248211,33.06507441832105,27.40561827100642,15.58388871437111,6.02658370720732,26.73029047381417,18.84175685745434,5.945370664232547,7.141179685881855,13.57615499543559,6.577081173558653,22.78928857518968,36.60385004456722,19.10391009850886,53.73209462922189,59.38438574751672,43.58042122075177,18.83405626354129,25.24207412942801,39.26829156594873,39.14321149297107,17.14344716830424,21.40082324684715,34.58898943256033,42.34217361520601,22.678524588327,36.13015861007278,19.74009550707031,11.83322492115533,19.40061137969328,23.9035334083903,40.34446325920432,94.94
Lepomis gibbosus,lepomis_gibbosus,POP12,Lepgib_12_11,102.2659065333854,34.56509480715807,56.80872833770626,37.36417082200248,29.15851711804415,18.27549642268177,6.540036439925366,29.8873379264583,19.13101339835173,6.532445064268114,7.022145544144957,16.44784175253662,6.872355696465757,24.90051375852687,36.38655917285053,17.82431494856021,55.27138181586863,59.72595946705266,45.31328277019688,14.76241648224254,25.61477782276773,38.70713225959717,39.27180160902561,18.00154981225822,35.64902883059582,19.93761668375615,38.77111564899133,21.29569213651256,32.72675438529885,22.64931528779394,12.21684903461816,19.59514079739097,25.76695519611122,40.57755232486786,89.78
Lepomis gibbosus,lepomis_gibbosus,POP12,Lepgib_12_12,97.03563811427325,35.17037223054799,53.28112767998785,33.68644917133025,27.05015033081325,14.78579225836422,5.412321625493248,27.45645379994943,18.839912970549,6.703699095704972,5.780238891456555,15.19508568008368,6.816108883243238,22.4354980446643,35.56218038213015,17.72110595746402,55.09912511381459,58.603925439988,43.96674463233249,16.73846628947827,24.49654617687651,37.30758901687913,37.13667969138687,15.77498613829136,33.36477588646753,20.01780339112003,38.91715674155218,21.75673484554537,30.50127693336043,21.41607316975528,11.67219179458185,21.33487355013311,24.9520573199364,39.55765770077058,98.11
Lepomis gibbosus,lepomis_gibbosus,POP12,Lepgib_12_13,99.12813550568065,36.71158116146624,52.63441142839785,34.01568330658032,26.84617072383635,17.54235342659433,6.468426137955225,29.11028297221594,18.36743346303046,5.774351479423394,7.635063518930028,15.77817029694751,7.685982384614784,27.00702627417168,38.31650569884105,18.68820236686116,56.8340609487162,61.54218131077243,46.14676946048564,17.61366028068736,27.52753399904019,40.61830059394337,41.27059677924841,18.22016600886956,36.84448309919454,16.99377051334538,40.37553322172576,22.30416648600749,34.59006782554334,20.82591109830435,12.46367832136395,20.25960004480435,21.04272355649323,42.40107738886864,120.17
Lepomis gibbosus,lepomis_gibbosus,POP12,Lepgib_12_14,96.19168608376495,34.23042275218976,53.08844339208481,33.7092713585189,26.99966764507473,15.99711307255376,7.010502615044881,27.51521117723328,18.24924000417929,6.11282628572787,7.119579174976591,13.96118965722379,5.851415373117201,23.7643399780128,34.51189686941305,17.9612263809402,52.76622448664737,57.95571780371221,41.64845517828653,15.59218374452891,25.48494804844754,35.56741887644691,36.02667749330399,16.23231821705689,32.73781253356138,18.93529411562429,38.62340169360917,20.53602941623675,30.74012523622287,21.17040917394688,11.43930911115345,20.33674577998524,22.37125830872134,40.8974933561145,104.33
Lepomis gibbosus,lepomis_gibbosus,POP12,Lepgib_12_15,95.73245742381377,33.09794582613877,50.65257739137652,33.68674008471667,27.87356912014035,17.40944319866151,6.215774265441438,26.25432356978707,16.8883104431626,5.880183070943364,6.677996185773688,14.30678460436628,6.627671928205117,23.73269011970644,32.40348458348745,15.25598559366754,55.44388383424509,57.74565185545732,38.33350326114164,15.07165790204125,21.82223574878438,33.02619961619846,33.67066892963989,17.26305703486057,31.49965391266351,18.67424899295581,37.50373658761101,19.54409858448706,32.36769399316851,19.78183509488659,10.76989501853417,20.47517827130108,19.82528109899792,38.17090415075457,132.15
Lepomis gibbosus,lepomis_gibbosus,POP12,Lepgib_12_16,95.59742771781771,34.09538821904655,52.76921607284988,33.26820342645249,24.01201005390184,14.67819421049471,5.80793562988688,26.55688621534284,18.98989399955532,5.703379128119971,6.020813018167731,15.0785848353267,6.715062398501155,22.91364993293071,34.83395889720867,15.20677378923036,54.28348606470465,58.03799226186148,42.89977512773446,15.07582537688641,24.30407474924884,36.80092393667922,36.89205806568206,15.54541268474048,32.90604974074886,19.57846799485482,40.00487317589436,20.43337175722516,31.88004718004934,19.51211959424489,11.61290029479544,19.79461844600937,22.22689275236329,37.44102563697554,109.53
Lepomis gibbosus,lepomis_gibbosus,POP12,Lepgib_12_17,95.93222421503954,36.17767746473226,52.70650135281526,34.08613655693627,26.47598628834182,14.57068036748885,5.997739842848238,28.14577002183941,19.27463811805615,8.045703139831492,6.352635290800136,15.28181089470662,6.088660227186949,23.14228443039912,35.21522706511207,15.05853444061799,53.78165939464979,57.2589565131052,43.39842686586773,17.35436378706158,24.68069904135471,38.18119842446645,38.17534861748509,15.42941573784968,33.47874147623349,19.25581579729193,39.26765450833136,21.74659458367421,31.22603211676966,20.27790915664239,11.34996217351238,20.52406794533359,23.34788749013855,39.70406169208866,115.82
Lepomis gibbosus,lepomis_gibbosus,POP12,Lepgib_12_18,96.10348320405639,33.35719201035763,51.36089221052495,31.94705118175693,26.52014162072041,16.14446108255013,6.882239637066393,26.3186572083754,19.90882335873984,5.828400254726649,6.943270504861117,13.51744597416485,6.850649247621585,24.31541030250948,33.73858460386251,19.10421049106596,57.54840642715093,60.4938292584821,42.13745688541237,14.76553736479518,24.14021266291863,35.84529907472446,36.46604390157952,16.88810687127577,33.87027926091207,16.63501291926461,39.68282611797552,22.60807645712085,32.51148779242332,20.50087030603249,12.57811982895337,19.28767471947118,25.3830927133879,40.85751446163013,88.61
Lepomis gibbosus,lepomis_gibbosus,POP12,Lepgib_12_19,93.74213038935424,32.93260391257321,52.43939279233495,33.45901758706093,27.04012961527424,17.54871391476379,6.601153180581155,27.79899707802194,20.52251610526278,5.512263813977922,7.59295484434884,14.41070439317693,7.529797273548337,23.94655705166584,33.8754967643225,15.77435302824411,51.09838997052893,55.08793381846586,42.03624623050617,14.12191067912141,23.99497998013163,35.81653225119483,35.77766725293279,16.92532127225223,32.21973427422495,17.36001411518886,38.43353095272673,21.76779784536024,30.13704814466052,21.50521919094172,11.05991161144854,19.39698657380495,23.97634205042408,37.39986979854277,97.06
Lepomis gibbosus,lepomis_gibbosus,POP12,Lepgib_12_20,96.1907013889295,34.9280636463684,52.91917200996783,33.30344706530667,25.34873704024864,17.75122720094055,6.620389847822699,27.27080369734723,16.58397030265894,5.83599488362004,7.569015394069879,13.80131946065475,7.46696847422712,25.55596280762426,35.82373123512313,16.30396651235948,53.32984664528139,57.02800832170562,43.05979848524088,17.43045261095925,24.93911681826536,38.46882785394706,38.60910424989105,16.67541009669851,34.32477157167483,16.98537494489595,39.83009923010675,23.87651658637265,32.39574715106359,20.78223424834592,11.21711271927169,18.20628090325965,22.84820779277835,39.71926556545497,87.25
Lepomis gibbosus,lepomis_gibbosus,POP13,Lepgib_13_01,96.6130623367039,33.65503577474286,52.75492046280898,33.39694558952093,27.42056553870678,15.54451734158454,6.339207807801555,29.14463005773436,19.60642283017591,6.744091211703418,6.907957859031058,15.78508353208765,6.729544781275528,24.02958089110916,34.41983014050906,18.15707880442345,54.84727286514298,58.31204789206465,43.85425811007232,15.10146533815766,25.49081015127573,36.89605420365461,37.92592780194876,16.44300055560378,33.65932895376991,18.55339143963194,39.29219724446463,22.26207820154304,31.74372028471365,19.95550053017094,13.08077224430754,18.88002316978785,26.26112479140991,39.92485534989785,87.95
Lepomis gibbosus,lepomis_gibbosus,POP13,Lepgib_13_02,95.76764136460999,35.30486510837569,51.5434333205636,34.33175646901102,27.67878066910832,16.32400593551612,8.145987743564794,28.49798793266892,21.02258362138811,6.941307906421158,6.724326194045632,14.59969050813951,6.243544450236236,25.23041217863312,35.33856172735187,18.56946231473398,54.47541392523796,58.78672096851041,43.99296391661308,15.85062617878056,25.03147113746915,37.35515759264023,38.28172092301593,15.97397605749093,34.51204664436666,20.14906129792491,39.78621773075056,22.11512355014871,32.94391795323646,21.26046998992615,11.50462393606784,21.77581239193599,23.57999778991281,42.20969003642047,98.68
Lepomis gibbosus,lepomis_gibbosus,POP13,Lepgib_13_03,99.30949182823191,35.66953802686078,54.75586412089256,34.41908283589122,28.19650619309379,16.57448753218128,6.710253043279619,28.84657825979864,19.79213927644379,6.831905697058625,5.957959503729113,15.79591043470762,6.134543967688865,27.68493461349092,35.73984777961533,18.62631167472196,58.99371466456623,63.0419495957871,46.97802512710184,15.73731981046654,25.13205973019169,38.60745471202071,39.74388254073081,17.53710966123487,35.85274451128299,19.41988066058378,39.90313682131433,23.78158083823495,32.62974922989505,21.45611261772792,12.56106292373273,21.56512330784262,25.63921710502826,46.20268835605255,94.8
Lepomis gibbosus,lepomis_gibbosus,POP13,Lepgib_13_04,90.00968439744732,35.21939619030996,53.9695623273221,36.11132155254624,26.64046627493573,15.83310300956504,7.372677525451699,28.87942613284599,17.34181972314256,5.009014281937202,8.048271026227477,15.41644599391842,7.35367067202488,24.38421203125208,37.65489208409369,17.84858644576756,55.09208571472401,61.58070289249149,48.14342225888099,18.67815353491545,27.86241588413555,41.61779675889595,41.6345907980858,17.22974417789884,37.50700485425845,19.50672945441969,41.65076485077341,22.54740485327494,33.2969680069688,22.87168597993412,13.26634180841965,18.42106524608216,24.40127613003194,46.85709978630567,55.76
Lepomis gibbosus,lepomis_gibbosus,POP13,Lepgib_13_05,97.20283779789443,34.2053855390934,52.64903583001033,33.81913682831546,27.00717875115426,17.43865876901041,6.087935330369288,28.83957799839628,17.44339379310761,6.45154178047564,6.642082703117166,15.71152228376526,6.878513356009448,25.27643845797064,35.97968752460724,17.431902564663,58.32114165743641,61.38142168913215,45.49053637263611,15.74407417932627,24.52820430446764,37.4546448520608,37.87915659273921,16.67871491158976,33.96860744495334,17.88281153133138,39.6797568392662,20.71418728255982,31.95794255426274,19.79576251751151,11.92042984055453,18.822146121871,23.93989006689408,41.81602087074096,61.82
Lepomis gibbosus,lepomis_gibbosus,POP13,Lepgib_13_06,95.22758249645707,32.75539394810993,52.49369197138464,34.03836542721285,27.63632948802509,12.05679514341118,5.781949460451868,28.30217945667063,17.10290259986278,7.424523448895864,6.021277431339628,15.59482560041556,6.110668866998963,24.02224944411529,35.33623796564944,15.25804938398657,56.99529971931218,60.3363667542283,45.46561240496797,16.68945138305049,24.6111802263895,37.85245764273234,39.14016280033584,17.40605069313657,34.70904623451041,22.44505401531901,37.27065569606889,20.94494422611409,31.62388304757432,21.65210693710398,12.0321956734956,19.40377972337082,22.86924869492903,41.40283252973077,58.07
Lepomis gibbosus,lepomis_gibbosus,POP13,Lepgib_13_07,95.26627319660479,35.73750011701071,52.61775466707353,33.60880119159199,25.01316674579988,16.47681655396253,7.66766986538248,26.83458498649808,20.81709616717446,6.754224694014088,6.636896942609775,14.57543477351636,6.513571555623362,23.77967199243353,37.17821781716612,19.26665723693347,53.68847764669637,57.8329947718552,44.0047679982961,17.42348407488532,27.16641392015483,39.18246599479474,40.09298314615125,17.5324108536253,34.93983655638605,18.38115200118281,43.16406752081089,23.56021069230339,34.71604607050172,18.90363573351527,12.12284124197793,17.22036846184629,23.80278636716499,38.45453525615269,53.67
Lepomis gibbosus,lepomis_gibbosus,POP13,Lepgib_13_08,96.20725549409272,35.68015777182984,51.49222043542693,33.85188605846021,27.42424005062274,16.034982795942,6.328286281604257,28.48655807043045,19.38842138462253,6.319779081260894,7.343202231770888,15.48031527126216,6.265641855781205,22.35666950570126,36.32836668384742,17.01890620096517,54.75668084135042,58.80578214284802,42.93169281569011,17.47710785276064,23.76722200045591,37.48349434484078,37.88028403248499,15.8154439824951,34.79492644088901,19.96076023519826,37.26303380407455,20.42989496822434,31.61534794712463,20.75368865962734,12.32343616365875,21.15361692138359,22.36713650924701,40.46493886861646,54.48
Lepomis gibbosus,lepomis_gibbosus,POP13,Lepgib_13_09,97.58393078597764,34.59740635875109,55.50952908398608,34.84466596979697,27.70258691902902,16.74089908337381,7.485551656711391,29.52322555389734,19.30473938750297,5.723559682065792,7.156265125348965,16.81464259599185,6.872734734761104,28.69248161444017,38.19003647802322,18.2653017624581,56.58693496759453,61.11693502950465,49.07117737789421,16.69955622301351,27.33578642891985,40.94479881753854,40.84032926821165,19.39307176495246,20.40118744884696,36.10934607760483,42.23987828385732,22.4478302204569,33.67031432233605,20.81059680368375,13.57477778950882,20.16475549524287,24.82809198424354,43.60370914129312,51.32
Lepomis gibbosus,lepomis_gibbosus,POP13,Lepgib_13_10,99.3988967251825,35.95108553657143,54.28865982970132,34.6980729433147,27.14199396450717,16.56777552070993,5.612051759830905,28.92566102624612,19.95891462104713,6.980153234623945,6.919893415150948,15.21347439233765,6.446688587848208,26.25419722716093,38.20914956661722,16.53029012508966,58.51282840021636,62.61227621252883,48.05031761532099,18.43666398940019,27.8698434901244,41.15722736675919,41.28939503207636,17.67589910976844,36.21139814490181,19.89160252894441,41.07715073414409,19.20697979774478,31.84471837504936,21.72000646306482,13.705024148224,21.44185163443864,27.32209100693474,44.92443344963176,49.69
Lepomis gibbosus,lepomis_gibbosus,POP13,Lepgib_13_11,98.4445599834934,35.7322156758959,51.92525385783461,33.37857510316879,26.67815745015647,15.44972356772934,5.685571944357382,27.64244632174909,20.02300807352393,6.424565085660669,7.638991148858898,13.7864966025946,7.418104335963965,24.39897927358974,36.09057082145673,18.26377899628858,55.45598467018387,57.5197468672067,42.61500957355601,17.69269894611409,24.15223218745006,37.59169387293428,37.98537452306681,17.68834283628397,34.88160043649699,17.1446201382082,40.18655868703031,21.39434250535147,32.0837835481226,20.75538415660693,11.9498446120922,21.66734418091336,25.43543179268879,39.21711577642778,51.09
Lepomis gibbosus,lepomis_gibbosus,POP13,Lepgib_13_12,100.3531955522718,34.93976042648007,55.79339879576008,35.62750154359369,27.39402334739274,16.71143582502298,9.040188432892334,27.86976875639847,18.91077882675068,5.946736218106952,6.718983672442675,15.42704726948027,7.461301587451367,25.06932548909095,36.62842100699271,17.23271012766677,55.75103480458925,61.06965933982528,46.46873104532054,15.89169154060914,26.02170802331185,39.81668308839605,41.12946403253115,17.06927043010874,37.17440065213054,19.44301236261225,39.29649196464577,21.48342222452358,32.4858557247608,21.52012796897917,12.87646863439779,20.40855172251071,26.91750495921501,41.99498778344875,47.36
Lepomis gibbosus,lepomis_gibbosus,POP13,Lepgib_13_13,97.08046984359041,34.11059462387048,53.44897311086158,33.74737965663669,26.24498632392996,15.18767206514019,6.824802923559526,27.81240058422305,20.13435562976201,6.591772963133313,7.038742577118277,14.17468207173692,7.084596796238523,24.81623526805727,35.27276702493091,17.0426041678849,55.64644787403336,58.67093837507384,45.7367497544401,16.63861456313304,24.51071088821149,37.31935654586431,38.53577831391482,17.12626504752118,34.90160784150458,18.44793743013425,40.76625032476866,22.71763084583257,33.5114135735431,20.84567284301529,12.7571376030531,18.01112367944661,24.50188967835217,40.96333831718717,49.17
Lepomis gibbosus,lepomis_gibbosus,POP13,Lepgib_13_14,100.6160765917604,36.73850548678122,54.90933766726184,35.73178330898997,28.45507881419439,17.02487618429713,8.62280592522974,30.28653302307998,17.67150900486899,6.564400660392061,7.833023394128742,14.90176622235394,7.155615240004324,24.60917543596347,38.33615944972598,18.5296135498575,54.86695498338596,59.68439629319021,45.72003026739459,18.71192939648046,27.44549535525448,39.93961031863387,40.85893071150741,20.21679125517049,35.9456406561027,18.68166779582009,39.8997506181443,23.11852727346305,32.5331367074208,24.96682169643966,12.9708688668297,21.99193168244582,25.38460724269088,40.45835653994143,46.63
Lepomis gibbosus,lepomis_gibbosus,POP13,Lepgib_13_15,96.88131115451722,33.5342581308507,54.06991418123189,33.37915477265445,27.26574089092046,15.36697706467588,6.962738249787111,28.10883800442076,19.71295453219765,5.639424880472127,7.557864529220851,14.82727485868847,7.425786028970424,23.97837154437305,34.65860574847832,16.04853865663721,54.96506575921373,58.80780815408996,45.26124449717147,16.17451041690082,24.34999008262849,37.5474471152743,38.21996514832711,18.33883600722667,34.78002510151955,19.30219600095894,37.6953538962252,20.8297007165383,30.80215435547322,22.0969366626353,12.31797586498359,21.51096351082991,25.92511816547658,40.25079091558538,51.53
Lepomis gibbosus,lepomis_gibbosus,POP13,Lepgib_13_16,97.37124234665852,35.79537679503046,53.07884312096733,35.16826310987584,27.21580013462383,15.14492399986365,6.707616368814489,28.31980264236265,19.66073578565555,7.068525773315705,7.017034264094891,14.36917747619309,6.853491916479628,24.99724590711095,36.4572227221699,17.78299161483066,53.67629428629566,57.75078090626998,43.21658184106584,17.38153552570047,24.76174565509545,37.91005612051092,38.99120487160883,16.256039471956,35.89356851906392,22.65506370744998,40.73774765324513,19.86132788514362,32.38551613318782,21.1680041281489,12.69754532984796,20.69182067300783,23.0063515376169,38.5237808229552,53.56
Lepomis gibbosus,lepomis_gibbosus,POP13,Lepgib_13_17,100.8838579874808,36.00978776191018,52.62851665778221,33.53517132395885,27.2080071993904,16.38819251914167,6.017971680724525,28.58913558265814,18.25186351034041,5.911297537916499,6.97390060115213,15.13371091346667,7.109954823851199,24.29809259686909,37.90220497567933,18.17791369543547,57.51082394623339,62.39297123134508,46.52334574780097,18.13769467623157,27.49514194433039,41.28716240354862,41.53987326132894,17.8082435752323,35.32510961572987,18.59158870701692,43.5397620716675,22.75056657793406,34.88224601057614,22.58195002063232,13.58389209582412,21.3709046631837,27.82377271777268,43.52001725681723,45.19
Lepomis gibbosus,lepomis_gibbosus,POP13,Lepgib_13_18,97.80446674725488,35.38942002685094,53.43722275670857,33.89750086235742,27.25770167653046,15.07837967526219,6.696964052439403,28.72930366358132,19.32119918846001,6.885374305999388,6.209975153674442,15.26194462977587,6.091872212438586,23.27536947756933,35.05969751225938,18.18156750012581,53.88611529035994,57.55106020910126,42.45355061220069,16.82906662174611,24.02624445072861,36.16263546381249,37.22239810719306,16.22120872584518,33.41469006509569,20.89372960587868,39.83315975127098,18.72571336310792,32.65072339718066,20.26804707060887,11.31584408676403,20.40948879557661,23.47763926724606,40.40969642495745,45.04
Lepomis gibbosus,lepomis_gibbosus,POP13,Lepgib_13_19,92.87310740702458,32.7843248501874,51.48877398180726,32.71247474609896,26.4164293098941,17.31654682933219,7.274657149596412,28.00046596573945,18.8973049359111,6.200770809512155,6.751345126777633,15.09683078078541,6.575895943420346,23.88452949324497,33.2647175974285,16.94043686090408,56.01639181987085,59.36936293349457,41.66582174348589,14.48988534714186,22.57783557320173,35.09700982546603,35.31642009071801,15.47213835977466,32.16573044885582,14.5011120485255,41.11316962671243,18.92905918936036,32.7381062875101,18.37065109693963,12.32200995564501,18.87569946525946,21.6400091610933,38.59590587208668,46.66
Lepomis gibbosus,lepomis_gibbosus,POP13,Lepgib_13_20,96.3975585249392,32.66724166741244,52.99296170551814,35.06695651844336,26.3399302837315,17.66900333778227,7.683264649423666,27.60660147187203,18.54047652604968,6.375217176690042,6.271472136964477,14.77393636248489,6.397789350534948,24.60194125419816,35.09064683074394,17.0444730008602,56.38231796538778,60.33299398807072,43.55412991495709,13.09877219495944,24.20620210442819,36.84488129998081,37.13023854555949,16.31081047455588,34.15686075998543,18.76883302818245,39.04635385155458,20.16546424759178,32.36679387536643,18.6426073745627,11.27473391848816,18.53423300529645,21.85586829613179,38.9462858120355,45.96
Lepomis gibbosus,lepomis_gibbosus,POP14,Lepgib_14_01,94.52894991374464,33.02402524105506,53.07574018760679,33.36579691027232,24.79117146023779,16.06648736944008,6.925761408835108,27.52195144726268,15.79463686160855,5.503265739953424,6.334718883122847,14.90370273383044,6.136731494059347,23.94889638529495,34.93665835250573,16.87704903907659,57.16708289220551,61.75145023361402,44.81784714794784,17.46204615772508,24.81605116505081,37.14070887927153,38.23767559788274,16.54886724717071,34.02427953248417,18.0325509606494,39.75705481110187,20.06647537692738,33.8528340120891,19.27295460129441,11.97266736435649,16.90612672245503,22.19343692440453,40.9783847153504,105.34
Lepomis gibbosus,lepomis_gibbosus,POP14,Lepgib_14_02,95.92022842480017,34.0877994793783,53.5635012040489,33.36304465556084,26.91091836214803,16.14414857433783,7.123782491575436,26.19163224765927,17.78055233745504,6.851961147762326,6.188992765753821,14.17219715365415,6.555251455534554,23.74515691535523,34.66859907317757,18.36327635989223,58.08752874825844,60.86634063157764,43.00390712193429,16.55981562704655,24.21312895919057,36.58273238949249,36.97274179969538,16.77079085206154,32.75614295678105,18.12566984582013,40.25739162930793,19.96651154828843,34.70226113739888,16.85726876821527,11.7391569615834,17.2752953852447,21.76330404857774,38.79568179940514,88.3
Lepomis gibbosus,lepomis_gibbosus,POP14,Lepgib_14_03,97.32861554771154,35.29683205133207,54.41692460101754,33.60901993174129,26.04590669269511,16.45037466490489,6.796427223640163,28.11997877032113,18.73204603866586,6.00422282294166,6.253359423460957,16.37602739442196,6.686383119077033,24.37028253722588,37.36902403576956,16.12542225939561,56.1348257433243,60.13612631493917,46.58528995063757,16.64132752844587,25.92555974927684,39.89181330894386,40.11660167505062,17.2169908055582,34.76985383526696,18.15201042191809,42.14653860330019,22.01071766049001,33.31919909840796,18.72830100602278,12.86165672510077,18.34358248400373,24.49487064159923,39.78209363392259,103.02
Lepomis gibbosus,lepomis_gibbosus,POP14,Lepgib_14_04,97.71979108549782,34.64704293828614,52.21845297721154,32.85248732437351,26.31468193006227,15.17262396983472,6.659174761677748,27.92647163142972,18.52674860042134,6.217566462684826,7.021092320260116,14.6243694457453,7.172047136821135,26.52555714539514,37.29947453258605,17.84192654709545,55.87555120348828,59.12572896113888,43.49522310845649,16.91520529464521,25.40317341342545,38.06507131047203,38.86126324497704,17.53995510288247,34.9841216833394,17.3469141392613,39.08636861458675,19.40422543772657,32.25831588147874,23.18144352945684,11.56801132932383,22.08392098568022,26.55358497780906,41.26260101842527,100.24
Lepomis gibbosus,lepomis_gibbosus,POP14,Lepgib_14_05,94.89883371006607,34.98621112983484,52.3816122020438,33.18505576535507,23.73597617393862,15.47966058236514,6.5049373278039,26.80539877260987,19.35025329719578,6.178375163244135,5.955513836369881,15.07779039948817,6.414343917093059,24.32917907431611,36.78701699976276,17.46511378001592,55.97658200197642,61.03314533743367,44.73144799562752,16.57006696026268,25.19567302532538,38.79029655496303,38.93353327482974,16.86339224139805,35.77754033426142,19.06182737776622,41.74450353712989,18.63553225627342,35.60125347873613,18.97196279799107,11.51334853981355,18.32687399672159,24.38258743605581,40.567392340387,104.91
Lepomis gibbosus,lepomis_gibbosus,POP14,Lepgib_14_06,96.70139099225757,36.69387839247023,53.5417560435122,33.67339360813687,27.43686843007666,17.14111598949668,7.108033986414601,27.9676794322385,21.6715285854575,8.802737933630217,6.164609228870353,13.53224895833007,5.69762512317223,25.99664200958577,35.83368863060596,17.22956022233518,54.51845000087588,59.14892783534995,43.15111140449849,14.41079513975802,24.29638150360374,36.28994351860046,36.34809116393516,17.1917916951123,33.00953615205682,17.95290238172731,39.6035169696838,20.91696769868774,32.74646296733624,19.21196040368368,11.74096488750017,17.56714552738743,23.55828909758348,37.09909287994489,106.68
Lepomis gibbosus,lepomis_gibbosus,POP14,Lepgib_14_07,95.79546117897685,35.83019206864402,53.95736867699232,34.57679766015721,26.76384650931298,16.86532871932169,7.365250954305814,27.49586496666742,19.10873596939089,4.866711362607791,6.260589479153618,16.15725269296218,6.411347866812291,27.30143563007188,39.45022502820561,18.04484654897774,58.25554517142161,62.71486287900332,46.11259217358489,16.90992112847515,27.88638473273069,40.94746854659525,41.82431432049727,18.00576925962983,36.3863826393349,19.07699984970831,39.10328105649489,19.58166491383471,31.40652346307007,21.14788186935644,12.84682118346737,20.16070464999014,25.10439905919567,41.5294887276272,136.44
Lepomis gibbosus,lepomis_gibbosus,POP14,Lepgib_14_08,95.0016704848369,33.8372249616634,50.11249612953758,33.09291298273696,25.77866914919835,15.93366750413124,6.602843837562073,27.58232816448099,23.29266327895835,6.305587565902811,6.611032873310261,14.23953839394782,6.403943932336754,26.30865117483204,35.61319240331997,18.52693996221833,57.81808149230979,60.9071688058638,44.86791377601022,13.63466723933734,25.72519865768431,38.92190860814473,39.13814621878134,17.44562323712573,35.75809584701157,18.10943081047707,45.16370698297889,21.85212423322255,36.4640783437419,18.18997720111551,12.89655670860075,17.58207896583703,22.31938463049971,43.21843565357164,105.96
Lepomis gibbosus,lepomis_gibbosus,POP14,Lepgib_14_09,95.01839476742488,33.73585127663164,50.53905272776549,31.92749640468037,25.79758390421645,14.9796508083951,7.169069190246487,27.04221566278284,17.48848670657245,5.697560653492015,7.171019033125666,14.89840065546597,6.945646880657865,24.86395789372145,36.50512302816367,18.0611828833681,57.26443898938484,61.98540070064065,44.91869526272247,16.1980056421359,26.69178745240296,38.82066204344488,39.27971637002901,17.97764161207237,34.03042673563485,16.08140203112145,45.55511465592116,22.12270057963114,36.90599410763345,19.02922826523866,12.49365196110655,17.95883837711582,25.08932122219756,39.1555420120405,106.92
Lepomis gibbosus,lepomis_gibbosus,POP14,Lepgib_14_10,96.82147042130292,35.63877139142198,53.71791357693083,34.38723691440333,26.58620963359236,17.59063441411934,7.015641683084162,28.25770654672646,22.7009907101762,6.136768888622687,6.786525496623932,15.54120992650632,6.96330775657363,27.22001811436354,37.13632614911392,19.0485654310593,59.39706727699284,61.9092156376599,46.63196168324972,15.74188213031483,25.80452069311488,39.07576527252576,39.85624406167152,16.89290242541236,35.43470760581782,18.99982238500207,39.43939919637436,19.22347822787427,30.90499918162292,19.82440163372752,11.94251907625084,20.01729756507532,23.70257884720527,41.94980936195831,110
Lepomis gibbosus,lepomis_gibbosus,POP14,Lepgib_14_11,96.91504886741892,37.13282207133992,53.93258041086648,34.24797180093018,25.79205798069462,16.33065521585677,5.935790588690233,27.89198396543474,19.38771672367423,6.115975135678062,6.584342461081465,15.38819049245159,5.873745804175865,24.71251176453974,39.11905612973405,17.58453034727636,54.35824903310061,59.49202851606287,45.71132893366303,19.58250374520196,27.67902992858659,40.2602465573905,40.64967506250657,15.62114384460202,35.15534235424073,19.27010055840485,41.16350202074324,18.68610864890845,32.27140981902325,20.24460671066728,13.77394799535803,18.94566165540669,20.77148955151053,39.82196822564377,119.57
Lepomis gibbosus,lepomis_gibbosus,POP14,Lepgib_14_12,95.77172233274601,34.31014871703339,50.82275861382723,33.24460295387971,26.74987123714477,15.12336095162848,7.019196827855912,26.27636914500176,18.30839285400105,5.93441662211233,6.048095336049171,14.25440033348196,6.115996087447355,22.86305820803281,34.75786774708732,20.91697981797178,54.93531295935895,59.61649066052713,42.06319976361292,15.88358035143566,24.20845327592491,37.07909050369109,37.73940863255127,15.57691189609815,33.9029074072701,18.35578520102878,39.35911468492502,19.37478697458756,32.31857270605808,21.43529935230896,12.60542252959717,20.32649466486781,24.15066320579811,39.92884771210247,100.18
Lepomis gibbosus,lepomis_gibbosus,POP14,Lepgib_14_13,96.56983917786593,34.07102999123981,52.47107649500347,34.31173853053727,26.85491949166806,16.81858945580524,8.478474940549642,26.13534995777425,18.47898674232014,5.8549419056951,6.448985076803289,14.12624825782439,6.624317886405287,25.51889149289924,35.53041677754454,17.43863205262288,55.06745725846127,60.43703159114194,44.02297954099563,14.84188011608147,25.28801637346986,38.75104643673146,39.34652013828616,17.59985747838011,34.49826428725088,17.52721229327618,41.6883053463247,20.76816838194516,34.26367525079198,19.97879329110789,12.67237373616848,19.94429277736641,24.67424994426383,39.72991094123591,91.57
Lepomis gibbosus,lepomis_gibbosus,POP14,Lepgib_14_14,95.88603416309668,36.211329367373,51.37487916286187,33.34094852994311,26.45079371417042,17.15246928196328,6.751118991868911,29.77059881329956,21.45371522235731,6.304474858221559,6.828266426128007,16.44527840471197,6.30915872000201,28.82605576560439,39.15960754577022,18.62590954247104,56.69006754874452,62.93901362496577,46.53308885684163,17.14020638300735,27.37380558133625,41.1805121829811,41.90993537742123,16.60770608780742,37.09337379213679,17.6616745009534,43.15934265101745,21.95871657625079,35.34254194630426,19.2396649134996,14.29462308215126,18.92235099893138,23.04176213901414,43.18546361943967,106.56
Lepomis gibbosus,lepomis_gibbosus,POP14,Lepgib_14_15,95.889014974093,34.08904244180393,52.39998069610579,33.59550142758199,26.86775739142312,15.63121815873034,5.743889982990388,27.6961045992213,18.38288816390638,7.101891039129118,6.344946644897918,14.47560439894264,5.994000269970805,23.91199146663716,34.90859909651987,18.54973884348528,55.36812319828469,59.27088818308253,43.91534435178313,15.83562270696932,24.26821626688255,37.18243808321063,37.45264988011145,17.95554326072675,32.59198341069249,19.08556327565633,42.13410666604997,19.39657700718704,33.34835782081676,19.04125239419511,12.06407995925273,18.51470145381667,24.89136633562256,39.58053095642058,92.45
Lepomis gibbosus,lepomis_gibbosus,POP14,Lepgib_14_16,99.41795958468963,34.90880152032383,51.38603681564862,34.86189131938144,27.76025800689337,17.50788088825827,7.86425566654076,30.27617166263036,20.57746337578459,7.31232771337169,6.648302608034589,16.35720258328537,5.827375622938367,27.3242516039261,37.16104124439695,17.55573160002284,57.79562030308021,61.25811810991674,44.76454208787236,14.47364547656971,26.31486202844535,39.27760323629602,39.70493667513749,17.15756428938174,34.94332781832144,15.28651314604978,44.48822254053125,21.78183571156633,36.75549836214596,18.92026582931986,12.87282334780574,19.10128981455935,23.66785950325188,40.60751813021194,98.63
Lepomis gibbosus,lepomis_gibbosus,POP14,Lepgib_14_17,96.80989095533836,34.08176759266735,51.35349379226646,32.47921850485591,24.96460114774803,16.20088754696844,6.783245792552174,26.70934337015677,18.60451389678106,5.63985714779598,6.717908069364459,14.17428981029846,6.705778786767248,23.56522891500295,35.17234157637041,16.98079176569167,57.75816325092838,61.94632099125474,43.95954444538867,13.82749253384406,24.70927922662231,38.28256072562169,39.16953738221694,16.69458318024229,34.62914498589036,19.1875991828557,43.44596636011955,19.65448564459335,35.85780950763611,18.9860070005588,13.25128359513892,17.96851232762539,22.43416631071229,42.28654979561889,85.09
Lepomis gibbosus,lepomis_gibbosus,POP14,Lepgib_14_18,95.61299248572476,36.89359596495943,52.22745900462963,33.92382550371738,27.44322854077804,18.23200157952688,7.765365032832839,29.03326464354685,18.88827645492656,5.86407045387482,6.802595002385695,15.71678074618262,6.754240683868959,27.25036822701503,38.94371234053905,17.62602109427113,55.81132218341264,59.74285036137439,45.98857674901093,18.96768641532594,28.00333490581703,40.75019665403642,41.47848965266341,16.67068216101699,35.50862102566816,17.26744097176553,41.01835441794549,22.90637424312479,33.81663176627583,20.18330263796102,12.83214035229053,18.38524188254765,24.69136871422601,41.36993073328181,120.39
Lepomis gibbosus,lepomis_gibbosus,POP14,Lepgib_14_19,97.98896255225199,34.15994674407853,53.55119178093673,34.67136175098286,27.13660093848668,16.13513174186539,7.179136284124013,27.51226617719423,19.45193842016499,6.295966384616666,6.118254744536409,15.51045824811414,5.895952466602695,25.84752748578151,36.48710004641804,17.24473821824346,58.04713384528352,61.62588069261036,44.81462595914569,17.0997852838729,24.15370173177876,38.07725378352202,38.46120746742991,16.94939383255228,34.99379176986493,20.01020152488564,41.14892489865674,21.13613334250679,33.77512953753811,19.75133631176776,11.85278142273241,18.67302156106553,24.09900334567882,41.08885234619805,80.97
Lepomis gibbosus,lepomis_gibbosus,POP14,Lepgib_14_20,97.1165967917686,31.96802889753206,53.4829638883983,33.79349998867067,26.06502918303394,15.76673059790541,6.618050939923752,25.70608984803583,18.12827088938974,5.283310643967727,6.065562282946407,13.92246019365748,6.151519346748246,24.60474666951793,34.55893124435798,16.70265105290601,57.0014353321987,60.13268537150552,43.88707355246646,13.97279113637883,23.51178875325642,36.59458160771138,37.27443946799541,17.40898851499737,33.25560970298454,19.01408699603529,41.99965612101831,21.46438622239647,32.43150656004263,21.00459206753513,12.11048860301274,20.7509357941315,25.20796481631442,39.5116904655188,85.32
Lepomis gibbosus,lepomis_gibbosus,POP15,Lepgib_15_01,94.22920260235225,33.85951767108546,51.77643156969285,34.72207497316774,27.38424476995361,18.60734189270765,9.276203024448685,29.20367539005948,19.73678228232676,5.82871031661579,8.833976286133032,15.08251825659543,8.69209029602664,26.06408637342297,36.25613743902898,15.1490976605251,56.79047122938783,60.69530506093961,44.05269250243232,14.12453007621663,25.50329090682261,38.52078856380519,39.34388473758373,15.68521006784901,35.13989129007386,18.25456644111755,39.89006904567038,17.88677870078793,32.7718206737716,17.84630834790656,11.39070993000952,17.15251007642141,24.1914289343228,40.16944984272054,106.21
Lepomis gibbosus,lepomis_gibbosus,POP15,Lepgib_15_02,94.87592917179228,34.80984527611078,54.46773561180485,34.64253109513086,27.51282677255254,14.29371472267617,6.550661652387068,29.03175622939129,19.32583670334065,7.673584391308866,6.09557419057834,15.52639613033598,5.812175329366287,24.28397814092413,36.71788282752848,16.55680854729061,55.91742373778594,58.89336697467331,46.28153481810382,15.46226558926125,25.00383494612106,39.22171930146317,40.17198105896607,16.44843945133644,35.40623790927877,21.38487224465074,38.92323641722466,18.35954183672352,30.89102910527628,20.05804327310079,11.85863147583905,16.47328693489838,24.0913732671616,39.56857001395174,94.58
Lepomis gibbosus,lepomis_gibbosus,POP15,Lepgib_15_03,95.27968247771017,36.36663791892793,51.90850071518559,35.06965512685801,28.16130858527397,16.45993013609013,6.87288524896635,31.92435913792658,21.75326743333738,7.502582517145295,7.615901189951519,16.51340548603443,6.847128878783167,24.91913281138151,35.96941752317552,15.62992799098456,55.00549503019648,60.62083646341576,43.79839072597185,15.04879834564905,24.61951269378063,37.85262750195999,38.07381153506053,15.55864196089502,34.70248171628502,19.02898758526455,37.15880265519327,20.93175613397259,30.99186078466523,19.76292255912307,12.35762290715757,18.86589484948009,21.35537800299621,40.80320174673103,111.99
Lepomis gibbosus,lepomis_gibbosus,POP15,Lepgib_15_04,96.71808147642486,34.49815069565562,51.99245993699775,34.8877619876545,28.08483480288899,16.49735810144004,7.978801847007113,31.10620379600297,24.11292599235901,7.984297648954373,7.014084386043157,16.35010348827866,6.487983301870498,24.84878418296979,35.776113697283,17.24926302394817,55.84113757432495,60.33069536051972,43.57458918895351,15.67101737031413,25.73702943455717,38.981989086947,39.52171901381718,14.75305081887584,34.84494696949724,19.2163271155074,39.15785175618754,22.17394285761687,33.02100472511255,19.47819359072552,12.6467283687401,19.30849090463221,24.10241154232259,41.12001692644556,101.3
Lepomis gibbosus,lepomis_gibbosus,POP15,Lepgib_15_05,95.64914749829906,33.85110558799848,51.41877059553821,33.38224453327149,27.96400158063025,17.81563474121122,7.800107483219767,28.36683567846097,19.73283026070563,5.610570797794388,8.174143888035735,15.35869461257757,8.47027928412146,25.59396796752868,34.94943287223986,15.55374123767121,55.83082278499501,58.86406441825561,43.15304318072114,14.72987363554708,23.60811079787642,35.78230780758549,37.40322715257616,15.73400460564559,33.87370018744105,17.53501573377764,40.640834681865,20.27571138604328,33.62030787747514,19.34807374093579,11.21569540125596,19.32338383570852,22.83299302276076,39.80003133047357,114.92
Lepomis gibbosus,lepomis_gibbosus,POP15,Lepgib_15_06,94.44313447299427,33.72025359447387,50.64879558696387,33.74631464179933,27.45330492984163,15.43470989748475,6.725718180480159,29.03931992370009,20.47498596230287,7.15485352508534,7.792610721275931,14.24545317685773,8.114582762030532,23.90369580457572,33.94918799148491,17.17473074851692,54.13729004336513,58.11749874272486,42.10672674227482,14.12792603689183,22.90727884793799,36.11949351635371,37.17282729142125,15.60636602257042,33.86463184656835,18.53481756209716,38.37068756585633,19.2397525165225,31.93939174975604,18.81552756390105,11.32275088314,16.90327060812541,24.13879580603156,41.04762620710623,91.46
Lepomis gibbosus,lepomis_gibbosus,POP15,Lepgib_15_07,97.4551800081449,32.91723634964836,53.46055907634551,34.16553474579008,26.75805704089898,14.13590739074412,7.141203083342483,28.93703524210368,19.57545143496882,7.105759433146558,7.880544668053159,13.34330996511495,7.503364967823876,24.63683045095055,33.85903261383019,14.63308593707662,55.79593342573216,60.67049380043515,42.52598276417669,14.6806214329873,22.54221865486289,36.47064538917854,36.59449750206561,14.85373699253023,33.9682546007962,17.40405910592125,39.65642635094591,20.32936952105937,35.37509619592204,16.72038835798774,11.02765892763151,15.10552883107814,22.76095034606362,39.5224433864774,111.5
Lepomis gibbosus,lepomis_gibbosus,POP15,Lepgib_15_08,96.71302449911707,32.71187610719043,52.83793625235546,34.279273677307,28.11071147077909,15.93116123913936,6.664774137971241,29.50015868482018,21.17074245701244,7.122340470188937,7.919585186443667,15.39601044965126,7.195620942147233,24.41849568791499,33.66306139790974,15.89208119297371,55.69643462343572,58.71396042054678,42.94845173860624,14.06277158289074,22.64923933300235,35.52712247364293,36.41394533843219,15.92442827659308,33.91250585996583,19.73830201157712,37.23892624136153,20.44507433622433,31.51829702401232,19.7833958125314,11.65305995247508,18.00408682566749,22.59255915382687,40.65952888551563,91.91
Lepomis gibbosus,lepomis_gibbosus,POP15,Lepgib_15_09,95.91447195958214,33.81962820308818,51.98120680028262,33.8507390665002,27.15066458124897,16.81834764526044,7.370731212836188,31.58696515346488,20.46527103225593,7.147684598875981,8.119384422579058,16.63120444044584,7.702178445748372,26.32941490948917,36.21502583681607,14.57262402105997,55.53333733837037,58.55088114264792,43.67283702000638,14.69485911482753,25.70132044184276,38.22720763945024,39.36686028823097,16.46311658389662,34.57454552236832,18.25088698203207,39.76854858767453,21.15942839268165,31.5218801650206,19.69645034911172,12.53379367322058,17.15583086619025,24.64633874533178,38.67627590349245,102.1
Lepomis gibbosus,lepomis_gibbosus,POP15,Lepgib_15_10,95.93473798329012,34.46724717407085,54.86260843816538,35.46035041117912,27.30279876492165,17.04518065992418,8.968084665038024,28.869433614284,22.26859189383605,6.201538889371259,7.658580052313046,14.65106460522968,7.260938659931812,24.57984466282349,34.62678900290625,14.9009003519435,56.13503570729524,59.31538150353025,44.88005076259144,14.71450562817138,23.7295658786275,37.39736012733662,37.92734724446995,15.65100076219329,34.45498835580329,18.73184112157843,40.53237614109559,20.36825687463839,33.0410882092693,17.27603657928886,12.02385636715229,16.20420324950205,23.26025327254646,40.0958851331814,93.2
Lepomis gibbosus,lepomis_gibbosus,POP15,Lepgib_15_11,91.97519909826742,35.34873568737863,51.97193303882829,34.09518847615238,28.72866858536602,16.91148989763337,7.912222470957781,29.85676642187507,21.58379073295181,6.766927172330317,7.889562738992097,15.79318133163651,8.118469036702933,25.67487347655212,36.53708760268696,16.26974375994999,56.09178998789167,60.25440596193528,44.75083338304234,15.30881874473029,24.4555549987309,38.55574197572002,39.02766046829087,14.84553906285523,35.5212689269686,19.16859387998375,40.54878341008881,21.38308001373316,33.60825512110428,18.07299081741978,11.85522847146646,15.92527529398657,23.58661061207826,42.27518009658334,96.72
Lepomis gibbosus,lepomis_gibbosus,POP15,Lepgib_15_12,94.17922809420526,33.58161277121262,53.27837367532225,35.04286383736755,29.75684230577092,18.29450855177583,7.318639022625636,27.86392285110782,19.39749184892157,6.492565617694246,7.406290616392251,15.23456255907148,7.299405307577016,24.17151785201641,33.56853005204302,16.04102654510432,51.04171066905523,55.56802254035509,42.35654350775447,12.85520805985189,23.28320077272648,36.5215588262807,36.68285658240065,16.34317775997823,33.2288936733861,18.84758441333686,38.50668355399566,20.65413668298374,32.76652435815822,17.93528795047801,11.814900456694,16.18430249558902,22.25383722281136,38.29455903229831,97.07
Lepomis gibbosus,lepomis_gibbosus,POP15,Lepgib_15_13,97.1896760808866,35.21680362616957,53.30011329052986,33.87879479734044,27.12215451705201,15.85651301787077,7.274611210269263,29.17704553592989,19.40233006863367,5.520005785741921,8.844237117280157,14.81399081073126,7.899029236242254,23.18086908749854,35.48656143362371,16.30036361983657,55.3443405741154,59.78910725207667,43.9824075492531,16.33485861331974,24.5797837235768,37.79781107706533,38.59135627300353,15.69277523951906,34.64590833268865,17.9549855542747,39.9857263748014,19.42854320727655,33.82020210528638,18.97351733845346,12.02431692465276,17.30736258807062,23.70937636798863,39.30824349992941,96.42
Lepomis gibbosus,lepomis_gibbosus,POP15,Lepgib_15_14,96.71645438092857,35.23751816603922,53.99093983250514,34.61437088483037,27.53862225945313,16.12526192884342,5.924196721633475,28.8455340299078,22.12233148573688,5.672655500161295,7.680423165786408,16.68321405117259,6.789490025878996,26.86361853692063,37.52209081834246,16.20981773269903,55.63460679404754,59.06774781838064,45.09852941016279,15.23337069904166,25.75202713579858,40.60792511336473,40.65760431082945,16.15672582508799,36.84390327360531,20.01086479739179,41.3492303047224,21.3249774244101,33.7703845421655,20.13256986500917,13.14533260606444,18.83292247877433,25.41234006221261,40.52352022315154,106.62
Lepomis gibbosus,lepomis_gibbosus,POP15,Lepgib_15_15,98.52258672254688,35.1595828573987,54.15036183447442,35.45586099790429,28.69053261247982,17.24695007648559,8.583960943219585,29.76825571528316,22.40609371522508,7.533986915977882,7.115585002538395,15.37134455641644,6.441815580143411,25.60831557913994,36.51507993296826,17.32421083340858,55.14969099073092,59.46111848419525,45.28595173151432,14.60260592756434,23.86377911566537,38.26600747134555,38.95333305421241,15.83285992222346,35.65306298425047,19.99532936976935,42.35039492978084,21.54594706726916,34.0375874927789,19.62969779554032,12.67773333511625,17.10505240064538,25.08317587773258,44.06263439529064,86.51
Lepomis gibbosus,lepomis_gibbosus,POP15,Lepgib_15_16,94.90451634677187,32.98643727742906,51.61368373118763,33.53282416147248,26.90688813772882,15.6096449973817,6.993984874243576,28.38562123721747,19.86552699860437,6.478226078954408,7.075195371363146,14.87665088027736,6.934669493775845,23.32199502146382,34.88182212764843,16.35194851191018,52.31041554430735,56.41869631699955,42.97632345999972,12.57271673724004,23.93899258628386,36.5853226638209,37.66006975348674,16.49564362150555,34.11666244608988,19.31373930726275,39.47812662974006,21.99029817822194,33.71679697223612,21.57503199404732,11.42864835135309,19.59880175223415,25.36059061670056,41.31854888715046,90.59
Lepomis gibbosus,lepomis_gibbosus,POP15,Lepgib_15_17,97.31434891260622,34.83698511265525,53.21665633255284,34.18684529267617,27.18813057537131,16.23263898144892,6.912218436761479,30.35742685667336,21.13361311254242,6.458393155527057,8.196702798677945,15.53004313549741,6.915245905237532,24.79335460267028,36.34949134180054,17.35936983379283,55.23092919195811,60.2568745443665,44.68646320910217,15.46517669377392,25.73085654001062,39.38550493545456,39.87571242259977,15.79753132535227,34.93173265353953,18.82673803270699,37.89714047285475,21.56094227811564,31.11603939415171,22.12646147883595,12.98652991079422,20.82321381114186,25.99617927305114,41.64057744950565,92.57
Lepomis gibbosus,lepomis_gibbosus,POP15,Lepgib_15_18,95.9279663709287,35.57931901702045,52.42998939625083,33.84223780015722,27.62839504757389,15.07193916833476,6.676772988239276,30.19194097854579,20.50665198054551,6.902322911464609,8.84777930564645,16.53869647226938,8.154130731983724,24.52672459987922,37.12416166450414,17.53710182494059,57.37996976677579,61.28868067565255,46.73168248607445,13.93849491376546,24.92073763831858,40.60474653317367,40.90825473724636,17.2604291740735,36.11851210414351,19.53993212781292,41.7312219888934,23.3669362134045,32.34917585666221,21.79594120020602,12.66055415295304,21.77994132672176,24.50997164970043,40.93132132835804,92.84
Lepomis gibbosus,lepomis_gibbosus,POP15,Lepgib_15_19,92.34901097735293,34.39039312667142,53.40805007888927,33.40845955689421,27.81344574923514,15.10157392223798,6.876868458964431,26.48496128975999,19.66406161174577,5.727546720145188,7.085783863169186,14.48729199029747,7.241581559396563,25.69460891663729,35.90262150582529,16.65494528764484,55.46604304060417,59.1041404613761,45.60834255996378,14.15831838646464,25.00885202699711,37.77325128965918,38.34250998244232,14.7697872076792,33.69656687132807,18.89951778936371,40.19282345557033,17.26841102814994,32.4145403212482,17.9099622750466,12.67034772919972,18.19408881466081,21.32856617609864,40.45991713399706,118.01
Lepomis gibbosus,lepomis_gibbosus,POP15,Lepgib_15_20,95.33923445476681,34.76001075531873,52.26514051985094,34.38392236902136,26.88400363441155,15.22958035223481,6.419610839756769,29.28700511891201,18.82259940609692,6.149830424789553,8.106100896596862,15.33674723769196,6.844113138809048,25.63667085412265,35.74303740880315,16.342837647556,56.08596590560175,60.01274768630276,43.48244306231015,14.02383404410658,24.13225048897411,38.14868025679787,38.33806646587395,14.73443048900518,34.97969264113247,18.51810999429779,38.11256320614962,18.69278239733899,31.14214935952248,18.0428332593771,11.52792897627503,17.11308962972145,25.11844267610984,38.44626205950986,89.78
